accuracy,precision,recall,f1,fpr,fnr,model,split,n_train,n_test,test_attack_rate,attack,asr,family,epsilon,iters,confidence,seed
0.9186150875316176,0.9525999912384456,0.8645607617835914,0.9064476796898612,0.0360666666666666,0.1354392382164085,LR,random,441209,110303,0.4560438066054413,clean,0.0,,,,,99
0.921425527864156,0.9710594198307464,0.8531300320060434,0.9082828026286548,0.0213166666666666,0.1468699679939566,SVM,random,441209,110303,0.4560438066054413,clean,0.0,,,,,99
0.999764285649529,0.9998806896140308,0.9996024093990418,0.999741530141562,0.0001,0.0003975906009581,RF,random,441209,110303,0.4560438066054413,clean,0.0,,,,,99
0.9977063180511864,0.9979108635097492,0.9970578295529092,0.9974841641558028,0.00175,0.0029421704470906,MLP,random,441209,110303,0.4560438066054413,clean,0.0,,,,,99
0.4481927055474465,0.3463921123811185,0.2367652028706041,0.2812743546749167,0.37455,0.7632347971293959,LR,random,441209,110303,0.4560438066054413,FGSM_eps0.15,0.4714015031322811,FGSM,0.15,1.0,,99
0.45850974134883,0.364835795210096,0.2528676222094109,0.2987037384933308,0.3690833333333333,0.747132377790589,SVM,random,441209,110303,0.4560438066054413,FGSM_eps0.15,0.4658894137058829,FGSM,0.15,1.0,,99
0.496396290218761,0.193717888836992,0.0329801403494821,0.0563643467477534,0.1150833333333333,0.9670198596505178,RF,random,441209,110303,0.4560438066054413,FGSM_eps0.15,0.503431456986664,FGSM,0.15,1.0,,99
0.2666835897482389,0.0853804023642969,0.0626006401208675,0.0722371967654986,0.5622166666666667,0.9373993598791324,MLP,random,441209,110303,0.4560438066054413,FGSM_eps0.15,0.7329447068529414,FGSM,0.15,1.0,,99
0.1094349201744286,0.1045266267306962,0.1259169433234598,0.1142290351668169,0.9043833333333332,0.8740830566765402,LR,random,441209,110303,0.4560438066054413,FGSM_eps0.3,0.8102952775536477,FGSM,0.3,1.0,,99
0.1200692637552922,0.1175065445026178,0.1427747848040872,0.128914138014593,0.8989666666666667,0.8572252151959128,SVM,random,441209,110303,0.4560438066054413,FGSM_eps0.3,0.8044749462843259,FGSM,0.3,1.0,,99
0.4766960100813214,0.1734882492738315,0.0391825537244299,0.0639270887389725,0.1565,0.96081744627557,RF,random,441209,110303,0.4560438066054413,FGSM_eps0.3,0.5231589349337733,FGSM,0.3,1.0,,99
0.1048203584671314,0.0556146788990825,0.0602548555752142,0.0578418556720704,0.8578166666666667,0.9397451444247858,MLP,random,441209,110303,0.4560438066054413,FGSM_eps0.3,0.8949439271823976,FGSM,0.3,1.0,,99
0.0481763868616447,0.0294451710607833,0.0340138759119734,0.0315650625858999,0.93995,0.9659861240880264,LR,random,441209,110303,0.4560438066054413,FGSM_eps0.5,0.871907382392138,FGSM,0.5,1.0,,99
0.1012755772735102,0.0895963959723646,0.1059578951553585,0.0970926843485864,0.90265,0.8940421048446415,SVM,random,441209,110303,0.4560438066054413,FGSM_eps0.5,0.8233230283854474,FGSM,0.5,1.0,,99
0.4583918841735945,0.1480984340044742,0.0394807466751486,0.062342065198625,0.1904,0.9605192533248514,RF,random,441209,110303,0.4560438066054413,FGSM_eps0.5,0.5414811927146134,FGSM,0.5,1.0,,99
0.0383217138246466,0.0283148119957375,0.0332783333002007,0.0305965784471413,0.95745,0.9667216666997992,MLP,random,441209,110303,0.4560438066054413,FGSM_eps0.5,0.9616692202387968,FGSM,0.5,1.0,,99
0.0312049536277345,0.0262990384937518,0.0312108621752181,0.0285451950436814,0.9688,0.9687891378247818,LR,random,441209,110303,0.4560438066054413,FGSM_eps0.75,0.8888969474991614,FGSM,0.75,1.0,,99
0.1010217310499261,0.0891124081207003,0.1053217501938254,0.0965414191479281,0.9025833333333332,0.8946782498061746,SVM,random,441209,110303,0.4560438066054413,FGSM_eps0.75,0.8236403361649275,FGSM,0.75,1.0,,99
0.4743298006400551,0.1698194325021496,0.0392620718446215,0.0637785994542489,0.1609166666666666,0.9607379281553784,RF,random,441209,110303,0.4560438066054413,FGSM_eps0.75,0.5255070125019266,FGSM,0.75,1.0,,99
0.0313500086126397,0.0279512439472366,0.0332783333002007,0.0303830551849936,0.9702666666666668,0.9667216666997992,MLP,random,441209,110303,0.4560438066054413,FGSM_eps0.75,0.9685955957680208,FGSM,0.75,1.0,,99
0.5287707496622939,0.4813810275449634,0.430451464127388,0.4544939339238487,0.3888,0.569548535872612,LR,random,441209,110303,0.4560438066054413,PGD_eps0.15_it10,0.3907781293346509,PGD,0.15,10.0,,99
0.6122317616021323,0.5670220529341615,0.6333021887362583,0.5983321751216122,0.4054333333333333,0.3666978112637417,SVM,random,441209,110303,0.4560438066054413,PGD_eps0.15_it10,0.3118138219268742,PGD,0.15,10.0,,99
0.5549985041204681,0.6275659824046921,0.0595590720235373,0.1087931441436534,0.0296333333333333,0.9404409279764626,RF,random,441209,110303,0.4560438066054413,PGD_eps0.15_it10,0.4448292430849569,PGD,0.15,10.0,,99
0.1550365810540057,0.0643621666632816,0.0629982307218257,0.0636728953184649,0.7678,0.9370017692781742,MLP,random,441209,110303,0.4560438066054413,PGD_eps0.15_it10,0.8449180892632113,PGD,0.15,10.0,,99
0.5279638813087586,0.4803230412279136,0.4280062819314951,0.452658025586847,0.3882333333333333,0.5719937180685049,LR,random,441209,110303,0.4560438066054413,PGD_eps0.15_it25,0.391331151464602,PGD,0.15,25.0,,99
0.6110985195325603,0.5664739884393064,0.6273184501918375,0.5953456781971342,0.4025,0.3726815498081625,SVM,random,441209,110303,0.4560438066054413,PGD_eps0.15_it25,0.3124484374858344,PGD,0.15,25.0,,99
0.5173476696010081,0.1163398692810457,0.0088463908713198,0.0164425066509015,0.0563333333333333,0.9911536091286802,RF,random,441209,110303,0.4560438066054413,PGD_eps0.15_it25,0.4824891435409735,PGD,0.15,25.0,,99
0.1573121311297063,0.0654017038274976,0.0637934119237421,0.064587547424247,0.7642833333333333,0.936206588076258,MLP,random,441209,110303,0.4560438066054413,PGD_eps0.15_it25,0.8426425391875108,PGD,0.15,25.0,,99
0.090396453405619,0.1286060012174661,0.1721964892749935,0.1472428095464744,0.9781833333333332,0.8278035107250065,LR,random,441209,110303,0.4560438066054413,PGD_eps0.3_it10,0.8297961070868426,PGD,0.3,10.0,,99
0.3061748093886839,0.3581165880469122,0.65801244458581,0.4638095438271994,0.9888,0.34198755541419,SVM,random,441209,110303,0.4560438066054413,PGD_eps0.3_it10,0.6205996210438519,PGD,0.3,10.0,,99
0.502597390823459,0.2415004533091568,0.0423632785320955,0.0720821283000997,0.11155,0.9576367214679044,RF,random,441209,110303,0.4560438066054413,PGD_eps0.3_it10,0.4972575541916357,PGD,0.3,10.0,,99
0.0154664877655186,0.010677231977974,0.0126433811104705,0.0115774240231548,0.9821666666666666,0.9873566188895294,MLP,random,441209,110303,0.4560438066054413,PGD_eps0.3_it10,0.9845244462979248,PGD,0.3,10.0,,99
0.0988459062763478,0.1409725776965265,0.1916187901318012,0.1624395422909048,0.9789333333333332,0.8083812098681987,LR,random,441209,110303,0.4560438066054413,PGD_eps0.3_it25,0.8215279729472453,PGD,0.3,25.0,,99
0.3007715112009646,0.3546093140230683,0.650299186927221,0.4589515331355094,0.9922666666666666,0.3497008130727789,SVM,random,441209,110303,0.4560438066054413,PGD_eps0.3_it25,0.6258759961197792,PGD,0.3,25.0,,99
0.4795971097794257,0.1145618416766207,0.0209729042005447,0.0354550342788009,0.1359,0.9790270957994552,RF,random,441209,110303,0.4560438066054413,PGD_eps0.3_it25,0.520257835235669,PGD,0.3,25.0,,99
0.0153395646537265,0.01067472306143,0.0126433811104705,0.0115759489638979,0.9824,0.9873566188895294,MLP,random,441209,110303,0.4560438066054413,PGD_eps0.3_it25,0.9846513694097168,PGD,0.3,25.0,,99
0.1844555451800948,0.2492348164824324,0.3917460191241079,0.3046479450254697,0.9893333333333332,0.6082539808758921,LR,random,441209,110303,0.4560438066054413,PGD_eps0.5_it10,0.7353562459769907,PGD,0.5,10.0,,99
0.2623319402010824,0.3238043379617025,0.5674413056875336,0.4123216929688346,0.9934666666666668,0.4325586943124664,SVM,random,441209,110303,0.4560438066054413,PGD_eps0.5_it10,0.6637172153069273,PGD,0.5,10.0,,99
0.4484374858344741,0.1574326960593055,0.0481283422459893,0.0737199494526575,0.21595,0.9518716577540108,RF,random,441209,110303,0.4560438066054413,PGD_eps0.5_it10,0.5514265251171773,PGD,0.5,10.0,,99
0.0101447830068085,0.0100191395523009,0.0119674770888416,0.0109069826430409,0.9913833333333332,0.9880325229111584,MLP,random,441209,110303,0.4560438066054413,PGD_eps0.5_it10,0.9898552169931916,PGD,0.5,10.0,,99
0.1034332701739753,0.1540630206034372,0.2150965151183826,0.1795344052300595,0.9901833333333332,0.7849034848816174,LR,random,441209,110303,0.4560438066054413,PGD_eps0.5_it25,0.8165598397142417,PGD,0.5,25.0,,99
0.1748003227473414,0.2411741523753829,0.3771345645388943,0.294206135045439,0.9948333333333332,0.6228654354611057,SVM,random,441209,110303,0.4560438066054413,PGD_eps0.5_it25,0.7525271298151456,PGD,0.5,25.0,,99
0.3844501056181609,0.0874214426414032,0.0370554440093036,0.0520488656195462,0.3243,0.9629445559906964,RF,random,441209,110303,0.4560438066054413,PGD_eps0.5_it25,0.6154139053334905,PGD,0.5,25.0,,99
0.0104802226594018,0.010025313082867,0.0119674770888416,0.0109106396860925,0.9907666666666668,0.9880325229111584,MLP,random,441209,110303,0.4560438066054413,PGD_eps0.5_it25,0.9895197773405982,PGD,0.5,25.0,,99
0.1369772354333064,0.1965799256505576,0.2890881259567023,0.2340237210125686,0.99055,0.7109118740432976,LR,random,441209,110303,0.4560438066054413,PGD_eps0.75_it10,0.7828708194700054,PGD,0.75,10.0,,99
0.1713008712365031,0.2376600334426815,0.3701369699620301,0.2894610015080142,0.9954,0.62986303003797,SVM,random,441209,110303,0.4560438066054413,PGD_eps0.75_it10,0.7547573502080632,PGD,0.75,10.0,,99
0.3982937907400524,0.107221434508385,0.0435958093950659,0.0619876759568093,0.3043333333333333,0.956404190604934,RF,random,441209,110303,0.4560438066054413,PGD_eps0.75_it10,0.6015883520847121,PGD,0.75,10.0,,99
0.008594507855634,0.0089802434643783,0.0107349462258712,0.0097795083080545,0.9932,0.9892650537741288,MLP,random,441209,110303,0.4560438066054413,PGD_eps0.75_it10,0.991405492144366,PGD,0.75,10.0,,99
0.1291261343753116,0.1881891158873155,0.2744965509015367,0.2232931207348232,0.99275,0.7255034490984633,LR,random,441209,110303,0.4560438066054413,PGD_eps0.75_it25,0.7909576348784711,PGD,0.75,25.0,,99
0.1694332883058484,0.2359340841973383,0.3668767270341729,0.2871837166599234,0.9961,0.633123272965827,SVM,random,441209,110303,0.4560438066054413,PGD_eps0.75_it25,0.7588370216585224,PGD,0.75,25.0,,99
0.5069127766243892,0.1746815286624203,0.0218078444625569,0.0387748970538854,0.0863833333333333,0.9781921555374432,RF,random,441209,110303,0.4560438066054413,PGD_eps0.75_it25,0.4929421683907056,PGD,0.75,25.0,,99
0.0080868154084657,0.0087760122332291,0.0104963918652963,0.0095594159341703,0.9939333333333332,0.9895036081347036,MLP,random,441209,110303,0.4560438066054413,PGD_eps0.75_it25,0.9919131845915342,PGD,0.75,25.0,,99
0.6320408329782509,0.5839061798335002,0.6720672723296821,0.6248925610669033,0.4015166666666667,0.3279327276703179,LR,random,441209,110303,0.4560438066054413,CW_c0.0_it10,0.2870184854446388,CW,,10.0,0.0,99
0.8062790676590845,0.7651133385864287,0.8300300180903724,0.7962507389820165,0.2136333333333333,0.1699699819096276,SVM,random,441209,110303,0.4560438066054413,CW_c0.0_it10,0.115391240492099,CW,,10.0,0.0,99
0.5768020815390333,0.7752621182191156,0.1014253623044351,0.1793826031924618,0.02465,0.8985746376955649,RF,random,441209,110303,0.4560438066054413,CW_c0.0_it10,0.4230075337932785,CW,,10.0,0.0,99
0.008594507855634,0.0059071588741256,0.0070174741069121,0.0064146246172577,0.9900833333333332,0.992982525893088,MLP,random,441209,110303,0.4560438066054413,CW_c0.0_it10,0.9913782943346964,CW,,10.0,0.0,99
0.6228842370561091,0.5743517917534929,0.6684690773910105,0.6178467418166451,0.4153333333333333,0.3315309226089895,LR,random,441209,110303,0.4560438066054413,CW_c0.5_it10,0.2961569494936674,CW,,10.0,0.5,99
0.8056353861635677,0.7632423756019262,0.8318390553247321,0.7960657109971748,0.2163333333333333,0.1681609446752678,SVM,random,441209,110303,0.4560438066054413,CW_c0.5_it10,0.1161709110359645,CW,,10.0,0.5,99
0.5622784511753987,0.6357286769644056,0.0940898157167564,0.1639190967652559,0.0452,0.9059101842832435,RF,random,441209,110303,0.4560438066054413,CW_c0.5_it10,0.4375311641569132,CW,,10.0,0.5,99
0.0042519242450341,0.0032542848083309,0.0038765083593423,0.0035382493830744,0.9954333333333332,0.9961234916406576,MLP,random,441209,110303,0.4560438066054413,CW_c0.5_it10,0.9957390098184092,CW,,10.0,0.5,99
0.6719853494465245,0.8328510041217223,0.2169651832221511,0.3442501132759402,0.0286482992890532,0.7830348167778488,LR,temporal,441209,110303,0.3968341749544437,clean,0.0,,,,,99
0.6876966174990707,0.8363151060453037,0.2648496755917024,0.4022972550924801,0.034104402459004,0.7351503244082975,SVM,temporal,441209,110303,0.3968341749544437,clean,0.0,,,,,99
0.7236067921996682,0.999398541463048,0.3036872886776935,0.4658244704150824,0.0001202446979603,0.6963127113223065,RF,temporal,441209,110303,0.3968341749544437,clean,0.0,,,,,99
0.9932458772653509,0.998863768115942,0.9840994242895,0.9914266315292818,0.0007364987750071,0.0159005757104998,MLP,temporal,441209,110303,0.3968341749544437,clean,0.0,,,,,99
0.4274589086425573,0.0276843593117902,0.0129763319016723,0.0176702079671483,0.2998451849513761,0.9870236680983276,LR,temporal,441209,110303,0.3968341749544437,FGSM_eps0.15,0.2474547383117413,FGSM,0.15,1.0,,99
0.1233511327887727,0.0108323936632345,0.0133875536872886,0.0119751913271822,0.8043017540695315,0.9866124463127112,SVM,temporal,441209,110303,0.3968341749544437,FGSM_eps0.15,0.5696037279131121,FGSM,0.15,1.0,,99
0.4878199142362401,0.1972876516773733,0.0947180846203052,0.1279886396962353,0.2535509762366416,0.9052819153796948,RF,temporal,441209,110303,0.3968341749544437,FGSM_eps0.15,0.2359047351386635,FGSM,0.15,1.0,,99
0.4546657842488418,0.1807515397209012,0.1059353011057296,0.1335810791346181,0.3158978521290826,0.8940646988942703,MLP,temporal,441209,110303,0.3968341749544437,FGSM_eps0.15,0.5418256983037633,FGSM,0.15,1.0,,99
0.1570220211598959,0.0071704688845714,0.0081787444028145,0.0076414903040587,0.7450511791495694,0.9918212555971854,LR,temporal,441209,110303,0.3968341749544437,FGSM_eps0.3,0.5187982194500603,FGSM,0.3,1.0,,99
0.0301805027968414,0.0090572955505841,0.0133190167230192,0.0107823192158313,0.95872600742511,0.9866809832769808,SVM,temporal,441209,110303,0.3968341749544437,FGSM_eps0.3,0.6630372700651841,FGSM,0.3,1.0,,99
0.6397106153051141,0.8766585684918706,0.1071689664625788,0.1909899639679987,0.0099201875817288,0.8928310335374212,RF,temporal,441209,110303,0.3968341749544437,FGSM_eps0.3,0.0851835398855878,FGSM,0.3,1.0,,99
0.2473640789461755,0.0422246069145709,0.0413506351092022,0.041783051316974,0.6170957899325127,0.9586493648907978,MLP,temporal,441209,110303,0.3968341749544437,FGSM_eps0.3,0.7495716344977018,FGSM,0.3,1.0,,99
0.1480376780323291,0.0061774542592956,0.0071735355935301,0.0066383374558677,0.7592851452706257,0.99282646440647,LR,temporal,441209,110303,0.3968341749544437,FGSM_eps0.5,0.527891353816306,FGSM,0.5,1.0,,99
0.0288659419961379,0.0090521584127722,0.0133418623777757,0.010786151615614,0.9609204731628864,0.9866581376222242,SVM,temporal,441209,110303,0.3968341749544437,FGSM_eps0.5,0.6643608968024441,FGSM,0.5,1.0,,99
0.6074630789733734,0.5354790419161677,0.0817189070638764,0.1417981447712677,0.0466399122213704,0.9182810929361236,RF,temporal,441209,110303,0.3968341749544437,FGSM_eps0.5,0.1164247572595486,FGSM,0.5,1.0,,99
0.2195951152733833,0.0140136460750304,0.0139358494014438,0.0139746394657564,0.645097773970029,0.986064150598556,MLP,temporal,441209,110303,0.3968341749544437,FGSM_eps0.5,0.7780930709046898,FGSM,0.5,1.0,,99
0.1414195443460286,0.006089992242048,0.0071735355935301,0.0065875047203457,0.7702574739595076,0.99282646440647,LR,temporal,441209,110303,0.3968341749544437,FGSM_eps0.75,0.5345276193757196,FGSM,0.75,1.0,,99
0.0285486342166577,0.0090472501936483,0.0133418623777757,0.0107826664943409,0.961446543716463,0.9866581376222242,SVM,temporal,441209,110303,0.3968341749544437,FGSM_eps0.75,0.6646872705184809,FGSM,0.75,1.0,,99
0.5821237862977435,0.0635577284693493,0.0038609156538426,0.0072796192199177,0.0374261622401587,0.9961390843461574,RF,temporal,441209,110303,0.3968341749544437,FGSM_eps0.75,0.1419997642856495,FGSM,0.75,1.0,,99
0.1893783487303156,0.013888297192519,0.0148953669012153,0.0143742145990872,0.6958260059220513,0.9851046330987846,MLP,temporal,441209,110303,0.3968341749544437,FGSM_eps0.75,0.8086815408465772,FGSM,0.75,1.0,,99
0.4267336337180312,0.0489082564554262,0.0241021657680709,0.0322911405965443,0.3083675279193158,0.9758978342319292,LR,temporal,441209,110303,0.3968341749544437,PGD_eps0.15_it10,0.2488780903511237,PGD,0.15,10.0,,99
0.123387396534999,0.0112307663889761,0.0138901580919309,0.0124196958400147,0.8045723046399423,0.986109841908069,SVM,temporal,441209,110303,0.3968341749544437,PGD_eps0.15_it10,0.5692048267046227,PGD,0.15,10.0,,99
0.5248905288160793,0.1808369066982108,0.0558804715343141,0.0853781981919089,0.1665389066750838,0.9441195284656858,RF,temporal,441209,110303,0.3968341749544437,PGD_eps0.15_it10,0.1987887908760414,PGD,0.15,10.0,,99
0.253084684913375,0.0129411467924623,0.0117198208900667,0.012300240969633,0.5881168177240684,0.9882801791099332,MLP,temporal,441209,110303,0.3968341749544437,PGD_eps0.15_it10,0.7439960835154076,PGD,0.15,10.0,,99
0.4140141247291551,0.0399541365320162,0.0206981632093575,0.0272694437755839,0.3272158843246006,0.9793018367906424,LR,temporal,441209,110303,0.3968341749544437,PGD_eps0.15_it25,0.2615069399744341,PGD,0.15,25.0,,99
0.1213475608097694,0.0104999447371329,0.0130220232111852,0.0116257725019886,0.8073830244547654,0.9869779767888148,SVM,temporal,441209,110303,0.3968341749544437,PGD_eps0.15_it25,0.5715166405265496,PGD,0.15,25.0,,99
0.5011196431647371,0.1173511014413924,0.0394316001096591,0.0590287277701778,0.1951270836151568,0.9605683998903408,RF,temporal,441209,110303,0.3968341749544437,PGD_eps0.15_it25,0.2225687424639402,PGD,0.15,25.0,,99
0.2510629810612585,0.0130153475774902,0.0118568948186055,0.0124091430757459,0.5915588222031835,0.9881431051813944,MLP,temporal,441209,110303,0.3968341749544437,PGD_eps0.15_it25,0.7460087214309674,PGD,0.15,25.0,,99
0.263773424113578,0.0137171360282656,0.0120625057114136,0.0128367208013225,0.5706212141708377,0.9879374942885863,LR,temporal,441209,110303,0.3968341749544437,PGD_eps0.3_it10,0.4127448936112345,PGD,0.3,10.0,,99
0.0291016563466088,0.0081864077669902,0.0120396600566572,0.0097459938787021,0.959672934421548,0.9879603399433428,SVM,temporal,441209,110303,0.3968341749544437,PGD_eps0.3_it10,0.6635358965757958,PGD,0.3,10.0,,99
0.599902087885189,0.2799511002444987,0.0052316549392305,0.0102713612917694,0.0088530158873307,0.9947683450607694,RF,temporal,441209,110303,0.3968341749544437,PGD_eps0.3_it10,0.1248288804474946,PGD,0.3,10.0,,99
0.1800404340770423,0.0110831761994552,0.0120853513661701,0.0115625887958733,0.7094587485533059,0.9879146486338298,MLP,temporal,441209,110303,0.3968341749544437,PGD_eps0.3_it10,0.8174120377505598,PGD,0.3,10.0,,99
0.5156160757187022,0.4310480243334714,0.6895960888239057,0.530496753047039,0.5988486570170296,0.3104039111760943,LR,temporal,441209,110303,0.3968341749544437,PGD_eps0.3_it25,0.4295894037333527,PGD,0.3,25.0,,99
0.0318848988694777,0.0128486610179974,0.0189847391026226,0.0153253172027146,0.9596278426598128,0.9810152608973772,SVM,temporal,441209,110303,0.3968341749544437,PGD_eps0.3_it25,0.6607435881163704,PGD,0.3,25.0,,99
0.5967018122807176,0.1831111111111111,0.0047062048798318,0.0091765596810477,0.0138131096781951,0.995293795120168,RF,temporal,441209,110303,0.3968341749544437,PGD_eps0.3_it25,0.1280291560519659,PGD,0.3,25.0,,99
0.1791338404213847,0.011060004181476,0.0120853513661701,0.0115499661579441,0.7109618072778103,0.9879146486338298,MLP,temporal,441209,110303,0.3968341749544437,PGD_eps0.3_it25,0.8183186314062174,PGD,0.3,25.0,,99
0.1278659691939475,0.010969535287204,0.0134332449968016,0.0120770218228498,0.7968465827959899,0.9865667550031983,LR,temporal,441209,110303,0.3968341749544437,PGD_eps0.5_it10,0.548779271642657,PGD,0.5,10.0,,99
0.0278052274190185,0.0080920195944689,0.0119254317828748,0.0096416697451052,0.961747155461364,0.9880745682171252,SVM,temporal,441209,110303,0.3968341749544437,PGD_eps0.5_it10,0.6648141936302729,PGD,0.5,10.0,,99
0.5921779099389862,0.0750350631136044,0.0024444850589417,0.004734722775344,0.0198253445762125,0.9975555149410582,RF,temporal,441209,110303,0.3968341749544437,PGD_eps0.5_it10,0.1318459153422844,PGD,0.5,10.0,,99
0.1429063579413071,0.0119963088280529,0.0142556885680343,0.0130287718712156,0.772451939697284,0.9857443114319656,MLP,temporal,441209,110303,0.3968341749544437,PGD_eps0.5_it10,0.8554073778591698,PGD,0.5,10.0,,99
0.1344659710071349,0.0096553294003831,0.0116284382710408,0.0105504254370964,0.7847168988892396,0.9883715617289592,LR,temporal,441209,110303,0.3968341749544437,PGD_eps0.5_it25,0.5423152588778184,PGD,0.5,25.0,,99
0.0278868208480277,0.0082456330693284,0.0121538883304395,0.009825377916909,0.961762186048609,0.9878461116695604,SVM,temporal,441209,110303,0.3968341749544437,PGD_eps0.5_it25,0.6648232595668295,PGD,0.5,25.0,,99
0.592504283655023,0.0625,0.001919034999543,0.0037237343736146,0.018938539928755,0.998080965000457,RF,temporal,441209,110303,0.3968341749544437,PGD_eps0.5_it25,0.1312475635295504,PGD,0.5,25.0,,99
0.1324986627743579,0.0117372658189752,0.0142556885680343,0.0128744738796731,0.789707053854594,0.9857443114319656,MLP,temporal,441209,110303,0.3968341749544437,PGD_eps0.5_it25,0.8658150730261189,PGD,0.5,25.0,,99
0.0136986301369863,0.0077673136904581,0.0117198208900667,0.0093427306998852,0.9849994739294464,0.9882801791099332,LR,temporal,441209,110303,0.3968341749544437,PGD_eps0.75_it10,0.6630282041286275,PGD,0.75,10.0,,99
0.0272522052890673,0.0079624494601335,0.0117426665448231,0.0094899607662127,0.9625437765853512,0.9882573334551767,SVM,temporal,441209,110303,0.3968341749544437,PGD_eps0.75_it10,0.6652765563946583,PGD,0.75,10.0,,99
0.5938732400750659,0.1372965322009908,0.0044320570227542,0.0085869204381985,0.0183222858517082,0.9955679429772456,RF,temporal,441209,110303,0.3968341749544437,PGD_eps0.75_it10,0.1308305304479479,PGD,0.75,10.0,,99
0.0119398384450105,0.0094183492311858,0.0143013798775472,0.0113572452330412,0.9896138642136748,0.9856986201224528,MLP,temporal,441209,110303,0.3968341749544437,PGD_eps0.75_it10,0.9863920292285796,PGD,0.75,10.0,,99
0.0113414866322765,0.0077665510481073,0.0117655121995796,0.009356661397867,0.988937487787648,0.9882344878004204,LR,temporal,441209,110303,0.3968341749544437,PGD_eps0.75_it25,0.6654034795064504,PGD,0.75,25.0,,99
0.0273700624643028,0.0082535848121651,0.012176733985196,0.0098384863867097,0.9626339601088214,0.987823266014804,SVM,temporal,441209,110303,0.3968341749544437,PGD_eps0.75_it25,0.6653309520139978,PGD,0.75,25.0,,99
0.59280345956139,0.0545596258768511,0.0015991958329525,0.0031073132837642,0.0182321023282379,0.9984008041670476,RF,temporal,441209,110303,0.3968341749544437,PGD_eps0.75_it25,0.1309393216866268,PGD,0.75,25.0,,99
0.0114230800612857,0.0094102791515716,0.0143013798775472,0.0113513758556598,0.9904706076866424,0.9856986201224528,MLP,temporal,441209,110303,0.3968341749544437,PGD_eps0.75_it25,0.9869087876123044,PGD,0.75,25.0,,99
0.2691676563647407,0.060967180684987,0.0584391848670382,0.0596764222141865,0.5921901068674753,0.9415608151329616,LR,temporal,441209,110303,0.3968341749544437,CW_c0.0_it10,0.405764122462671,CW,,10.0,0.0,99
0.0859450785563402,0.0256738555679342,0.0352736909439824,0.0297177392191394,0.8807172596233335,0.9647263090560176,SVM,temporal,441209,110303,0.3968341749544437,CW_c0.0_it10,0.606338902840358,CW,,10.0,0.0,99
0.610400442417704,0.5458620689655173,0.1084940144384538,0.1810108248208568,0.0593858502051675,0.8915059855615461,RF,temporal,441209,110303,0.3968341749544437,CW_c0.0_it10,0.1132970091475299,CW,,10.0,0.0,99
0.0093560465263864,0.0118790335802542,0.0182079868409028,0.014377846930952,0.9964678119974149,0.9817920131590973,MLP,temporal,441209,110303,0.3968341749544437,CW_c0.0_it10,0.9904082391231426,CW,,10.0,0.0,99
0.2738910093107168,0.062346363329638,0.0591017088549757,0.060680693359604,0.5847950579429139,0.9408982911450242,LR,temporal,441209,110303,0.3968341749544437,CW_c0.5_it10,0.4018567038067868,CW,,10.0,0.5,99
0.0787467249304189,0.0226758866535738,0.0313899296353833,0.0263306664111531,0.8900963460642407,0.9686100703646168,SVM,temporal,441209,110303,0.3968341749544437,CW_c0.5_it10,0.6136279158318451,CW,,10.0,0.5,99
0.6000834066163205,0.4764477694652258,0.0785662067074842,0.1348891939595999,0.05680058919902,0.9214337932925156,RF,temporal,441209,110303,0.3968341749544437,CW_c0.5_it10,0.1235868471392437,CW,,10.0,0.5,99
0.0079689582332302,0.0110958863304637,0.0170200127935666,0.013433831617289,0.9979859013091642,0.9829799872064332,MLP,temporal,441209,110303,0.3968341749544437,CW_c0.5_it10,0.9918225252259684,CW,,10.0,0.5,99
