accuracy,precision,recall,f1,fpr,fnr,model,attack,asr,family,epsilon,iters,confidence
0.28278186274509803,0.1085899513776337,0.6552567237163814,0.18630517900590893,0.7705779334500875,0.34474327628361856,LR,FGSM_eps0.15,0.6415441176470589,FGSM,0.15,1,
0.2113970588235294,0.03994900127496812,0.22982885085574573,0.06806661839246922,0.7912434325744309,0.7701711491442543,SVM,FGSM_eps0.15,0.7205882352941176,FGSM,0.15,1,
0.8535539215686274,0.35064935064935066,0.1980440097799511,0.253125,0.05253940455341506,0.8019559902200489,RF,FGSM_eps0.15,0.11427696078431372,FGSM,0.15,1,
0.25796568627450983,0.0814968814968815,0.4792176039119804,0.13930348258706468,0.7737302977232925,0.5207823960880196,MLP,FGSM_eps0.15,0.7405024509803921,FGSM,0.15,1,
0.2549019607843137,0.09262988320579943,0.5623471882640587,0.1590594744121715,0.7891418563922942,0.43765281173594134,LR,FGSM_eps0.3,0.671875,FGSM,0.3,1,
0.2028186274509804,0.028792436613665665,0.16381418092909536,0.0489766081871345,0.7915936952714536,0.8361858190709046,SVM,FGSM_eps0.3,0.7294730392156863,FGSM,0.3,1,
0.7971813725490197,0.06529209621993128,0.04645476772616137,0.054285714285714284,0.09527145359019265,0.9535452322738386,RF,FGSM_eps0.3,0.17034313725490197,FGSM,0.3,1,
0.21997549019607843,0.05161561057490558,0.30073349633251834,0.08810888252148998,0.7915936952714536,0.6992665036674817,MLP,FGSM_eps0.3,0.7791053921568627,FGSM,0.3,1,
0.22518382352941177,0.056856187290969896,0.33251833740831294,0.09710817565155301,0.7901926444833626,0.6674816625916871,LR,FGSM_eps0.5,0.7015931372549019,FGSM,0.5,1,
0.2028186274509804,0.02838709677419355,0.16136919315403422,0.048280907095830286,0.7912434325744309,0.8386308068459658,SVM,FGSM_eps0.5,0.7297794117647058,FGSM,0.5,1,
0.3713235294117647,0.029226361031518624,0.12469437652811736,0.04735376044568245,0.5933450087565674,0.8753056234718827,RF,FGSM_eps0.5,0.5891544117647058,FGSM,0.5,1,
0.21200980392156862,0.041154009333899025,0.2371638141809291,0.07013738250180766,0.7915936952714536,0.7628361858190709,MLP,FGSM_eps0.5,0.7870710784313726,FGSM,0.5,1,
0.22181372549019607,0.052122740647330815,0.30317848410757947,0.08895265423242468,0.7898423817863398,0.6968215158924206,LR,FGSM_eps0.75,0.7058823529411765,FGSM,0.75,1,
0.2028186274509804,0.02838709677419355,0.16136919315403422,0.048280907095830286,0.7912434325744309,0.8386308068459658,SVM,FGSM_eps0.75,0.7297794117647058,FGSM,0.75,1,
0.20189950980392157,0.026724137931034484,0.15158924205378974,0.04543788933675339,0.7908931698774081,0.8484107579462102,RF,FGSM_eps0.75,0.7594975490196079,FGSM,0.75,1,
0.20496323529411764,0.030901287553648068,0.17603911980440098,0.05257393209200438,0.7908931698774081,0.823960880195599,MLP,FGSM_eps0.75,0.7947303921568627,FGSM,0.75,1,
0.2766544117647059,0.10834670947030497,0.6601466992665037,0.18614270941054809,0.7782837127845884,0.33985330073349634,LR,PGD_eps0.15_it10,0.6470588235294118,PGD,0.15,10,
0.20955882352941177,0.037888463175819495,0.2176039119804401,0.06453952139231327,0.7915936952714536,0.78239608801956,SVM,PGD_eps0.15_it10,0.7221200980392157,PGD,0.15,10,
0.8789828431372549,0.5291666666666667,0.3105134474327628,0.3913713405238829,0.03957968476357268,0.6894865525672371,RF,PGD_eps0.15_it10,0.08884803921568628,PGD,0.15,10,
0.23805147058823528,0.06160337552742616,0.3569682151589242,0.1050737675422814,0.7789842381786339,0.6430317848410758,MLP,PGD_eps0.15_it10,0.7604166666666666,PGD,0.15,10,
0.2766544117647059,0.10834670947030497,0.6601466992665037,0.18614270941054809,0.7782837127845884,0.33985330073349634,LR,PGD_eps0.15_it25,0.6470588235294118,PGD,0.15,25,
0.20925245098039216,0.03747870528109029,0.21515892420537897,0.06383750453391368,0.7915936952714536,0.784841075794621,SVM,PGD_eps0.15_it25,0.7224264705882353,PGD,0.15,25,
0.8802083333333334,0.5365853658536586,0.32273838630806845,0.4030534351145038,0.039929947460595444,0.6772616136919315,RF,PGD_eps0.15_it25,0.08792892156862746,PGD,0.15,25,
0.23835784313725492,0.061629379485014776,0.3569682151589242,0.10511159107271419,0.7786339754816112,0.6430317848410758,MLP,PGD_eps0.15_it25,0.7601102941176471,PGD,0.15,25,
0.2604166666666667,0.09851822186623949,0.6014669926650367,0.16930488644184447,0.7884413309982486,0.39853300733496333,LR,PGD_eps0.3_it10,0.6663602941176471,PGD,0.3,10,
0.203125,0.029209621993127148,0.16625916870415647,0.049689440993788817,0.7915936952714536,0.8337408312958435,SVM,PGD_eps0.3_it10,0.7291666666666666,PGD,0.3,10,
0.8207720588235294,0.148,0.09046454767726161,0.11229135053110774,0.07460595446584939,0.9095354523227384,RF,PGD_eps0.3_it10,0.1479779411764706,PGD,0.3,10,
0.20894607843137256,0.03706859821048147,0.21271393643031786,0.06313497822931785,0.7915936952714536,0.7872860635696821,MLP,PGD_eps0.3_it10,0.7901348039215687,PGD,0.3,10,
0.2607230392156863,0.0992,0.6063569682151589,0.1705053282915091,0.7887915936952714,0.39364303178484106,LR,PGD_eps0.3_it25,0.6660539215686274,PGD,0.3,25,
0.2028186274509804,0.028792436613665665,0.16381418092909536,0.0489766081871345,0.7915936952714536,0.8361858190709046,SVM,PGD_eps0.3_it25,0.7294730392156863,PGD,0.3,25,
0.8174019607843137,0.12749003984063745,0.07823960880195599,0.09696969696969697,0.076707530647986,0.921760391198044,RF,PGD_eps0.3_it25,0.15073529411764705,PGD,0.3,25,
0.20863970588235295,0.03665814151747655,0.21026894865525672,0.06243194192377496,0.7915936952714536,0.7897310513447433,MLP,PGD_eps0.3_it25,0.7904411764705882,PGD,0.3,25,
0.22150735294117646,0.052100840336134456,0.30317848410757947,0.08892076012907853,0.7901926444833626,0.6968215158924206,LR,PGD_eps0.5_it10,0.7052696078431373,PGD,0.5,10,
0.2028186274509804,0.02838709677419355,0.16136919315403422,0.048280907095830286,0.7912434325744309,0.8386308068459658,SVM,PGD_eps0.5_it10,0.7297794117647058,PGD,0.5,10,
0.7236519607843137,0.04604051565377532,0.061124694376528114,0.052521008403361345,0.18143607705779335,0.9388753056234719,RF,PGD_eps0.5_it10,0.2426470588235294,PGD,0.5,10,
0.20557598039215685,0.032133676092544985,0.18337408312958436,0.054684651841049946,0.7912434325744309,0.8166259168704156,MLP,PGD_eps0.5_it10,0.7938112745098039,PGD,0.5,10,
0.22303921568627452,0.05446166736489317,0.31784841075794623,0.09298998569384835,0.7905429071803853,0.6821515892420538,LR,PGD_eps0.5_it25,0.7037377450980392,PGD,0.5,25,
0.2028186274509804,0.02838709677419355,0.16136919315403422,0.048280907095830286,0.7912434325744309,0.8386308068459658,SVM,PGD_eps0.5_it25,0.7297794117647058,PGD,0.5,25,
0.7212009803921569,0.04864864864864865,0.06601466992665037,0.056016597510373446,0.184938704028021,0.9339853300733496,RF,PGD_eps0.5_it25,0.24479166666666666,PGD,0.5,25,
0.20496323529411764,0.03130360205831904,0.1784841075794621,0.05326523166727472,0.7912434325744309,0.8215158924205379,MLP,PGD_eps0.5_it25,0.7944240196078431,PGD,0.5,25,
0.2104779411764706,0.03595890410958904,0.20537897310513448,0.06120218579234973,0.7887915936952714,0.7946210268948656,LR,PGD_eps0.75_it10,0.7172181372549019,PGD,0.75,10,
0.2028186274509804,0.02838709677419355,0.16136919315403422,0.048280907095830286,0.7912434325744309,0.8386308068459658,SVM,PGD_eps0.75_it10,0.7297794117647058,PGD,0.75,10,
0.29901960784313725,0.02812656956303365,0.13691931540342298,0.04666666666666667,0.6777583187390543,0.863080684596577,RF,PGD_eps0.75_it10,0.6626838235294118,PGD,0.75,10,
0.20435049019607843,0.029664660361134996,0.1687041564792176,0.05045703839122486,0.7905429071803853,0.8312958435207825,MLP,PGD_eps0.75_it10,0.7956495098039216,PGD,0.75,10,
0.20772058823529413,0.033433347621088724,0.19070904645476772,0.05689277899343545,0.7898423817863398,0.8092909535452323,LR,PGD_eps0.75_it25,0.7199754901960784,PGD,0.75,25,
0.2028186274509804,0.02838709677419355,0.16136919315403422,0.048280907095830286,0.7912434325744309,0.8386308068459658,SVM,PGD_eps0.75_it25,0.7297794117647058,PGD,0.75,25,
0.2545955882352941,0.027985074626865673,0.1466992665036675,0.04700352526439483,0.7299474605954466,0.8533007334963325,RF,PGD_eps0.75_it25,0.7064950980392157,PGD,0.75,25,
0.20404411764705882,0.02924731182795699,0.16625916870415647,0.04974396488661302,0.7905429071803853,0.8337408312958435,MLP,PGD_eps0.75_it25,0.7959558823529411,PGD,0.75,25,
0.5594362745098039,0.14046121593291405,0.49144254278728605,0.2184782608695652,0.4308231173380035,0.508557457212714,LR,CW_c0.0_it10,0.34528186274509803,CW,,10,0.0
0.36519607843137253,0.019086176980913822,0.08068459657701711,0.03086997193638915,0.594045534150613,0.9193154034229829,SVM,CW_c0.0_it10,0.5533088235294118,CW,,10,0.0
0.8658088235294118,0.2898550724637681,0.0488997555012225,0.08368200836820083,0.017162872154115588,0.9511002444987775,RF,CW_c0.0_it10,0.09987745098039216,CW,,10,0.0
0.2037377450980392,0.028017241379310345,0.15892420537897312,0.047636496885305975,0.7898423817863398,0.8410757946210269,MLP,CW_c0.0_it10,0.7944240196078431,CW,,10,0.0
0.4166666666666667,0.10925248301097752,0.511002444987775,0.18001722652885443,0.5968476357267951,0.4889975550122249,LR,CW_c0.5_it10,0.4960171568627451,CW,,10,0.5
0.2346813725490196,0.024578971324533454,0.13202933985330073,0.04144282425172678,0.7506129597197898,0.8679706601466992,SVM,CW_c0.5_it10,0.6930147058823529,CW,,10,0.5
0.8704044117647058,0.28125,0.022004889975550123,0.04081632653061224,0.008056042031523642,0.9779951100244498,RF,CW_c0.5_it10,0.0977328431372549,CW,,10,0.5
0.2028186274509804,0.02838709677419355,0.16136919315403422,0.048280907095830286,0.7912434325744309,0.8386308068459658,MLP,CW_c0.5_it10,0.7971813725490197,CW,,10,0.5
