accuracy,precision,recall,f1,fpr,fnr,model,oversample,applicable,n_features,attack,asr,family,epsilon,iters,confidence,n_train,n_categorical_selected,categorical_selected,resampled
0.9028169347769434,0.967375037413948,0.9031016175603092,0.934134044124731,0.0981,0.0968983824396907,LR,smote,True,15.0,clean,0.0,,,,,,,,
0.9044279655997536,0.9694737894491284,0.903194759228787,0.9351613732801852,0.0916,0.096805240771213,SVM,smote,True,15.0,clean,0.0,,,,,,,,
0.9986969603639034,0.999161698956781,0.9991306777608744,0.9991461881180432,0.0027,0.0008693222391257,RF,smote,True,15.0,clean,0.0,,,,,,,,
0.961240493733564,0.9967181153533712,0.9523425129622156,0.9740251492442524,0.0101,0.0476574870377844,MLP,smote,True,15.0,clean,0.0,,,,,,,,
0.575303845151508,0.7555006976494579,0.6556242044149151,0.7020279255319148,0.6834,0.3443757955850849,LR,smote,True,15.0,FGSM_eps0.15,0.3608945959392546,FGSM,0.15,1.0,,,,,
0.099812836124997,0.2231365419577074,0.0724021236300413,0.1093295827473042,0.8119,0.9275978763699588,SVM,smote,True,15.0,FGSM_eps0.15,0.841502996991163,FGSM,0.15,1.0,,,,,
0.1317491530242365,0.1332011237811932,0.02502406159769,0.0421327757449032,0.5245,0.97497593840231,RF,smote,True,15.0,FGSM_eps0.15,0.8678243976403137,FGSM,0.15,1.0,,,,,
0.0642990831339287,0.1629348630643967,0.0546741593964419,0.0818746077132296,0.9047,0.945325840603558,MLP,smote,True,15.0,FGSM_eps0.15,0.9356298419768296,FGSM,0.15,1.0,,,,,
0.1400649150655073,0.3227540756156781,0.1155577633580676,0.1701835806222994,0.781,0.8844422366419323,LR,smote,True,15.0,FGSM_eps0.3,0.7994977374493591,FGSM,0.3,1.0,,,,,
0.0524058850008292,0.1424899008446566,0.048185289825825,0.0720168905593837,0.934,0.951814710174175,SVM,smote,True,15.0,FGSM_eps0.3,0.8892890141912863,FGSM,0.3,1.0,,,,,
0.1438318841953137,0.1418413855970829,0.0241547393585643,0.0412797792752162,0.4707,0.9758452606414356,RF,smote,True,15.0,FGSM_eps0.3,0.855694283209742,FGSM,0.3,1.0,,,,,
0.1018029330237627,0.2765457252566413,0.1095656493526654,0.1569490771625528,0.9232,0.8904343506473346,MLP,smote,True,15.0,FGSM_eps0.3,0.8977943092705347,FGSM,0.3,1.0,,,,,
0.0859295410931317,0.1817001298571571,0.0564748983203452,0.0861676930364756,0.8192,0.9435251016796548,LR,smote,True,15.0,FGSM_eps0.5,0.8539884858679428,FGSM,0.5,1.0,,,,,
0.0524058850008292,0.1424899008446566,0.048185289825825,0.0720168905593837,0.934,0.951814710174175,SVM,smote,True,15.0,FGSM_eps0.5,0.8893127058210334,FGSM,0.5,1.0,,,,,
0.1696320689900258,0.2982954545454545,0.0651991679344282,0.1070090957731407,0.494,0.9348008320655716,RF,smote,True,15.0,FGSM_eps0.5,0.8299651733042716,FGSM,0.5,1.0,,,,,
0.1724276813001966,0.4139805334344583,0.2033593095097643,0.2727405217463721,0.9272,0.7966406904902357,MLP,smote,True,15.0,FGSM_eps0.5,0.8271221777346064,FGSM,0.5,1.0,,,,,
0.0584472505863678,0.1623487225459435,0.0562265205377379,0.0835255050272115,0.9344,0.943773479462262,LR,smote,True,15.0,FGSM_eps0.75,0.8815181596342012,FGSM,0.75,1.0,,,,,
0.0522163519628515,0.1421883605654488,0.0480921481573473,0.0718743474932139,0.9345,0.9519078518426528,SVM,smote,True,15.0,FGSM_eps0.75,0.8895022388590111,FGSM,0.75,1.0,,,,,
0.1789191878509322,0.3411627303399948,0.081623148809339,0.1317299260929475,0.5077,0.918376851190661,RF,smote,True,15.0,FGSM_eps0.75,0.8206780544433652,FGSM,0.75,1.0,,,,,
0.2016157691487597,0.4563357167975618,0.2417336769225992,0.3160479795417182,0.9276,0.7582663230774007,MLP,smote,True,15.0,FGSM_eps0.75,0.7979814731455377,FGSM,0.75,1.0,,,,,
0.5531284797081191,0.8132657372201099,0.5378931354590332,0.6475183136492749,0.3978,0.4621068645409668,LR,smote,True,15.0,PGD_eps0.15_it10,0.3766732213508967,PGD,0.15,10.0,,,,,
0.0751972328176455,0.1842153960029607,0.0618150206464031,0.0925680544900853,0.8817,0.9381849793535968,SVM,smote,True,15.0,PGD_eps0.15_it10,0.8662133668175034,PGD,0.15,10.0,,,,,
0.1860029851453481,0.3983539873238104,0.1307398553199416,0.1968676951846657,0.636,0.8692601446800584,RF,smote,True,15.0,PGD_eps0.15_it10,0.8135231822597077,PGD,0.15,10.0,,,,,
0.0558648629439219,0.1475092250922509,0.0496445092986432,0.0742874398940742,0.9241,0.9503554907013568,MLP,smote,True,15.0,PGD_eps0.15_it10,0.9440877537965836,PGD,0.15,10.0,,,,,
0.5089435902295719,0.7548610494539643,0.5279269769319135,0.6213209098383119,0.5522,0.4720730230680866,LR,smote,True,15.0,PGD_eps0.15_it25,0.4202895117155109,PGD,0.15,25.0,,,,,
0.0681845104124712,0.1639932062653331,0.0539600732714458,0.0812016726236363,0.886,0.946039926728554,SVM,smote,True,15.0,PGD_eps0.15_it25,0.8731313227036888,PGD,0.15,25.0,,,,,
0.1562699898125992,0.3072916666666667,0.084262162749542,0.1322579859165225,0.6118,0.915737837250458,RF,smote,True,15.0,PGD_eps0.15_it25,0.843303560851951,PGD,0.15,25.0,,,,,
0.0570968276907768,0.1499077490774907,0.0504517370921171,0.0754953657460103,0.9215,0.9495482629078827,MLP,smote,True,15.0,PGD_eps0.15_it25,0.9428557890497288,PGD,0.15,25.0,,,,,
0.0875405719159421,0.2223200916057429,0.0783631904126175,0.1158808135530967,0.8829,0.9216368095873824,LR,smote,True,15.0,PGD_eps0.3_it10,0.8519510057096827,PGD,0.3,10.0,,,,,
0.0541590656021227,0.1430025916327286,0.0479679592660436,0.0718387464254992,0.9259,0.9520320407339564,SVM,smote,True,15.0,PGD_eps0.3_it10,0.8873936838115094,PGD,0.3,10.0,,,,,
0.2076808263640455,0.4392118226600985,0.1384085193579434,0.2104865553955476,0.5692,0.8615914806420566,RF,smote,True,15.0,PGD_eps0.3_it10,0.7918453410410102,PGD,0.3,10.0,,,,,
0.0469331185292236,0.1390764245206589,0.0479679592660436,0.0713329331917447,0.9564,0.9520320407339564,MLP,smote,True,15.0,PGD_eps0.3_it10,0.9530431898410292,PGD,0.3,10.0,,,,,
0.1046933118529223,0.2693611042234895,0.1011828991896674,0.1471066173151575,0.884,0.8988171008103325,LR,smote,True,15.0,PGD_eps0.3_it25,0.8348219574024497,PGD,0.3,25.0,,,,,
0.0541353739723755,0.1429893567792688,0.0479679592660436,0.0718370763007393,0.926,0.9520320407339564,SVM,smote,True,15.0,PGD_eps0.3_it25,0.887464758700751,PGD,0.3,25.0,,,,,
0.1166102016157691,0.0839069157653228,0.0158961780868701,0.02672861580225,0.559,0.9841038219131298,RF,smote,True,15.0,PGD_eps0.3_it25,0.8829159657892867,PGD,0.3,25.0,,,,,
0.0469568101589708,0.1390889449045732,0.0479679592660436,0.0713345799570607,0.9563,0.9520320407339564,MLP,smote,True,15.0,PGD_eps0.3_it25,0.953019498211282,PGD,0.3,25.0,,,,,
0.0624274443838991,0.1477761836441893,0.0479679592660436,0.0724264016501031,0.891,0.9520320407339564,LR,smote,True,15.0,PGD_eps0.5_it10,0.8774668909474282,PGD,0.5,10.0,,,,,
0.0541590656021227,0.1431347150259067,0.0480300537116954,0.0719250528860683,0.9261,0.9519699462883046,SVM,smote,True,15.0,PGD_eps0.5_it10,0.8874884503304983,PGD,0.5,10.0,,,,,
0.1585443862683314,0.2624928202182653,0.0567543233257785,0.0933295892579072,0.5136,0.9432456766742215,RF,smote,True,15.0,PGD_eps0.5_it10,0.8410765476557133,PGD,0.5,10.0,,,,,
0.046862043639982,0.1390388768898488,0.0479679592660436,0.071327993351954,0.9567,0.9520320407339564,MLP,smote,True,15.0,PGD_eps0.5_it10,0.9531142647302708,PGD,0.5,10.0,,,,,
0.06174038712123,0.1473674170164059,0.0479679592660436,0.0723772046939779,0.8939,0.9520320407339564,LR,smote,True,15.0,PGD_eps0.5_it25,0.8781539482100974,PGD,0.5,25.0,,,,,
0.0541353739723755,0.142923262056836,0.0479369120432177,0.0717939179763786,0.9259,0.9520630879567824,SVM,smote,True,15.0,PGD_eps0.5_it25,0.8874410670710038,PGD,0.5,25.0,,,,,
0.1319860693217086,0.1137275422989708,0.0202427892824986,0.0343682462706235,0.5081,0.9797572107175012,RF,smote,True,15.0,PGD_eps0.5_it25,0.867634864602336,PGD,0.5,25.0,,,,,
0.046862043639982,0.1390388768898488,0.0479679592660436,0.071327993351954,0.9567,0.9520320407339564,MLP,smote,True,15.0,PGD_eps0.5_it25,0.9531142647302708,PGD,0.5,25.0,,,,,
0.0551541140515056,0.1434944237918215,0.0479369120432177,0.0718657636901021,0.9216,0.9520630879567824,LR,smote,True,15.0,PGD_eps0.75_it10,0.8847876045393163,PGD,0.75,10.0,,,,,
0.0539458409343978,0.1428175006937378,0.0479369120432177,0.0717805671780567,0.9267,0.9520630879567824,SVM,smote,True,15.0,PGD_eps0.75_it10,0.8877016749982232,PGD,0.75,10.0,,,,,
0.1547063422492833,0.2120809824095585,0.0396783507715234,0.0668497449980384,0.4748,0.9603216492284764,RF,smote,True,15.0,PGD_eps0.75_it10,0.8448435167855197,PGD,0.75,10.0,,,,,
0.0422421758392759,0.136641018837888,0.0479679592660436,0.0710083647394062,0.9762,0.9520320407339564,MLP,smote,True,15.0,PGD_eps0.75_it10,0.9577341325309768,PGD,0.75,10.0,,,,,
0.0548935061242862,0.1433478785628075,0.0479369120432177,0.0718473708701721,0.9227,0.9520630879567824,LR,smote,True,15.0,PGD_eps0.75_it25,0.8850245208367884,PGD,0.75,25.0,,,,,
0.0540406074533867,0.1428703618025354,0.0479369120432177,0.0717872419564813,0.9263,0.9520630879567824,SVM,smote,True,15.0,PGD_eps0.75_it25,0.8876069084792343,PGD,0.75,25.0,,,,,
0.1344973820749129,0.1181770005299417,0.0207705920705392,0.0353313968840771,0.4992,0.9792294079294608,RF,smote,True,15.0,PGD_eps0.75_it25,0.8651235518491317,PGD,0.75,25.0,,,,,
0.0402046956810158,0.135609584832792,0.0479679592660436,0.0708683087931746,0.9848,0.9520320407339564,MLP,smote,True,15.0,PGD_eps0.75_it25,0.9597716126892368,PGD,0.75,25.0,,,,,
0.8926295339856428,0.9524603563838484,0.9044366481418236,0.927827499442622,0.1454,0.0955633518581762,LR,smote,True,15.0,CW_c0.0_it10,0.0141675945888317,CW,,10.0,0.0,,,,
0.8224549266744059,0.9287672183477326,0.8310720606041789,0.8772079305259708,0.2053,0.168927939395821,SVM,smote,True,15.0,CW_c0.0_it10,0.0863559904285815,CW,,10.0,0.0,,,,
0.1631168708095429,0.2360616844602609,0.043248781396504,0.0731041721332983,0.4508,0.956751218603496,RF,smote,True,15.0,CW_c0.0_it10,0.8363382217062711,CW,,10.0,0.0,,,,
0.0435689071051197,0.1468628299437473,0.0526871371355832,0.0775523261127867,0.9858,0.9473128628644168,MLP,smote,True,15.0,CW_c0.0_it10,0.955957260299936,CW,,10.0,0.0,,,,
0.8923689260584236,0.95026365470998,0.9063926231798566,0.9278098234574376,0.1528,0.0936073768201434,LR,smote,True,15.0,CW_c0.5_it10,0.0167973654907721,CW,,10.0,0.5,,,,
0.7799995261674051,0.9162218106547554,0.7833214318979167,0.844575369062364,0.2307,0.2166785681020832,SVM,smote,True,15.0,CW_c0.5_it10,0.133265417328058,CW,,10.0,0.5,,,,
0.1902200952403515,0.3126781980612051,0.0510726815486354,0.0878035761942887,0.3616,0.9489273184513646,RF,smote,True,15.0,CW_c0.5_it10,0.8092586889052098,CW,,10.0,0.5,,,,
0.0387831978961832,0.1342604740662993,0.0476574870377844,0.0703450804271115,0.9898,0.9523425129622156,MLP,smote,True,15.0,CW_c0.5_it10,0.9612168021038168,CW,,10.0,0.5,,,,
0.9028406264066905,0.9674072103232673,0.9031016175603093,0.9341490437882364,0.098,0.09689838243969078,LR,smotenc,True,,clean,0.0,,,,,257668.0,2.0,proto;conn_state,True
0.9044279655997536,0.9694737894491285,0.903194759228787,0.9351613732801851,0.0916,0.09680524077121301,SVM,smotenc,True,,clean,0.0,,,,,257668.0,2.0,proto;conn_state,True
0.9985785022151674,0.9992545889368575,0.9988822999782669,0.9990684097754867,0.0024,0.001117700021733056,RF,smotenc,True,,clean,0.0,,,,,257668.0,2.0,proto;conn_state,True
0.9619038593664858,0.9967210985942928,0.9532118352013412,0.9744810512283375,0.0101,0.04678816479865876,MLP,smotenc,True,,clean,0.0,,,,,257668.0,2.0,proto;conn_state,True
0.4496671326020517,0.7238062007775895,0.4508367226551585,0.5556044460599567,0.5541,0.5491632773448415,LR,smotenc,True,,FGSM_eps0.15,0.485299343741856,FGSM,0.15,1.0,,257668.0,2.0,proto;conn_state,True
0.06536520647255324,0.15679211299649257,0.05135210655406874,0.07736563917863323,0.8895,0.9486478934459313,SVM,smotenc,True,,FGSM_eps0.15,0.87507403634296,FGSM,0.15,1.0,,257668.0,2.0,proto;conn_state,True
0.1294273733090099,0.19148646810825512,0.04371448973889286,0.07117941458975785,0.5945,0.9562855102611072,RF,smotenc,True,,FGSM_eps0.15,0.870004027577057,FGSM,0.15,1.0,,257668.0,2.0,proto;conn_state,True
0.06998507427325926,0.15954773869346733,0.05125896488559099,0.07759005569001574,0.8697,0.948741035114409,MLP,smotenc,True,,FGSM_eps0.15,0.9299438508374991,FGSM,0.15,1.0,,257668.0,2.0,proto;conn_state,True
0.07268592006444123,0.16427741185586983,0.0526560899127573,0.0797498412996967,0.8628,0.9473439100872427,LR,smotenc,True,,FGSM_eps0.3,0.8660238337795257,FGSM,0.3,1.0,,257668.0,2.0,proto;conn_state,True
0.054230140491364404,0.14304231089713915,0.04796795926604365,0.07184375726575215,0.9256,0.9520320407339563,SVM,smotenc,True,,FGSM_eps0.3,0.8862801772133905,FGSM,0.3,1.0,,257668.0,2.0,proto;conn_state,True
0.12724774337226658,0.22475918658580094,0.05867925114098544,0.09306218917721207,0.6519,0.9413207488590145,RF,smotenc,True,,FGSM_eps0.3,0.8721599658840532,FGSM,0.3,1.0,,257668.0,2.0,proto;conn_state,True
0.17844535525598806,0.42295204795204794,0.21031388742277005,0.2809331259720062,0.9242,0.78968611257723,MLP,smotenc,True,,FGSM_eps0.3,0.8206306711838708,FGSM,0.3,1.0,,257668.0,2.0,proto;conn_state,True
0.06903740908337085,0.15175938667190877,0.04793691204321773,0.07285940117499941,0.863,0.9520630879567823,LR,smotenc,True,,FGSM_eps0.5,0.869885569428321,FGSM,0.5,1.0,,257668.0,2.0,proto;conn_state,True
0.05420644886161719,0.14296296296296296,0.04793691204321773,0.0717989258062266,0.9256,0.9520630879567823,SVM,smotenc,True,,FGSM_eps0.5,0.8863038688431377,FGSM,0.5,1.0,,257668.0,2.0,proto;conn_state,True
0.13219929398943353,0.2502260397830018,0.06873855133658294,0.10785006210877561,0.6634,0.9312614486634171,RF,smotenc,True,,FGSM_eps0.5,0.8672557985263807,FGSM,0.5,1.0,,257668.0,2.0,proto;conn_state,True
0.3792082257338482,0.62224212325979,0.47458784811698596,0.538476442095993,0.928,0.525412151883014,MLP,smotenc,True,,FGSM_eps0.5,0.6195361178895497,FGSM,0.5,1.0,,257668.0,2.0,proto;conn_state,True
0.06332772631429316,0.14804496109136325,0.04784377037473998,0.07231686142005725,0.8868,0.95215622962526,LR,smotenc,True,,FGSM_eps0.75,0.8755952521973986,FGSM,0.75,1.0,,257668.0,2.0,proto;conn_state,True
0.0539932241938923,0.1426455614181246,0.04784377037473998,0.07165442202176137,0.9262,0.95215622962526,SVM,smotenc,True,,FGSM_eps0.75,0.8865170935108626,FGSM,0.75,1.0,,257668.0,2.0,proto;conn_state,True
0.13037503849889834,0.26759689922480623,0.08038125989630228,0.12362716072963423,0.7086,0.9196187401036977,RF,smotenc,True,,FGSM_eps0.75,0.8691274372764103,FGSM,0.75,1.0,,257668.0,2.0,proto;conn_state,True
0.3599706223791135,0.6067494245314041,0.45828805613337886,0.5221713214355201,0.9567,0.5417119438666211,MLP,smotenc,True,,FGSM_eps0.75,0.6389158710227677,FGSM,0.75,1.0,,257668.0,2.0,proto;conn_state,True
0.42194792579781565,0.8065149136577708,0.31901021453630973,0.4571848094507108,0.2465,0.6809897854636903,LR,smotenc,True,,PGD_eps0.15_it10,0.5002013788528513,PGD,0.15,10.0,,257668.0,2.0,proto;conn_state,True
0.1302802719799095,0.2548207865780586,0.07261945418982273,0.11302793080119841,0.684,0.9273805458101773,SVM,smotenc,True,,PGD_eps0.15_it10,0.8061077021488308,PGD,0.15,10.0,,257668.0,2.0,proto;conn_state,True
0.1661257077874387,0.3229018492176387,0.08457263497780124,0.13403862713740927,0.5712,0.9154273650221988,RF,smotenc,True,,PGD_eps0.15_it10,0.8333056930986282,PGD,0.15,10.0,,257668.0,2.0,proto;conn_state,True
0.06159823734274681,0.1517974778844344,0.050079170418206094,0.07531224465974086,0.9013,0.9499208295817939,MLP,smotenc,True,,PGD_eps0.15_it10,0.9383069961382644,PGD,0.15,10.0,,257668.0,2.0,proto;conn_state,True
0.3967874150062783,0.7826742627345844,0.29004315563972805,0.42324159021406726,0.2594,0.709956844360272,LR,smotenc,True,,PGD_eps0.15_it25,0.5303134402615556,PGD,0.15,25.0,,257668.0,2.0,proto;conn_state,True
0.1321756023596863,0.24155267157722438,0.06414356235834705,0.10136892203522889,0.6487,0.9358564376416529,SVM,smotenc,True,,PGD_eps0.15_it25,0.8039754554715819,PGD,0.15,25.0,,257668.0,2.0,proto;conn_state,True
0.1507735317112464,0.26487325400931194,0.06358471234748052,0.10255126311309182,0.5684,0.9364152876525195,RF,smotenc,True,,PGD_eps0.15_it25,0.8487052524343149,PGD,0.15,25.0,,257668.0,2.0,proto;conn_state,True
0.07071951479542278,0.18139703878644745,0.06200130398335869,0.0924151973714656,0.9012,0.9379986960166413,MLP,smotenc,True,,PGD_eps0.15_it25,0.9292094103153355,PGD,0.15,25.0,,257668.0,2.0,proto;conn_state,True
0.10952640432135327,0.1700822186771383,0.043031450836722655,0.06868526686158878,0.6763,0.9569685491632773,LR,smotenc,True,,PGD_eps0.3_it10,0.8250373143168519,PGD,0.3,10.0,,257668.0,2.0,proto;conn_state,True
0.05126868677296311,0.13988970588235294,0.04725387314104754,0.07064448002970596,0.9358,0.9527461268589524,SVM,smotenc,True,,PGD_eps0.3_it10,0.888696723447606,PGD,0.3,10.0,,257668.0,2.0,proto;conn_state,True
0.15276362861001208,0.2584987761762306,0.05902077059207054,0.09609989131259004,0.5453,0.9409792294079294,RF,smotenc,True,,PGD_eps0.3_it10,0.8466440806463077,PGD,0.3,10.0,,257668.0,2.0,proto;conn_state,True
0.05347200833945367,0.14076273545513593,0.04709863702691794,0.0705811194342344,0.926,0.952901362973082,MLP,smotenc,True,,PGD_eps0.3_it10,0.9465043000307991,PGD,0.3,10.0,,257668.0,2.0,proto;conn_state,True
0.1128195408562155,0.17015113350125943,0.04194479803781552,0.0672993100699893,0.6589,0.9580552019621845,LR,smotenc,True,,PGD_eps0.3_it25,0.8211518870383093,PGD,0.3,25.0,,257668.0,2.0,proto;conn_state,True
0.04465872207349143,0.13671770077894171,0.04740910925517713,0.07040435243671908,0.9642,0.9525908907448228,SVM,smotenc,True,,PGD_eps0.3_it25,0.8953540714065721,PGD,0.3,25.0,,257668.0,2.0,proto;conn_state,True
0.16212182236016015,0.2991985752448798,0.07302306808655966,0.11739455952083853,0.5509,0.9269769319134403,RF,smotenc,True,,PGD_eps0.3_it25,0.8373095785259068,PGD,0.3,25.0,,257668.0,2.0,proto;conn_state,True
0.05349569996920088,0.14084245685655966,0.04712968424974386,0.07062600321027288,0.926,0.9528703157502562,MLP,smotenc,True,,PGD_eps0.3_it25,0.9464806084010519,PGD,0.3,25.0,,257668.0,2.0,proto;conn_state,True
0.08062261602975669,0.1536280583849627,0.04542208699431836,0.07011406115211348,0.806,0.9545779130056816,LR,smotenc,True,,PGD_eps0.5_it10,0.8565708735103887,PGD,0.5,10.0,,257668.0,2.0,proto;conn_state,True
0.04522732118742448,0.13517900622238255,0.046539787016051416,0.06924107349069242,0.959,0.9534602129839486,SVM,smotenc,True,,PGD_eps0.5_it10,0.8942642564382004,PGD,0.5,10.0,,257668.0,2.0,proto;conn_state,True
0.1521239546068374,0.2823257511251673,0.0720606041789562,0.11481573089290131,0.59,0.9279393958210438,RF,smotenc,True,,PGD_eps0.5_it10,0.8473074462792296,PGD,0.5,10.0,,257668.0,2.0,proto;conn_state,True
0.05332985856097041,0.14068441064638784,0.04709863702691794,0.07057126907331597,0.9266,0.952901362973082,MLP,smotenc,True,,PGD_eps0.5_it10,0.9466464498092824,PGD,0.5,10.0,,257668.0,2.0,proto;conn_state,True
0.0833945367101803,0.14919878735383282,0.04278307305411531,0.06649776812643263,0.7858,0.9572169269458847,LR,smotenc,True,,PGD_eps0.5_it25,0.8516193228932218,PGD,0.5,25.0,,257668.0,2.0,proto;conn_state,True
0.04430334762728328,0.1358179537717255,0.04706758980409202,0.06990846418113486,0.9646,0.952932410195908,SVM,smotenc,True,,PGD_eps0.5_it25,0.8956146793337914,PGD,0.5,25.0,,257668.0,2.0,proto;conn_state,True
0.11952427207467602,0.1730236241256434,0.04070290912477879,0.0659025787965616,0.6266,0.9592970908752212,RF,smotenc,True,,PGD_eps0.5_it25,0.8798360539221493,PGD,0.5,25.0,,257668.0,2.0,proto;conn_state,True
0.0533061669312232,0.1406713649851632,0.04709863702691794,0.07056962761379759,0.9267,0.952901362973082,MLP,smotenc,True,,PGD_eps0.5_it25,0.9466701414390296,PGD,0.5,25.0,,257668.0,2.0,proto;conn_state,True
0.0544670567888365,0.13990461049284578,0.04644664534757366,0.06974033844576011,0.9197,0.9535533546524263,LR,smotenc,True,,PGD_eps0.75_it10,0.8835319481627141,PGD,0.75,10.0,,257668.0,2.0,proto;conn_state,True
0.044611338813997016,0.13584567070435172,0.04700549535844019,0.06984361304608572,0.9631,0.9529945046415598,SVM,smotenc,True,,PGD_eps0.75_it10,0.8953066881470776,PGD,0.75,10.0,,257668.0,2.0,proto;conn_state,True
0.1539482100973726,0.31119258141039463,0.08960228507559999,0.13914133500470072,0.6388,0.9103977149244,RF,smotenc,True,,PGD_eps0.75_it10,0.8454594991589471,PGD,0.75,10.0,,257668.0,2.0,proto;conn_state,True
0.045630078893127056,0.13656823910694996,0.04709863702691794,0.07004178498049264,0.9591,0.952901362973082,MLP,smotenc,True,,PGD_eps0.75_it10,0.9543462294771258,PGD,0.75,10.0,,257668.0,2.0,proto;conn_state,True
0.07140657205809188,0.14588402270884024,0.04467695364649632,0.06840491526632282,0.8425,0.9553230463535036,LR,smotenc,True,,PGD_eps0.75_it25,0.865147243478879,PGD,0.75,25.0,,257668.0,2.0,proto;conn_state,True
0.04368736525385581,0.1353719599427754,0.04700549535844019,0.06978084022768649,0.967,0.9529945046415598,SVM,smotenc,True,,PGD_eps0.75_it25,0.896254353336966,PGD,0.75,25.0,,257668.0,2.0,proto;conn_state,True
0.16122154042976616,0.3282073341219486,0.09475612406470241,0.14705598920689988,0.6247,0.9052438759352975,RF,smotenc,True,,PGD_eps0.75_it25,0.8380914023075647,PGD,0.75,25.0,,257668.0,2.0,proto;conn_state,True
0.04103390272216826,0.1342240311449301,0.04709863702691794,0.06972949369125049,0.9785,0.952901362973082,MLP,smotenc,True,,PGD_eps0.75_it25,0.9589424056480845,PGD,0.75,25.0,,257668.0,2.0,proto;conn_state,True
0.83643298822526,0.9510856001996506,0.8282467633270204,0.8854260015267682,0.1372,0.1717532366729796,LR,smotenc,True,,CW_c0.0_it10,0.06692885403586912,CW,,10.0,0.0,257668.0,2.0,proto;conn_state,True
0.8041176052500651,0.9400433775686505,0.7939395821043808,0.8608361947081398,0.1631,0.20606041789561924,SVM,smotenc,True,,CW_c0.0_it10,0.10431424577696699,CW,,10.0,0.0,257668.0,2.0,proto;conn_state,True
0.16738136416404084,0.1625661071510692,0.021950386537924183,0.038678264675310464,0.3642,0.9780496134620759,RF,smotenc,True,,CW_c0.0_it10,0.8318368120543013,CW,,10.0,0.0,257668.0,2.0,proto;conn_state,True
0.044516572295008175,0.15028851950736372,0.054177403831227294,0.07964399817434961,0.9866,0.9458225961687727,MLP,smotenc,True,,CW_c0.0_it10,0.9554360444454975,CW,,10.0,0.0,257668.0,2.0,proto;conn_state,True
0.8358880807410741,0.9491224330277837,0.8293955105715793,0.8852290613867948,0.1432,0.17060448942842063,LR,smotenc,True,,CW_c0.5_it10,0.06910848397261247,CW,,10.0,0.5,257668.0,2.0,proto;conn_state,True
0.7921770238574711,0.9389444506873431,0.7782607345772921,0.8510847791396462,0.163,0.22173926542270794,SVM,smotenc,True,,CW_c0.5_it10,0.11608898576133052,CW,,10.0,0.5,257668.0,2.0,proto;conn_state,True
0.16837641261342368,0.17266349852907897,0.023689031016175602,0.0416621164136726,0.3656,0.9763109689838244,RF,smotenc,True,,CW_c0.5_it10,0.8309365301239072,CW,,10.0,0.5,257668.0,2.0,proto;conn_state,True
0.03816721552275581,0.13228719207504164,0.0468502592443106,0.06919479090242113,0.9898,0.9531497407556894,MLP,smotenc,True,,CW_c0.5_it10,0.9618327844772442,CW,,10.0,0.5,257668.0,2.0,proto;conn_state,True
0.9184771020398493,0.9480717712292069,0.944922226706821,0.9464943788776414,0.1667,0.05507777329317892,LR,none,True,,clean,0.0,,,,,168834.0,2.0,proto;conn_state,False
0.9195432253784738,0.948535134966842,0.9458846906144246,0.9472080586991668,0.1653,0.05411530938557546,SVM,none,True,,clean,0.0,,,,,168834.0,2.0,proto;conn_state,False
0.9987443436233978,0.9990378049537526,0.9993169610978297,0.9991773635277136,0.0031,0.0006830389021702009,RF,none,True,,clean,0.0,,,,,168834.0,2.0,proto;conn_state,False
0.9740102821673103,0.9727692681740822,0.9937595082119904,0.9831523658869965,0.0896,0.006240491788009563,MLP,none,True,,clean,0.0,,,,,168834.0,2.0,proto;conn_state,False
0.7216944253595204,0.8596892138939671,0.7591977397621783,0.8063245016734539,0.3991,0.24080226023782172,LR,none,True,,FGSM_eps0.15,0.21450401573124214,FGSM,0.15,1.0,,168834.0,2.0,proto;conn_state,False
0.3711293799900495,0.6543344412357652,0.37284609891645193,0.4750207665836003,0.6344,0.6271539010835481,SVM,none,True,,FGSM_eps0.15,0.5687649553412779,FGSM,0.15,1.0,,168834.0,2.0,proto;conn_state,False
0.17754507332559408,0.08427339084273391,0.007885994597783228,0.01442239445816654,0.276,0.9921140054022167,RF,none,True,,FGSM_eps0.15,0.8220284773389561,FGSM,0.15,1.0,,168834.0,2.0,proto;conn_state,False
0.11639697694804425,0.1604592177279402,0.0373187618367537,0.06055415617128464,0.6289,0.9626812381632462,MLP,none,True,,FGSM_eps0.15,0.8834134900139781,FGSM,0.15,1.0,,168834.0,2.0,proto;conn_state,False
0.39114880712644223,0.6761744966442953,0.38787295476419636,0.4929663608562691,0.5983,0.6121270452358036,LR,none,True,,FGSM_eps0.3,0.5468265061953612,FGSM,0.3,1.0,,168834.0,2.0,proto;conn_state,False
0.08827501243810562,0.053133903133903135,0.011580614114067496,0.0190165438833516,0.6647,0.9884193858859325,SVM,none,True,,FGSM_eps0.3,0.8532066620862849,FGSM,0.3,1.0,,168834.0,2.0,proto;conn_state,False
0.1730199720438769,0.06598004505954297,0.006364680679313235,0.011609468796013139,0.2902,0.9936353193206867,RF,none,True,,FGSM_eps0.3,0.8265535786206734,FGSM,0.3,1.0,,168834.0,2.0,proto;conn_state,False
0.11914520599872065,0.28645072600738897,0.10351144090161135,0.1520707900018245,0.8305,0.8964885590983886,MLP,none,True,,FGSM_eps0.3,0.88059418607406,FGSM,0.3,1.0,,168834.0,2.0,proto;conn_state,False
0.38913501859792937,0.6733955848221514,0.3873451519761557,0.49180069378744873,0.6051,0.6126548480238443,LR,none,True,,FGSM_eps0.5,0.5498827264327513,FGSM,0.5,1.0,,168834.0,2.0,proto;conn_state,False
0.08555047501717643,0.038166835333236955,0.008196466826042411,0.013494862751111792,0.6653,0.9918035331739576,SVM,none,True,,FGSM_eps0.5,0.8565708735103887,FGSM,0.5,1.0,,168834.0,2.0,proto;conn_state,False
0.17396763723376532,0.10566933808251706,0.011052811326026887,0.020012367193209285,0.3013,0.9889471886739731,RF,none,True,,FGSM_eps0.5,0.8256296050605321,FGSM,0.5,1.0,,168834.0,2.0,proto;conn_state,False
0.132365135397664,0.3234376250300072,0.12549287466236145,0.1808258399320002,0.8455,0.8745071253376385,MLP,none,True,,FGSM_eps0.5,0.8666398161529532,FGSM,0.5,1.0,,168834.0,2.0,proto;conn_state,False
0.32263261389751,0.6150616969851164,0.3002266447266292,0.4034966931630886,0.6052,0.6997733552733708,LR,none,True,,FGSM_eps0.75,0.6165983558008955,FGSM,0.75,1.0,,168834.0,2.0,proto;conn_state,False
0.08521879220071549,0.037020968908170644,0.007948089043435065,0.013086596462529394,0.6659,0.992051910956565,SVM,none,True,,FGSM_eps0.75,0.8569025563268498,FGSM,0.75,1.0,,168834.0,2.0,proto;conn_state,False
0.14695917932194555,0.07594371230734867,0.010556055760812196,0.018535681186283594,0.4137,0.9894439442391878,RF,none,True,,FGSM_eps0.75,0.8526380629723519,FGSM,0.75,1.0,,168834.0,2.0,proto;conn_state,False
0.21917126679144258,0.47740027759338605,0.24561457977583906,0.3243542435424354,0.866,0.754385420224161,MLP,none,True,,FGSM_eps0.75,0.7794546186832192,FGSM,0.75,1.0,,168834.0,2.0,proto;conn_state,False
0.7121940818308892,0.8839719787160739,0.7169424694961035,0.7917438112871151,0.3031,0.2830575305038964,LR,none,True,,PGD_eps0.15_it10,0.22300931081049066,PGD,0.15,10.0,,168834.0,2.0,proto;conn_state,False
0.18164372527186146,0.34884022288454064,0.08357912384737186,0.13484947152231627,0.5025,0.9164208761526281,SVM,none,True,,PGD_eps0.15_it10,0.7586296761354213,PGD,0.15,10.0,,168834.0,2.0,proto;conn_state,False
0.22639721386434172,0.38568486096807414,0.023254369896612746,0.04386401569500161,0.1193,0.9767456301033872,RF,none,True,,PGD_eps0.15_it10,0.773010495391978,PGD,0.15,10.0,,168834.0,2.0,proto;conn_state,False
0.06813712715297686,0.03205465055176038,0.007575522369524046,0.012254840410838502,0.7368,0.9924244776304759,MLP,none,True,,PGD_eps0.15_it10,0.9317681063280343,PGD,0.15,10.0,,168834.0,2.0,proto;conn_state,False
0.7385628657395342,0.8960718294051627,0.7436430811263932,0.8127725275284616,0.2778,0.25635691887360673,LR,none,True,,PGD_eps0.15_it25,0.19595346963917648,PGD,0.15,25.0,,168834.0,2.0,proto;conn_state,False
0.1491625008884361,0.22333432925007468,0.04641559812474774,0.07685782587461121,0.5199,0.9535844018752523,SVM,none,True,,PGD_eps0.15_it25,0.7910161339998578,PGD,0.15,25.0,,168834.0,2.0,proto;conn_state,False
0.22296192755099623,0.2057942057942058,0.006395727902139154,0.012405901836796145,0.0795,0.9936042720978608,RF,none,True,,PGD_eps0.15_it25,0.7764220900755763,PGD,0.15,25.0,,168834.0,2.0,proto;conn_state,False
0.06808974389348244,0.03266002098635887,0.007730758483653637,0.01250219667110185,0.7375,0.9922692415163463,MLP,none,True,,PGD_eps0.15_it25,0.9318154895875287,PGD,0.15,25.0,,168834.0,2.0,proto;conn_state,False
0.29759056125470873,0.6202686202686203,0.20503585954236395,0.3081948851969386,0.4043,0.7949641404576361,LR,none,True,,PGD_eps0.3_it10,0.6396029282854367,PGD,0.3,10.0,,168834.0,2.0,proto;conn_state,False
0.08981496837167428,0.031961405095733454,0.006582011239094663,0.010916018742598219,0.6421,0.9934179887609054,SVM,none,True,,PGD_eps0.3_it10,0.8511217986685304,PGD,0.3,10.0,,168834.0,2.0,proto;conn_state,False
0.22253547821554645,0.41076154072331666,0.043372970287807754,0.07846110643077787,0.2004,0.9566270297121923,RF,none,True,,PGD_eps0.3_it10,0.7768959226705205,PGD,0.3,10.0,,168834.0,2.0,proto;conn_state,False
0.04146035205761804,0.024331180811808118,0.006550964016268744,0.010322643770944937,0.8461,0.9934490359837312,MLP,none,True,,PGD_eps0.3_it10,0.9584685730531404,PGD,0.3,10.0,,168834.0,2.0,proto;conn_state,False
0.2839678741500628,0.5945534183964959,0.19385885932503338,0.2923836950668446,0.4258,0.8061411406749667,LR,none,True,,PGD_eps0.3_it25,0.6533440735388187,PGD,0.3,25.0,,168834.0,2.0,proto;conn_state,False
0.08957805207420219,0.032054176072234764,0.006613058461920581,0.010964122098110877,0.6432,0.9933869415380794,SVM,none,True,,PGD_eps0.3_it25,0.8513824065957497,PGD,0.3,25.0,,168834.0,2.0,proto;conn_state,False
0.208178350588737,0.19598997493734335,0.012139464124934024,0.02286282306163022,0.1604,0.987860535875066,RF,none,True,,PGD_eps0.3_it25,0.7911819754080883,PGD,0.3,25.0,,168834.0,2.0,proto;conn_state,False
0.0413655855386292,0.024100553505535055,0.006488869570616908,0.010224798806291431,0.8463,0.9935111304293831,MLP,none,True,,PGD_eps0.3_it25,0.9585633395721291,PGD,0.3,25.0,,168834.0,2.0,proto;conn_state,False
0.17126679144258333,0.2967581047381546,0.06280853177683256,0.10367447342797109,0.4794,0.9371914682231675,LR,none,True,,PGD_eps0.5_it10,0.7664005306925064,PGD,0.5,10.0,,168834.0,2.0,proto;conn_state,False
0.08384467767537729,0.02997235559435472,0.006395727902139154,0.010541937464817562,0.6667,0.9936042720978608,SVM,none,True,,PGD_eps0.5_it10,0.857163164254069,PGD,0.5,10.0,,168834.0,2.0,proto;conn_state,False
0.22208533725034946,0.39844256975989617,0.03812598963022758,0.06959281403190615,0.1854,0.9618740103697724,RF,none,True,,PGD_eps0.5_it10,0.7774171385249591,PGD,0.5,10.0,,168834.0,2.0,proto;conn_state,False
0.0413655855386292,0.024210283606179387,0.006519916793442827,0.01027321869725803,0.8464,0.9934800832065571,MLP,none,True,,PGD_eps0.5_it10,0.9586107228316236,PGD,0.5,10.0,,168834.0,2.0,proto;conn_state,False
0.15927882679049493,0.2111757447558611,0.03719457294545003,0.06324903648170635,0.4475,0.96280542705455,LR,none,True,,PGD_eps0.5_it25,0.7782226539363643,PGD,0.5,25.0,,168834.0,2.0,proto;conn_state,False
0.08275486270700562,0.029637125921642332,0.006364680679313235,0.010478965393855748,0.6712,0.9936353193206867,SVM,none,True,,PGD_eps0.5_it25,0.8582292875926935,PGD,0.5,25.0,,168834.0,2.0,proto;conn_state,False
0.21035798052548035,0.20422163588390502,0.012015275233630352,0.022695285010555948,0.1508,0.9879847247663697,RF,none,True,,PGD_eps0.5_it25,0.7891208036200811,PGD,0.5,25.0,,168834.0,2.0,proto;conn_state,False
0.041341893908881995,0.02409777470310158,0.006488869570616908,0.010224548701139867,0.8464,0.9935111304293831,MLP,none,True,,PGD_eps0.5_it25,0.9586344144613708,PGD,0.5,25.0,,168834.0,2.0,proto;conn_state,False
0.15335591935369233,0.20246330352623587,0.037256667391101866,0.06293266205160478,0.4727,0.9627433326088981,LR,none,True,,PGD_eps0.75_it10,0.7845246274491222,PGD,0.75,10.0,,168834.0,2.0,proto;conn_state,False
0.08429481864057428,0.027157956547269525,0.005743736222794871,0.009482073755157479,0.6627,0.9942562637772051,SVM,none,True,,PGD_eps0.75_it10,0.8562391906939278,PGD,0.75,10.0,,168834.0,2.0,proto;conn_state,False
0.19420028903788292,0.28324116374128394,0.03657362848893166,0.06478222613286405,0.2981,0.9634263715110684,RF,none,True,,PGD_eps0.75_it10,0.8053495699969201,PGD,0.75,10.0,,168834.0,2.0,proto;conn_state,False
0.031794167120756237,0.022712238147739802,0.006395727902139154,0.009980861939484968,0.8864,0.9936042720978608,MLP,none,True,,PGD_eps0.75_it10,0.9681821412494965,PGD,0.75,10.0,,168834.0,2.0,proto;conn_state,False
0.16242981354687389,0.14546684709066307,0.020025458722717254,0.035204541112900146,0.3789,0.9799745412772828,LR,none,True,,PGD_eps0.75_it25,0.7754033499964462,PGD,0.75,25.0,,168834.0,2.0,proto;conn_state,False
0.08277855433675282,0.02964141122035859,0.006364680679313235,0.01047923322683706,0.6711,0.9936353193206867,SVM,none,True,,PGD_eps0.75_it25,0.8582529792224407,PGD,0.75,25.0,,168834.0,2.0,proto;conn_state,False
0.1900068705726267,0.1357615894039735,0.011456425222763824,0.021129784980101353,0.2349,0.9885435747772362,RF,none,True,,PGD_eps0.75_it25,0.8094719135729347,PGD,0.75,25.0,,168834.0,2.0,proto;conn_state,False
0.031794167120756237,0.022712238147739802,0.006395727902139154,0.009980861939484968,0.8864,0.9936042720978608,MLP,none,True,,PGD_eps0.75_it25,0.9681821412494965,PGD,0.75,25.0,,168834.0,2.0,proto;conn_state,False
0.8967281859319103,0.9346943872135856,0.9296159458536434,0.9321482496147441,0.2092,0.07038405414635661,LR,none,True,,CW_c0.0_it10,0.02290980596555237,CW,,10.0,0.0,168834.0,2.0,proto;conn_state,False
0.6504773863394063,0.8517936316001612,0.6561209599801298,0.7412616847015907,0.3677,0.34387904001987024,SVM,none,True,,CW_c0.0_it10,0.27373309009926794,CW,,10.0,0.0,168834.0,2.0,proto;conn_state,False
0.2547324030420053,0.5614982008505071,0.10658511596137725,0.17916133914359522,0.2681,0.8934148840386228,RF,none,True,,CW_c0.0_it10,0.7446516145845673,CW,,10.0,0.0,168834.0,2.0,proto;conn_state,False
0.029377620886540785,0.035623409669211195,0.010431866869508522,0.01613794097163853,0.9096,0.9895681331304915,MLP,none,True,,CW_c0.0_it10,0.9705039209647232,CW,,10.0,0.0,168834.0,2.0,proto;conn_state,False
0.8811864768177403,0.9400608453621594,0.9017976342016206,0.9205317952049693,0.1852,0.09820236579837933,LR,none,True,,CW_c0.5_it10,0.052405885000829204,CW,,10.0,0.5,168834.0,2.0,proto;conn_state,False
0.5327062948660238,0.8015263488383326,0.5151976155732869,0.6272301179316602,0.4109,0.48480238442671303,SVM,none,True,,CW_c0.5_it10,0.40261555592409204,CW,,10.0,0.5,168834.0,2.0,proto;conn_state,False
0.24741168945011727,0.5430013589594254,0.08683908224409327,0.1497323340471092,0.2354,0.9131609177559067,RF,none,True,,CW_c0.5_it10,0.7520670946954441,CW,,10.0,0.5,168834.0,2.0,proto;conn_state,False
0.026037101092184132,0.021708758731864588,0.0062715390108354805,0.00973165679048032,0.9103,0.9937284609891646,MLP,none,True,,CW_c0.5_it10,0.9739628989078158,CW,,10.0,0.5,168834.0,2.0,proto;conn_state,False
