model,sample_pos,orig_test_idx,clean_correct,eligible,wall_s_measured,init_success,init_trials,init_queries,init_time_s,bsearch_queries,bsearch_time_s,gradest_queries,gradest_time_s,stepsearch_queries,stepsearch_time_s,total_queries,total_time_s,status
XGB,0,23309,True,True,0.04671519994735718,True,2,2,0.0010049999691545963,100,0.029985900269821286,445,0.007833099458366632,15,0.005077100358903408,562,0.043905100086703897,success
XGB,1,69500,True,True,0.04888499993830919,True,5,5,0.0014205998741090298,100,0.031136400066316128,445,0.008041799766942859,20,0.006891400087624788,570,0.0474937001708895,success
XGB,2,73626,True,True,0.044497499940916896,True,1,1,0.0003101998008787632,100,0.030114500084891915,445,0.0075879995711147785,16,0.005226000444963574,562,0.043240000028163195,success
XGB,3,15699,True,True,0.044192299945279956,True,5,5,0.0014040996320545673,100,0.030020100995898247,445,0.007556700147688389,12,0.003949799109250307,562,0.04293270013295114,success
XGB,4,15234,True,True,0.05358140007592738,True,1,1,0.0003162000793963671,100,0.029752600006759167,445,0.00801400002092123,46,0.014210699824616313,592,0.05229500005953014,success
XGB,5,93866,True,True,0.046313999919220805,True,1,1,0.0002974998205900192,100,0.029872599989175797,445,0.00803030002862215,21,0.006873999955132604,567,0.0450766000431031,success
XGB,6,27400,True,True,0.045930600026622415,True,5,5,0.0014266998041421175,100,0.029910599812865257,445,0.007448999909684062,18,0.005815300391986966,568,0.044603400165215135,success
XGB,7,27888,True,True,0.045850800117477775,True,2,2,0.000619000056758523,100,0.02982739987783134,445,0.0075870000291615725,19,0.006128499982878566,566,0.04416329995729029,success
XGB,8,17259,True,True,0.04810640006326139,True,1,1,0.00030200020410120487,100,0.029951500007882714,445,0.007566799875348806,28,0.008958199992775917,574,0.04678019997663796,success
XGB,9,61392,True,True,0.046974699944257736,True,2,2,0.000582600012421608,100,0.029622299363836646,445,0.00757250003516674,23,0.007984700612723827,570,0.04576370003633201,success
XGB,10,98173,True,True,0.046726099913939834,True,1,1,0.0003029000945389271,100,0.029804400401189923,445,0.007582999765872955,24,0.007772399811074138,570,0.04546439996920526,success
XGB,11,40308,True,True,0.04623460001312196,True,8,8,0.0022195999044924974,100,0.030055400216951966,445,0.007820800179615617,15,0.004918999504297972,568,0.04501669993624091,success
XGB,12,9249,True,True,0.045290700159966946,True,2,2,0.0006297999061644077,100,0.030109099578112364,445,0.0075864000245928764,17,0.0056158003862947226,564,0.0439429001417011,success
XGB,13,43320,True,True,0.057364300126209855,True,4,4,0.0011243000626564026,100,0.030472800135612488,445,0.007507400121539831,54,0.01704149949364364,603,0.056147499941289425,success
XGB,14,83353,True,True,0.04636680008843541,True,3,3,0.0014690998941659927,100,0.029915199615061283,445,0.00740859960205853,19,0.0063207007478922606,567,0.04511499986983836,success
XGB,15,48736,True,True,0.043620599899441004,True,3,3,0.0008550998754799366,100,0.030100000323727727,445,0.007382299983873963,12,0.004045099951326847,560,0.04238429991528392,success
XGB,16,55729,True,True,0.04753360012546182,True,7,7,0.002106900094076991,100,0.030675199814140797,445,0.00765420007519424,18,0.005866900086402893,570,0.04630460008047521,success
XGB,17,86587,True,True,0.04681119997985661,True,2,2,0.0005781999789178371,100,0.0304169999435544,445,0.008113800082355738,19,0.006469500018283725,566,0.04558030003681779,success
XGB,18,38294,True,True,0.05324000003747642,True,3,3,0.0008409000001847744,100,0.0304583003744483,445,0.00757649983279407,42,0.013108799699693918,590,0.05198629992082715,success
XGB,19,62715,True,True,0.04435009998269379,True,4,4,0.0011309999972581863,100,0.03010940016247332,445,0.007519200211390853,13,0.004355299519374967,562,0.04311620001681149,success
XGB,20,48199,True,True,0.056645199889317155,True,7,7,0.0019330999348312616,100,0.03151059988886118,445,0.007522499421611428,45,0.014427700778469443,597,0.0553955000359565,success
XGB,21,78164,True,True,0.044354300014674664,True,3,3,0.0009411999490112066,100,0.03052949975244701,445,0.007581100799143314,11,0.004022299544885755,559,0.0430757999420166,success
XGB,22,54912,True,True,0.046772300032898784,True,5,5,0.0013753999955952168,100,0.029800700256600976,445,0.007585299899801612,19,0.006753999972715974,569,0.0455167000181973,success
XGB,23,26754,True,True,0.04539670003578067,True,5,5,0.0015229000709950924,100,0.02963489992544055,445,0.007842800114303827,15,0.005044100107625127,565,0.04404619988054037,success
XGB,24,58306,True,True,0.05379729997366667,True,1,1,0.0003002001903951168,100,0.030349899781867862,445,0.0075125000439584255,46,0.014409400057047606,592,0.052574000088497996,success
XGB,25,100994,True,True,0.048410600051283836,True,1,1,0.00035470002330839634,100,0.029922900022938848,445,0.007475299993529916,29,0.00930129992775619,575,0.04705590009689331,success
XGB,26,35698,True,True,0.0449135999660939,True,3,3,0.0008604999165982008,100,0.03011329984292388,445,0.007613399997353554,15,0.005090000107884407,563,0.04367879987694323,success
XGB,27,6981,True,True,0.04693869990296662,True,4,4,0.0012219001073390245,100,0.0306275999173522,445,0.0075241997838020325,19,0.006230600411072373,568,0.04560600011609495,success
XGB,28,98071,True,True,0.0524341999553144,True,1,1,0.0003274998161941767,100,0.0326389002148062,445,0.008317899890244007,28,0.00981450011022389,574,0.05110060004517436,success
XGB,29,26331,True,True,0.050961900036782026,True,1,1,0.0003095001447945833,100,0.0307479000184685,445,0.007916799513623118,33,0.01067890040576458,579,0.04965450009331107,success
XGB,30,94388,True,True,0.04699499998241663,True,1,1,0.0003172997385263443,100,0.031069400487467647,445,0.0077837996650487185,19,0.006482699885964394,565,0.04565549991093576,success
XGB,31,16592,True,True,0.045764399925246835,True,1,1,0.00032710027880966663,100,0.0314561000559479,445,0.007880199933424592,12,0.004304899834096432,558,0.043970200000330806,success
XGB,32,87537,True,True,0.04740160005167127,True,2,2,0.0006280001252889633,100,0.03208119980990887,445,0.008091099560260773,15,0.00525480043143034,562,0.04605729994364083,success
XGB,33,46627,True,True,0.06161720003001392,True,3,3,0.0009798998944461346,100,0.04309759987518191,445,0.009961100062355399,14,0.00628550024703145,562,0.06032550008967519,success
XGB,34,90045,True,True,0.05410249996930361,True,7,7,0.0026077001821249723,100,0.035473799565806985,445,0.008486599894240499,14,0.005478100385516882,566,0.05204809992574155,success
XGB,35,69937,True,True,0.05334540014155209,True,4,4,0.0012656999751925468,100,0.03141849976964295,445,0.007657799869775772,36,0.011669700499624014,585,0.0520136000122875,success
XGB,36,81317,True,True,0.04937290004454553,True,2,2,0.0005906000733375549,100,0.030170099809765816,445,0.007639700081199408,30,0.009736900217831135,577,0.048138999845832586,success
XGB,37,48652,True,True,0.04715960007160902,True,4,4,0.0011221999302506447,100,0.03013689978979528,445,0.007392200408503413,22,0.007265899563208222,571,0.04591910005547106,success
XGB,38,35880,True,True,0.046110899886116385,True,2,2,0.0005743999499827623,100,0.030445499578490853,445,0.007507700473070145,19,0.006347199901938438,566,0.04487639991566539,success
XGB,39,9859,True,True,0.044127500150352716,True,3,3,0.000936900032684207,100,0.029827399645000696,445,0.007592300418764353,13,0.004502099938690662,561,0.04286040016449988,success
XGB,40,92572,True,True,0.05756840016692877,True,2,2,0.000570300268009305,100,0.029862899566069245,445,0.007581700338050723,60,0.0183271998539567,607,0.056343600153923035,success
XGB,41,47974,True,True,0.050788799999281764,True,1,1,0.000301100080832839,100,0.030803100671619177,445,0.007612900342792273,34,0.010835099034011364,580,0.049554199911653996,success
XGB,42,100916,True,True,0.05266260006465018,True,4,4,0.001185599947348237,100,0.03126499988138676,445,0.007817800622433424,35,0.011033699614927173,584,0.05130359996110201,success
XGB,43,103584,True,True,0.047075900016352534,True,2,2,0.0006073999684303999,100,0.03222130052745342,445,0.008810099679976702,12,0.004163599805906415,559,0.045804399996995926,success
XGB,44,59470,True,True,0.06417380017228425,True,1,1,0.0003049997612833977,100,0.03153130039572716,445,0.008254099870100617,72,0.02285690000280738,618,0.06294910004362464,success
XGB,45,5298,True,True,0.05506990011781454,True,5,5,0.0014863000251352787,100,0.03049920010380447,445,0.007983599789440632,44,0.013855400029569864,594,0.05382629996165633,success
XGB,46,67260,True,True,0.04653539997525513,True,1,1,0.0002983999438583851,100,0.030351799679920077,445,0.007551300572231412,22,0.007110199658200145,568,0.04531319998204708,success
XGB,47,16513,True,True,0.04795969999395311,True,1,1,0.0002991999499499798,100,0.02989430003799498,445,0.0074067998211830854,28,0.009121099952608347,574,0.046723200008273125,success
XGB,48,85738,True,True,0.04500250006094575,True,1,1,0.00030189985409379005,100,0.030415899818763137,445,0.0075538004748523235,17,0.005489499773830175,563,0.043762599816545844,success
XGB,49,19466,True,True,0.049467300064861774,True,6,6,0.0018316998612135649,100,0.03043850022368133,445,0.0076108998619019985,26,0.00830480013974011,577,0.04818729986436665,success
XGB,50,196,True,True,0.04387139994651079,True,3,3,0.0009755999781191349,100,0.030139299808070064,445,0.007630199193954468,11,0.003783400868996978,559,0.042530300095677376,success
XGB,51,72529,True,True,0.05177800008095801,True,1,1,0.00030220020562410355,100,0.029588800156489015,445,0.008103200001642108,41,0.012500099604949355,587,0.05049609998241067,epsilon_underflow
XGB,52,97707,True,True,0.044229499995708466,True,5,5,0.001544400118291378,100,0.0297027004417032,445,0.007607900537550449,10,0.003980799112468958,560,0.04283759999088943,success
XGB,53,53379,True,True,0.044038199819624424,True,3,3,0.0008553999941796064,100,0.03049350017681718,445,0.007842500461265445,10,0.0035508994478732347,558,0.04274379997514188,success
XGB,54,3886,True,True,0.1009207998868078,True,1,1,0.0003029999788850546,100,0.029717799741774797,445,0.007883200189098716,204,0.06167990015819669,750,0.09958590008318424,epsilon_underflow
XGB,55,100383,True,True,0.04272920009680092,True,1,1,0.00032279989682137966,100,0.030136599903926253,445,0.007582499412819743,10,0.0034181007649749517,556,0.04146170010790229,success
XGB,56,101125,True,True,0.06194079993292689,True,1,1,0.00030489987693727016,100,0.029610600089654326,445,0.007437899941578507,76,0.02332700020633638,622,0.0606819000095129,epsilon_underflow
XGB,57,83625,True,True,0.09097840008325875,True,1,1,0.00030099996365606785,100,0.030132900224998593,445,0.007520700339227915,172,0.0517704994417727,718,0.08972689998336136,epsilon_underflow
XGB,58,75603,True,True,0.04334660014137626,True,1,1,0.00029939995147287846,100,0.030210000229999423,445,0.00757319969125092,12,0.004021600121632218,558,0.0421057001221925,success
XGB,59,25488,True,True,0.04524190002121031,True,1,1,0.0003036998677998781,100,0.029877099907025695,445,0.007626700215041637,19,0.006168899824842811,565,0.04397779982537031,success
XGB,60,3574,True,True,0.044447099789977074,True,1,1,0.00030390010215342045,100,0.03125370014458895,445,0.008075699675828218,10,0.003548000007867813,556,0.043182400055229664,success
XGB,61,77750,True,True,0.044176199939101934,True,3,3,0.0008753000292927027,100,0.03062380012124777,445,0.007535200798884034,11,0.003840299090370536,559,0.04287629993632436,success
XGB,62,55469,True,True,0.0631258999928832,True,1,1,0.000309899915009737,100,0.02995100012049079,445,0.00748830009251833,78,0.023988699773326516,624,0.06173979979939759,epsilon_underflow
XGB,63,46129,True,True,0.04377629980444908,True,2,2,0.0005962997674942017,100,0.030892100417986512,445,0.007586500374600291,10,0.003396299434825778,557,0.042472600005567074,success
XGB,64,56120,True,True,0.0453571998514235,True,1,1,0.0003030998632311821,100,0.03046920010820031,445,0.00754620018415153,17,0.005718499654904008,563,0.04403859982267022,success
XGB,65,99237,True,True,0.0906677998136729,True,1,1,0.00035859993658959866,100,0.029707699781283736,445,0.007444400107488036,171,0.0516661002766341,717,0.08917890000157058,epsilon_underflow
XGB,66,100883,True,True,0.04392009996809065,True,1,1,0.0007563999388366938,100,0.03023880021646619,445,0.00756719964556396,12,0.004085400141775608,558,0.04264919995330274,success
XGB,67,72624,True,True,0.04353879997506738,True,1,1,0.0002996001858264208,100,0.029656799975782633,445,0.007969400379806757,13,0.004374099662527442,559,0.04230109998025,success
XGB,68,76858,True,True,0.0532389001455158,True,1,1,0.0003057001158595085,100,0.030494199600070715,445,0.007426599971950054,45,0.0137751002330333,591,0.052003500051796436,epsilon_underflow
XGB,69,50816,True,True,0.04306429997086525,True,2,2,0.0006053999532014132,100,0.03023419971577823,445,0.007502200314775109,10,0.0034829999785870314,557,0.04182630009017885,success
XGB,70,87030,True,True,0.044001900125294924,True,1,1,0.00031990022398531437,100,0.030337899457663298,445,0.007421000162139535,12,0.0041060002986341715,558,0.04218659992329776,success
XGB,71,52033,True,True,0.12649470008909702,True,1,1,0.00029890029691159725,100,0.030309799360111356,445,0.007597500458359718,292,0.08694449998438358,838,0.12515250011347234,epsilon_underflow
XGB,72,79060,True,True,0.04523769998922944,True,1,1,0.0003021000884473324,100,0.029946299735456705,445,0.00759640010073781,17,0.005648500053212047,563,0.04349460010416806,success
XGB,73,1819,True,True,0.042804500088095665,True,1,1,0.00036489986814558506,100,0.03013649955391884,445,0.007473299512639642,10,0.0034022009931504726,556,0.04137849994003773,success
XGB,74,94780,True,True,0.044726100051775575,True,2,2,0.0006296001374721527,100,0.03046859963797033,445,0.007566900225356221,14,0.004797900095582008,561,0.0434646001085639,success
XGB,75,27339,True,True,0.07112710014916956,True,1,1,0.0003052998799830675,100,0.030593300238251686,445,0.00760469981469214,105,0.03131990018300712,651,0.06982479989528656,epsilon_underflow
XGB,76,73306,True,True,0.04308520001359284,True,1,1,0.00030520022846758366,100,0.030557900434359908,445,0.007452400401234627,10,0.0034394990652799606,556,0.04175660014152527,success
XGB,77,100357,True,True,0.043985400116071105,True,2,2,0.0005846996791660786,100,0.02988010016269982,445,0.00762900011613965,14,0.004594999831169844,561,0.04269019979983568,success
XGB,78,94256,True,True,0.046386800007894635,True,2,2,0.0005807001143693924,100,0.0303273000754416,445,0.007411799626424909,20,0.006758600240573287,567,0.045080000068992376,success
XGB,79,42356,True,True,0.0445511001162231,True,1,1,0.00030179996974766254,100,0.031236400129273534,445,0.008229900384321809,10,0.003519299440085888,556,0.04328919993713498,success
XGB,80,86035,True,True,0.0451154001057148,True,3,3,0.0008626000490039587,100,0.030310599831864238,445,0.007329999934881926,16,0.005293600028380752,564,0.04379859985783696,success
XGB,81,96655,True,True,0.10868680011481047,True,1,1,0.0003178997430950403,100,0.029643600108101964,445,0.007931499974802136,231,0.06953039998188615,777,0.10742509993724525,epsilon_underflow
XGB,82,109984,True,True,0.04386490001343191,True,1,1,0.0003016002010554075,100,0.030160500202327967,445,0.00743780005723238,14,0.00464849965646863,560,0.0425501000136137,success
XGB,83,67056,True,True,0.042908200062811375,True,1,1,0.00032210000790655613,100,0.03034390020184219,445,0.007573300041258335,10,0.0034164998214691877,556,0.041657499969005585,success
XGB,84,91765,True,True,0.04378289985470474,True,1,1,0.00030509987846016884,100,0.030037600314244628,445,0.0074402999598532915,13,0.004710299661383033,559,0.04249449982307851,success
XGB,85,82959,True,True,0.04303790000267327,True,2,2,0.0005805997643619776,100,0.030378199880942702,445,0.007412099977955222,10,0.0033892004285007715,557,0.04176179994828999,success
XGB,86,12070,True,True,0.047359100077301264,True,1,1,0.00035050022415816784,100,0.02960029966197908,445,0.007515899837017059,25,0.0085745002143085,571,0.04604280018247664,success
XGB,87,101357,True,True,0.04521550005301833,True,1,1,0.0003386999014765024,100,0.030219400534406304,445,0.00745570077560842,18,0.005954998545348644,564,0.043970400001853704,success
XGB,88,7311,True,True,0.12565289996564388,True,3,3,0.0008598000276833773,100,0.0314467994030565,445,0.007474200334399939,266,0.08464000024832785,814,0.12442269991151989,epsilon_underflow
XGB,89,55096,True,True,0.04383739992044866,True,3,3,0.000883100088685751,100,0.030273900600150228,445,0.007681000046432018,11,0.003748199436813593,559,0.04258800018578768,success
XGB,90,5857,True,True,0.04376940010115504,True,1,1,0.00030419998802244663,100,0.030316600343212485,445,0.007317299954593182,13,0.004513699794188142,559,0.042453099973499775,success
XGB,91,36566,True,True,0.04273979994468391,True,1,1,0.0003060000017285347,100,0.029659000225365162,445,0.007960799848660827,10,0.0034851001109927893,556,0.04141229996457696,success
XGB,92,39294,True,True,0.1002462999895215,True,1,1,0.000301100080832839,100,0.030955099500715733,445,0.007351200096309185,204,0.06040480034425855,750,0.0990136000327766,epsilon_underflow
XGB,93,75690,True,True,0.042641500011086464,True,1,1,0.0003018002025783062,100,0.03024809993803501,445,0.007435699226334691,10,0.003366301069036126,556,0.04135340009815991,success
XGB,94,1097,True,True,0.044234300032258034,True,2,2,0.000658300006762147,100,0.029928900068625808,445,0.007541299797594547,14,0.004734100075438619,561,0.04286379995755851,success
XGB,95,89929,True,True,0.06409260001964867,True,1,1,0.00031919986940920353,100,0.029929599724709988,445,0.007888199994340539,82,0.024729100288823247,628,0.06286740000359714,epsilon_underflow
XGB,96,22311,True,True,0.04267660016193986,True,1,1,0.00030080019496381283,100,0.02996130008250475,445,0.0073511002119630575,11,0.003820999525487423,557,0.04143580002710223,success
XGB,97,93984,True,True,0.04262419999577105,True,1,1,0.00029959995299577713,100,0.030048900051042438,445,0.007521599996834993,10,0.003509099828079343,556,0.04138089995831251,success
XGB,98,100979,True,True,0.04360840003937483,True,1,1,0.000385599909350276,100,0.02985340030863881,445,0.007445000112056732,12,0.0040292993653565645,558,0.041714799823239446,success
XGB,99,4685,True,True,0.04236610000953078,True,1,1,0.0003160999622195959,100,0.03002339997328818,445,0.007434999803081155,10,0.0033604002092033625,556,0.04113649995997548,success
LGBM,0,23309,True,True,0.06817959994077682,True,2,2,0.0010804000776261091,100,0.04419350065290928,445,0.010545400436967611,22,0.010247098980471492,569,0.06606839993037283,success
LGBM,1,69500,True,True,0.06467670015990734,True,1,1,0.00047039962373673916,100,0.045175599632784724,445,0.010678400052711368,13,0.006281400565057993,559,0.06260730000212789,success
LGBM,2,73626,True,True,0.0709822999779135,True,1,1,0.00047600013203918934,100,0.04490919969975948,445,0.010571000166237354,28,0.01303189992904663,574,0.06899000005796552,success
LGBM,3,15699,True,True,0.07076940010301769,True,7,7,0.002947000088170171,100,0.04408559971489012,445,0.01012779981829226,25,0.011774900369346142,577,0.06893730000592768,success
LGBM,4,15234,True,True,0.06831240002065897,True,3,3,0.001287700142711401,100,0.04440090013667941,445,0.010532000102102757,22,0.010279099456965923,570,0.06650159996934235,success
LGBM,5,93866,True,True,0.06840249989181757,True,9,9,0.003833899972960353,100,0.04436499951407313,445,0.010408399859443307,16,0.007984300842508674,570,0.06659359997138381,success
LGBM,6,27400,True,True,0.06404019985347986,True,1,1,0.00045619974844157696,100,0.04430680046789348,445,0.010341200279071927,15,0.007052599219605327,561,0.06215869984589517,success
LGBM,7,27888,True,True,0.06394259980879724,True,4,4,0.001701700035482645,100,0.04397760075516999,445,0.010619099950417876,12,0.005839699413627386,561,0.06213969993405044,success
LGBM,8,17259,True,True,0.06512579997070134,True,7,7,0.0031437999568879604,100,0.04389810003340244,445,0.010333799757063389,12,0.005894900299608707,564,0.06327280006371439,success
LGBM,9,61392,True,True,0.06608409993350506,True,4,4,0.0017418998759239912,100,0.044260399881750345,445,0.010327400173991919,17,0.007926000049337745,566,0.06425729999318719,success
LGBM,10,98173,True,True,0.06287309993058443,True,3,3,0.0013752998784184456,100,0.04426280036568642,445,0.010520799783989787,10,0.0048924998845905066,558,0.06105300015769899,success
LGBM,11,40308,True,True,0.06760190008208156,True,2,2,0.0009220000356435776,100,0.04383890051394701,445,0.010309699922800064,23,0.01067729969508946,570,0.06574960006400943,success
LGBM,12,9249,True,True,0.0701884999871254,True,8,8,0.0034421999007463455,100,0.04402329958975315,445,0.010397599544376135,23,0.010524900862947106,576,0.0683895000256598,success
LGBM,13,43320,True,True,0.07351429993286729,True,7,7,0.0030569001100957394,100,0.04408910032361746,445,0.01049510040320456,31,0.014088799245655537,583,0.07173159997910261,success
LGBM,14,83353,True,True,0.06524399993941188,True,1,1,0.0004453000146895647,100,0.04398640035651624,445,0.010439599631354213,18,0.008483499987050891,564,0.06335610011592507,success
LGBM,15,48736,True,True,0.06307549984194338,True,2,2,0.0009266999550163746,100,0.04444429953582585,445,0.010583499679341912,11,0.005325200734660029,558,0.061281099915504456,success
LGBM,16,55729,True,True,0.06949110003188252,True,3,3,0.0013541001826524734,100,0.04377899970859289,445,0.010396799305453897,26,0.012112800730392337,574,0.06764440005645156,success
LGBM,17,86587,True,True,0.06365310004912317,True,3,3,0.0013153997715562582,100,0.04390830034390092,445,0.010278299916535616,13,0.006186099722981453,561,0.06168980011716485,success
LGBM,18,38294,True,True,0.0646138999145478,True,1,1,0.0004482001531869173,100,0.04409589967690408,445,0.010543500073254108,16,0.00769340037368238,562,0.0627827001735568,success
LGBM,19,62715,True,True,0.06457789987325668,True,1,1,0.0004411002155393362,100,0.04442469961941242,445,0.010332800215110183,16,0.007559299934655428,562,0.06275989999994636,success
LGBM,20,48199,True,True,0.06262569990940392,True,2,2,0.0009306997526437044,100,0.044093600707128644,445,0.01040409947745502,11,0.005373199936002493,558,0.06080339988693595,success
LGBM,21,78164,True,True,0.08330269996076822,True,3,3,0.001368899829685688,100,0.0441960000898689,445,0.010162399848923087,56,0.025726100197061896,604,0.08145499997772276,success
LGBM,22,54912,True,True,0.06916920002549887,True,7,7,0.0030387002043426037,100,0.04410239960998297,445,0.010829700157046318,20,0.009375900030136108,572,0.06734890001825988,success
LGBM,23,26754,True,True,0.06364279985427856,True,4,4,0.0017961000557988882,100,0.043994400184601545,445,0.010593099752441049,11,0.005430299788713455,560,0.06181550002656877,success
LGBM,24,58306,True,True,0.06708279997110367,True,1,1,0.0004496998153626919,100,0.045388099970296025,445,0.01066609937697649,12,0.00868410081602633,558,0.06518939998932183,success
LGBM,25,100994,True,True,0.06325650005601346,True,1,1,0.0004575003404170275,100,0.04490299988538027,445,0.010598400142043829,11,0.00546339969150722,557,0.061424200190231204,success
LGBM,26,35698,True,True,0.06826309999451041,True,2,2,0.0009631002321839333,100,0.04583359998650849,445,0.011085399659350514,16,0.00854950025677681,563,0.06643300014548004,success
LGBM,27,6981,True,True,0.06890469999052584,True,6,6,0.002697400050237775,100,0.04742589988745749,445,0.011459500528872013,11,0.005485899513587356,562,0.06707029999233782,success
LGBM,28,98071,True,True,0.0718568000011146,True,4,4,0.001818999880924821,100,0.048177000135183334,445,0.011229300172999501,16,0.008759599644690752,565,0.06998639996163547,success
LGBM,29,26331,True,True,0.06313000014051795,True,3,3,0.0012868000194430351,100,0.04398660035803914,445,0.010580499889329076,11,0.0052821997087448835,559,0.06113779987208545,success
LGBM,30,94388,True,True,0.06566709978505969,True,1,1,0.0004517999477684498,100,0.04718579980544746,445,0.011114699766039848,10,0.005083500407636166,556,0.06383729982189834,success
LGBM,31,16592,True,True,0.07737770001403987,True,5,5,0.002247600117698312,100,0.04424680024385452,445,0.01078609935939312,40,0.018288600258529186,590,0.07557089999318123,success
LGBM,32,87537,True,True,0.06325490004383028,True,2,2,0.0009623998776078224,100,0.04427849990315735,445,0.010790100088343024,11,0.0054090002086013556,558,0.061441799858585,success
LGBM,33,46627,True,True,0.06546010007150471,True,1,1,0.0004584002308547497,100,0.04440080025233328,445,0.010675099678337574,17,0.008015899918973446,563,0.06355180009268224,success
LGBM,34,90045,True,True,0.07016890007071197,True,6,6,0.0028363000601530075,100,0.04594490001909435,445,0.010626100236549973,18,0.00853039976209402,569,0.06793969986028969,success
LGBM,35,69937,True,True,0.06432010000571609,True,1,1,0.00045519997365772724,100,0.045599299715831876,445,0.010794500121846795,11,0.005659600254148245,557,0.06251019984483719,success
LGBM,36,81317,True,True,0.06847189995460212,True,3,3,0.0013468998949974775,100,0.044330500066280365,445,0.010652000084519386,22,0.010334699647501111,570,0.06666589993983507,success
LGBM,37,48652,True,True,0.07059570006094873,True,3,3,0.00135310017503798,100,0.0462952998932451,445,0.011305899824947119,20,0.009819800034165382,568,0.06877609994262457,success
LGBM,38,35880,True,True,0.06662259995937347,True,1,1,0.00048399996012449265,100,0.044456600211560726,445,0.010531899984925985,19,0.008931099902838469,565,0.06440549995750189,success
LGBM,39,9859,True,True,0.06472570006735623,True,1,1,0.0004366000648587942,100,0.04443780006840825,445,0.010831499705091119,15,0.007224300177767873,561,0.0629321001470089,success
LGBM,40,92572,True,True,0.06341709988191724,True,2,2,0.0009430998470634222,100,0.04443750041536987,445,0.010701899416744709,11,0.0054293000139296055,558,0.06151359993964434,success
LGBM,41,47974,True,True,0.07630839990451932,True,5,5,0.0021556997671723366,100,0.044358500046655536,445,0.01054069958627224,37,0.017339200479909778,587,0.07439600001089275,success
LGBM,42,100916,True,True,0.06960340007208288,True,13,13,0.005493899807333946,100,0.04550040024332702,445,0.010751199908554554,12,0.005872499896213412,570,0.0676196999847889,success
LGBM,43,103584,True,True,0.06955899996683002,True,1,1,0.00043909973464906216,100,0.04401249997317791,445,0.010520899901166558,27,0.01269360026344657,573,0.06766809988766909,success
LGBM,44,59470,True,True,0.06239500013180077,True,2,2,0.0008655998390167952,100,0.0440460997633636,445,0.010699599515646696,10,0.004913300974294543,557,0.06052660010755062,success
LGBM,45,5298,True,True,0.0634178000036627,True,2,2,0.0008688000962138176,100,0.04424049984663725,445,0.01033529988490045,13,0.0061274003237485886,560,0.061573800165206194,success
LGBM,46,67260,True,True,0.06305109988898039,True,2,2,0.0008618999272584915,100,0.04483180004172027,445,0.010574499377980828,10,0.004966400563716888,557,0.06123660015873611,success
LGBM,47,16513,True,True,0.07115380000323057,True,1,1,0.0004422999918460846,100,0.045408200239762664,445,0.010597499553114176,27,0.01288290019147098,573,0.06933269998989999,success
LGBM,48,85738,True,True,0.07474509999155998,True,4,4,0.002067900262773037,100,0.04641870013438165,445,0.011372300330549479,26,0.013038599397987127,575,0.07289930013939738,success
LGBM,49,19466,True,True,0.06819889997132123,True,2,2,0.0008775000460445881,100,0.04730639955960214,445,0.01092030038125813,15,0.007296000141650438,562,0.06640220014378428,success
LGBM,50,196,True,True,0.061777800088748336,True,1,1,0.00044470024295151234,100,0.044329599710181355,445,0.010409400099888444,10,0.004783899988979101,556,0.0599696000572294,success
LGBM,51,72529,True,True,0.062252100091427565,True,1,1,0.0004379998426884413,100,0.04442300018854439,445,0.010710200062021613,10,0.004861299879848957,556,0.06043409998528659,success
LGBM,52,97707,True,True,0.06483669998124242,True,1,1,0.00043959985487163067,100,0.04633579961955547,445,0.010582400020211935,11,0.005681600421667099,557,0.063041300047189,success
LGBM,53,53379,True,True,0.06288570002652705,True,1,1,0.00046309991739690304,100,0.04431609995663166,445,0.011290299706161022,10,0.004943400388583541,556,0.061014699982479215,success
LGBM,54,3886,True,True,0.0664522999431938,True,1,1,0.00043879984878003597,100,0.043905699625611305,445,0.010541100287809968,21,0.009765800088644028,567,0.0646532999817282,success
LGBM,55,100383,True,True,0.06664380012080073,True,1,1,0.00044150021858513355,100,0.0445973000023514,445,0.010468699969351292,20,0.00932519999332726,566,0.06483469996601343,success
LGBM,56,101125,True,True,0.06296169990673661,True,2,2,0.0008857001084834337,100,0.04384609987027943,445,0.010499299736693501,12,0.0057793003506958485,559,0.061011800076812506,success
LGBM,57,83625,True,True,0.06435759994201362,True,1,1,0.0004412999842315912,100,0.045478699961677194,445,0.011465899646282196,10,0.005149000324308872,556,0.06253629992716014,success
LGBM,58,75603,True,True,0.06637579994276166,True,1,1,0.0004406999796628952,100,0.044821199728176,445,0.010767699917778373,18,0.008546000346541405,564,0.06457749987021089,success
LGBM,59,25488,True,True,0.06676799990236759,True,1,1,0.0004948999267071486,100,0.04477469972334802,445,0.010586600052192807,19,0.009002800099551678,565,0.06486060004681349,success
LGBM,60,3574,True,True,0.0630803001113236,True,1,1,0.00045810011215507984,100,0.04454509960487485,445,0.010893700178712606,11,0.005384900141507387,557,0.06128360005095601,success
LGBM,61,77750,True,True,0.06592700001783669,True,1,1,0.0004359001759439707,100,0.043947700411081314,445,0.010812800144776702,19,0.00886289938353002,565,0.06406129989773035,success
LGBM,62,55469,True,True,0.06313619995489717,True,1,1,0.00044720014557242393,100,0.04500290006399155,445,0.01091560022905469,10,0.004914599470794201,556,0.06128200003877282,success
LGBM,63,46129,True,True,0.06343270000070333,True,1,1,0.00045810011215507984,100,0.04511259961873293,445,0.010927299968898296,10,0.005043200217187405,556,0.061543399933725595,success
LGBM,64,56120,True,True,0.06958180014044046,True,2,2,0.0010405001230537891,100,0.04691009991802275,445,0.011013699928298593,18,0.00875260028988123,565,0.06771899992600083,success
LGBM,65,99237,True,True,0.06352089997380972,True,1,1,0.00045779999345541,100,0.04451629985123873,445,0.010467799846082926,13,0.006221100455150008,559,0.06166459992527962,success
LGBM,66,100883,True,True,0.06133260019123554,True,1,1,0.00044410000555217266,100,0.04404469998553395,445,0.010270100319758058,10,0.004771299660205841,556,0.05953180021606386,success
LGBM,67,72624,True,True,0.06558410008437932,True,1,1,0.0004412999842315912,100,0.0470772001426667,445,0.010956500191241503,10,0.005151899764314294,556,0.06362870009616017,success
LGBM,68,76858,True,True,0.08531189989298582,True,1,1,0.0007694000378251076,100,0.059454000322148204,445,0.012801099568605423,19,0.009995200205594301,565,0.08302190015092492,success
LGBM,69,50816,True,True,0.0652946000918746,True,1,1,0.00047530001029372215,100,0.04582670028321445,445,0.010743200313299894,13,0.006354899145662785,559,0.06340210000053048,success
LGBM,70,87030,True,True,0.06345280003733933,True,1,1,0.00048819975927472115,100,0.04499729978851974,445,0.010562100214883685,11,0.005471100099384785,557,0.06152039999142289,success
LGBM,71,52033,True,True,0.06319609982892871,True,1,1,0.0004678000696003437,100,0.04480840056203306,445,0.010926099959760904,10,0.00499299936927855,556,0.06119709997437894,success
LGBM,72,79060,True,True,0.06285439990460873,True,2,2,0.000861200038343668,100,0.044031899655237794,445,0.010329899610951543,12,0.005777300801128149,559,0.06100230012089014,success
LGBM,73,1819,True,True,0.0636515999212861,True,2,2,0.0008764001540839672,100,0.04415219998918474,445,0.010586000047624111,13,0.006229299819096923,560,0.06184599990956485,success
LGBM,74,94780,True,True,0.06292790011502802,True,1,1,0.0004894998855888844,100,0.04458789969794452,445,0.010689199902117252,11,0.005365500459447503,557,0.06113389995880425,success
LGBM,75,27339,True,True,0.06278160004876554,True,1,1,0.00043899985030293465,100,0.044593000086024404,445,0.010974499629810452,10,0.004960600286722183,556,0.060968799982219934,success
LGBM,76,73306,True,True,0.06317979982122779,True,1,1,0.00046639982610940933,100,0.044381700456142426,445,0.010698099387809634,12,0.005770000163465738,558,0.061317999847233295,success
LGBM,77,100357,True,True,0.06147770001552999,True,1,1,0.0004438001196831465,100,0.0442646995652467,445,0.010194499744102359,10,0.004779000533744693,556,0.05968339997343719,success
LGBM,78,94256,True,True,0.06261210003867745,True,1,1,0.00044020009227097034,100,0.044176900293678045,445,0.010423499858006835,12,0.005764199886471033,558,0.060806699795648456,success
LGBM,79,42356,True,True,0.06287240004166961,True,1,1,0.0004507999401539564,100,0.044768199790269136,445,0.010480100056156516,11,0.005333300214260817,557,0.061034000013023615,success
LGBM,80,86035,True,True,0.06782300001941621,True,1,1,0.00044189998880028725,100,0.048277199966832995,445,0.010711700189858675,13,0.006571199744939804,559,0.06600349978543818,success
LGBM,81,96655,True,True,0.06277650012634695,True,1,1,0.0004512001760303974,100,0.04438899992965162,445,0.010720399208366871,11,0.005421000765636563,557,0.06098330020904541,success
LGBM,82,109984,True,True,0.06457750010304153,True,2,2,0.0008593001402914524,100,0.04628570005297661,445,0.01061580004170537,10,0.0049935998395085335,557,0.06275620008818805,success
LGBM,83,67056,True,True,0.06378510012291372,True,1,1,0.00048099993728101254,100,0.04430249985307455,445,0.010463299695402384,14,0.006625500274822116,560,0.061874100007116795,success
LGBM,84,91765,True,True,0.06972060003317893,True,1,1,0.00044320011511445045,100,0.04550180025398731,445,0.010889200493693352,23,0.010914999293163419,569,0.06775079993531108,success
LGBM,85,82959,True,True,0.06693440000526607,True,1,1,0.00045490008778870106,100,0.04449459980241954,445,0.01054500020109117,20,0.009581000078469515,566,0.06507710018195212,success
LGBM,86,12070,True,True,0.06300510000437498,True,1,1,0.0005072001367807388,100,0.04425509972497821,445,0.010673699667677283,12,0.005732300458475947,558,0.06116969999857247,success
LGBM,87,101357,True,True,0.0643660998903215,True,1,1,0.000466599827632308,100,0.04450460011139512,445,0.01033329963684082,15,0.007112600142136216,561,0.06241969997063279,success
LGBM,88,7311,True,True,0.06190470000728965,True,1,1,0.0004455000162124634,100,0.04416739987209439,445,0.010537800611928105,10,0.00488359946757555,556,0.06003600009717047,success
LGBM,89,55096,True,True,0.06694149994291365,True,1,1,0.0004400999750941992,100,0.04428919986821711,445,0.010609600227326155,21,0.009817699901759624,567,0.0651582998689264,success
LGBM,90,5857,True,True,0.06300389999523759,True,1,1,0.00048370007425546646,100,0.04404739988967776,445,0.010379900690168142,13,0.00623939954675734,559,0.06115219998173416,success
LGBM,91,36566,True,True,0.06582310004159808,True,1,1,0.0004811000544577837,100,0.04447029950097203,445,0.010501200100407004,18,0.008478700183331966,564,0.06393319997005165,success
LGBM,92,39294,True,True,0.06530100014060736,True,1,1,0.000439800089225173,100,0.04409729968756437,445,0.010866799857467413,17,0.008094600401818752,563,0.0635003000497818,success
LGBM,93,75690,True,True,0.06441259989514947,True,1,1,0.0004749998915940523,100,0.04361659986898303,445,0.010471400106325746,16,0.00790999992750585,562,0.06247489992529154,success
LGBM,94,1097,True,True,0.06308489991351962,True,1,1,0.00044329999946057796,100,0.044142900267615914,445,0.01046859985217452,13,0.006175300106406212,559,0.06123180012218654,success
LGBM,95,89929,True,True,0.062247399939224124,True,1,1,0.00045020016841590405,100,0.04419999965466559,445,0.010424700332805514,11,0.005343700060620904,557,0.060420499881729484,success
LGBM,96,22311,True,True,0.07085000001825392,True,1,1,0.000443900004029274,100,0.04478340037167072,445,0.010526200057938695,29,0.01329779950901866,575,0.06905300007201731,success
LGBM,97,93984,True,True,0.06271729990839958,True,1,1,0.00043700006790459156,100,0.04392839991487563,445,0.010263899806886911,13,0.0062956002075225115,559,0.06092670001089573,success
LGBM,98,100979,True,True,0.062214399920776486,True,1,1,0.00045059993863105774,100,0.04417810053564608,445,0.010490200016647577,11,0.005296799587085843,557,0.06041750009171665,success
LGBM,99,4685,True,True,0.06491190008819103,True,2,2,0.0008650999516248703,100,0.044210599502548575,445,0.01050579990260303,16,0.007531900657340884,563,0.06311490014195442,success
