accuracy,precision,recall,f1,fpr,fnr,model,config,attack,asr,best_params,family,epsilon,iters,confidence,n_samples,n_eligible,mean_l2,median_queries_success,query_budget_exhausted,numerical_stagnation,elapsed_s,seed
0.9039778246345566,0.9681119904236216,0.903939892576609,0.934926063291749,0.0959,0.0960601074233909,LR,tuned,clean,0.0,"{'class_weight': None, 'C': 0.01}",,,,,,,,,,,,42
0.8881755075931673,0.9672933736783056,0.8833245366201993,0.923403979098374,0.0962,0.1166754633798006,LR,tuned,FGSM_eps0.15,0.0164419910445639,"{'class_weight': None, 'C': 0.01}",FGSM,0.15,1.0,,,,,,,,,42
0.6573005757066028,0.8972774493999641,0.6221242509857493,0.7347866742450634,0.2294,0.3778757490142507,LR,tuned,FGSM_eps0.3,0.2663176099883911,"{'class_weight': None, 'C': 0.01}",FGSM,0.3,1.0,,,,,,,,,42
0.6039944087753797,0.8568730421964252,0.5775093917849048,0.6899864606710314,0.3107,0.4224906082150951,LR,tuned,FGSM_eps0.5,0.326352199767822,"{'class_weight': None, 'C': 0.01}",FGSM,0.5,1.0,,,,,,,,,42
0.444289132649435,0.7216959627171876,0.4423297836008569,0.5484889316650625,0.5494,0.557670216399143,LR,tuned,FGSM_eps0.75,0.4881897225710156,"{'class_weight': None, 'C': 0.01}",FGSM,0.75,1.0,,,,,,,,,42
0.8429008031462484,0.9469802879910528,0.8412245024682542,0.8909751566070929,0.1517,0.1587754975317457,LR,tuned,PGD_eps0.15_it10,0.0845317349380463,"{'class_weight': None, 'C': 0.01}",PGD,0.15,10.0,,,,,,,,,42
0.846904688573527,0.9497292576419214,0.8440497997454127,0.8937765065588322,0.1439,0.1559502002545872,LR,tuned,PGD_eps0.15_it25,0.0772347129759056,"{'class_weight': None, 'C': 0.01}",PGD,0.15,25.0,,,,,,,,,42
0.7046127603117819,0.897795510417926,0.6916389828929802,0.7813475500683946,0.2536,0.3083610171070198,LR,tuned,PGD_eps0.3_it10,0.2218721125826245,"{'class_weight': None, 'C': 0.01}",PGD,0.3,10.0,,,,,,,,,42
0.7709967068634651,0.9093220031230708,0.7774224595609923,0.8382151106350216,0.2497,0.2225775404390077,LR,tuned,PGD_eps0.3_it25,0.153663910540406,"{'class_weight': None, 'C': 0.01}",PGD,0.3,25.0,,,,,,,,,42
0.5747115544078277,0.7817563828946328,0.6141140674966624,0.687868407782859,0.5522,0.3858859325033376,LR,tuned,PGD_eps0.5_it10,0.3549716885024521,"{'class_weight': None, 'C': 0.01}",PGD,0.5,10.0,,,,,,,,,42
0.5259541803880688,0.7492237293675437,0.5693439721816883,0.6470142012878186,0.6138,0.4306560278183116,LR,tuned,PGD_eps0.5_it25,0.4066431329811177,"{'class_weight': None, 'C': 0.01}",PGD,0.5,25.0,,,,,,,,,42
0.5474187969390414,0.8017312828068883,0.5405942438448881,0.6457618632595916,0.4306,0.4594057561551119,LR,tuned,PGD_eps0.75_it10,0.3831647279016323,"{'class_weight': None, 'C': 0.01}",PGD,0.75,10.0,,,,,,,,,42
0.4437442251652491,0.6843950659006421,0.5029960570027011,0.5798393013725596,0.7471,0.4970039429972989,LR,tuned,PGD_eps0.75_it25,0.4892795375393873,"{'class_weight': None, 'C': 0.01}",PGD,0.75,25.0,,,,,,,,,42
0.9026984766282072,0.967338521918446,0.9029774286690057,0.934050582095544,0.0982,0.0970225713309944,LR,tuned,CW_c0.0_it10,0.0013267312658437,"{'class_weight': None, 'C': 0.01}",CW,,10.0,0.0,,,,,,,,42
0.90267478499846,0.9672131147540984,0.9030705703374832,0.9340419382807232,0.0986,0.0969294296625166,LR,tuned,CW_c0.5_it10,0.0013741145253381,"{'class_weight': None, 'C': 0.01}",CW,,10.0,0.5,,,,,,,,42
0.08,0.1111111111111111,0.12,0.1153846153846153,0.96,0.88,LR,tuned,HopSkipJump_direct,1.0,"{'class_weight': None, 'C': 0.01}",,,,,100.0,92.0,0.624233067035675,556.0,0.0,0.0,0.751044511795044,42
0.9037882915965788,0.9680723692962618,0.9037225620168275,0.9347913354850104,0.096,0.0962774379831724,LR,as_submitted,clean,0.0,{'max_iter': 500},,,,,,,,,,,,42
0.7984789973702291,0.9626419955498302,0.7656245148871433,0.8529035382008093,0.0957,0.2343754851128566,LR,as_submitted,FGSM_eps0.15,0.1064228008244687,{'max_iter': 500},FGSM,0.15,1.0,,,,,,,,,42
0.6560686109597479,0.8910352753956325,0.6258188705020336,0.7352410132953986,0.2465,0.3741811294979664,LR,as_submitted,FGSM_eps0.3,0.2737804733587623,{'max_iter': 500},FGSM,0.3,1.0,,,,,,,,,42
0.5249117486791917,0.8273021001615509,0.4769784842745816,0.6050926564130842,0.3207,0.5230215157254183,LR,as_submitted,FGSM_eps0.5,0.40543485986401,{'max_iter': 500},FGSM,0.5,1.0,,,,,,,,,42
0.4006254590253263,0.6659302660647393,0.430500791704182,0.522939412796289,0.6956,0.5694992082958179,LR,as_submitted,FGSM_eps0.75,0.5328958279040015,{'max_iter': 500},FGSM,0.75,1.0,,,,,,,,,42
0.8307233054561823,0.9449652038062776,0.8262907882889875,0.8816523942822122,0.155,0.1737092117110124,LR,as_submitted,PGD_eps0.15_it10,0.0963775498116515,{'max_iter': 500},PGD,0.15,10.0,,,,,,,,,42
0.8286858252979222,0.9474419604471196,0.8210438076314074,0.8797258861296385,0.1467,0.1789561923685926,LR,as_submitted,PGD_eps0.15_it25,0.0953825013622687,{'max_iter': 500},PGD,0.15,25.0,,,,,,,,,42
0.6782439764031367,0.8688712871287129,0.6811450215778199,0.7636401608103169,0.3311,0.3188549784221801,LR,as_submitted,PGD_eps0.3_it10,0.2500177687223104,{'max_iter': 500},PGD,0.3,10.0,,,,,,,,,42
0.7414769361984411,0.8811611840927802,0.7642894843056288,0.8185748013167958,0.332,0.2357105156943711,LR,as_submitted,PGD_eps0.3_it25,0.185197469733943,{'max_iter': 500},PGD,0.3,25.0,,,,,,,,,42
0.5381079864483878,0.7526330432017805,0.5879412586544134,0.6601708209865783,0.6224,0.4120587413455866,LR,as_submitted,PGD_eps0.5_it10,0.3921912388353195,{'max_iter': 500},PGD,0.5,10.0,,,,,,,,,42
0.5004146035205762,0.7264066444100643,0.5539445496600329,0.6285603565200543,0.672,0.4460554503399671,LR,as_submitted,PGD_eps0.5_it25,0.4301689213200976,{'max_iter': 500},PGD,0.5,25.0,,,,,,,,,42
0.4600440664313298,0.693547061241266,0.523890837964544,0.5968977166203859,0.7456,0.4761091620354559,LR,as_submitted,PGD_eps0.75_it10,0.4722452557511431,{'max_iter': 500},PGD,0.75,10.0,,,,,,,,,42
0.3798005164775285,0.6278025005297733,0.4599025117203266,0.5308938427352878,0.8782,0.5400974882796734,LR,as_submitted,PGD_eps0.75_it25,0.5501433343599706,{'max_iter': 500},PGD,0.75,25.0,,,,,,,,,42
0.9026037101092184,0.9671477023342422,0.9030395231146574,0.9339948300499332,0.0988,0.0969604768853426,LR,as_submitted,CW_c0.0_it10,0.0012319647468549,{'max_iter': 500},CW,,10.0,0.0,,,,,,,,42
0.9021298775142742,0.9668462357009844,0.9026980036635724,0.9336715852346622,0.0997,0.0973019963364277,LR,as_submitted,CW_c0.5_it10,0.0017294889715463,{'max_iter': 500},CW,,10.0,0.5,,,,,,,,42
0.08,0.1111111111111111,0.12,0.1153846153846153,0.96,0.88,LR,as_submitted,HopSkipJump_direct,1.0,{'max_iter': 500},,,,,100.0,92.0,0.5316653251647949,556.0,0.0,0.0,0.9233863353729248,42
0.9058731550143334,0.9709139426284188,0.9037225620168275,0.9361141037804114,0.0872,0.0962774379831724,SVM,tuned,clean,0.0,"{'class_weight': None, 'C': 0.1}",,,,,,,,,,,,42
0.672534293634059,0.8994221662249642,0.642739606942159,0.7497193350957883,0.2315,0.3572603930578409,SVM,tuned,FGSM_eps0.15,0.2538558127413585,"{'class_weight': None, 'C': 0.1}",FGSM,0.15,1.0,,,,,,,,,42
0.4313061195479637,0.7075428744877826,0.4342264584432923,0.5381714637525011,0.5781,0.5657735415567078,SVM,tuned,FGSM_eps0.3,0.5026889999763083,"{'class_weight': None, 'C': 0.1}",FGSM,0.3,1.0,,,,,,,,,42
0.2765523940391859,0.5445539280958722,0.3174268061721879,0.4010670014122077,0.8551,0.6825731938278121,SVM,tuned,FGSM_eps0.5,0.6592669809756213,"{'class_weight': None, 'C': 0.1}",FGSM,0.5,1.0,,,,,,,,,42
0.2471510815228979,0.5108958837772397,0.3144462727808997,0.3892914112198028,0.9696,0.6855537272191002,SVM,tuned,FGSM_eps0.75,0.688976284678623,"{'class_weight': None, 'C': 0.1}",FGSM,0.75,1.0,,,,,,,,,42
0.8165320192376033,0.9419096130920126,0.8094942407401657,0.8706962765069294,0.1608,0.1905057592598342,SVM,tuned,PGD_eps0.15_it10,0.1146201047170034,"{'class_weight': None, 'C': 0.1}",PGD,0.15,10.0,,,,,,,,,42
0.8109407946172618,0.9416675781107589,0.8019187183706418,0.8661926959321238,0.16,0.1980812816293582,SVM,tuned,PGD_eps0.15_it25,0.1204482456348172,"{'class_weight': None, 'C': 0.1}",PGD,0.15,25.0,,,,,,,,,42
0.5169987443436234,0.7364589167133371,0.5715793722251544,0.643627528099708,0.6588,0.4284206277748455,SVM,tuned,PGD_eps0.3_it10,0.4160013267312658,"{'class_weight': None, 'C': 0.1}",PGD,0.3,10.0,,,,,,,,,42
0.4948233789002345,0.7255698300870286,0.5435747772361762,0.621523278723442,0.6622,0.4564252227638238,SVM,tuned,PGD_eps0.3_it25,0.4395744983297401,"{'class_weight': None, 'C': 0.1}",PGD,0.3,25.0,,,,,,,,,42
0.3981615295316165,0.6395129550672352,0.4843056288614983,0.5511916750587446,0.8793,0.5156943711385017,SVM,tuned,PGD_eps0.5_it10,0.5374446208154658,"{'class_weight': None, 'C': 0.1}",PGD,0.5,10.0,,,,,,,,,42
0.3684759174583619,0.6193628820772967,0.4472973392530038,0.5194519560122589,0.8854,0.5527026607469961,SVM,tuned,PGD_eps0.5_it25,0.5672013077779621,"{'class_weight': None, 'C': 0.1}",PGD,0.5,25.0,,,,,,,,,42
0.3563458030277903,0.6073146847192064,0.4428575863888975,0.5122091353059466,0.9223,0.5571424136111025,SVM,tuned,PGD_eps0.75_it10,0.5793314222085337,"{'class_weight': None, 'C': 0.1}",PGD,0.75,10.0,,,,,,,,,42
0.3532658911606529,0.6062205303456331,0.4350957806824179,0.5065972598778151,0.9103,0.5649042193175821,SVM,tuned,PGD_eps0.75_it25,0.5824587173351655,"{'class_weight': None, 'C': 0.1}",PGD,0.75,25.0,,,,,,,,,42
0.900305622023739,0.9673844099482556,0.8996864230494582,0.9323080882826073,0.0977,0.1003135769505417,SVM,tuned,CW_c0.0_it10,0.0055912246203416,"{'class_weight': None, 'C': 0.1}",CW,,10.0,0.0,,,,,,,,42
0.9002582387642446,0.9671950609043884,0.899810611940762,0.9322868079904784,0.0983,0.1001893880592381,SVM,tuned,CW_c0.5_it10,0.0056622995095832,"{'class_weight': None, 'C': 0.1}",CW,,10.0,0.5,,,,,,,,42
0.08,0.1111111111111111,0.12,0.1153846153846153,0.96,0.88,SVM,tuned,HopSkipJump_direct,1.0,"{'class_weight': None, 'C': 0.1}",,,,,100.0,92.0,0.3474281728267669,556.0,0.0,0.0,0.9011664390563964,42
0.9058494633845864,0.9709129724140232,0.9036915147940016,0.9360969962050556,0.0872,0.0963084852059983,SVM,as_submitted,clean,0.0,{'max_iter': 500},,,,,,,,,,,,42
0.6697860645833827,0.8969712771042454,0.640876773572604,0.747600593966173,0.2371,0.3591232264273961,SVM,as_submitted,FGSM_eps0.15,0.2588310549882726,{'max_iter': 500},FGSM,0.15,1.0,,,,,,,,,42
0.4219716174275628,0.6942744863950654,0.4333260889813406,0.5336060559718612,0.6146,0.5666739110186594,SVM,as_submitted,FGSM_eps0.3,0.5122367267644341,{'max_iter': 500},FGSM,0.3,1.0,,,,,,,,,42
0.2716482266815134,0.5389189763194223,0.3151293116830699,0.3977038967145348,0.8684,0.6848706883169301,SVM,as_submitted,FGSM_eps0.5,0.6642422232225355,{'max_iter': 500},FGSM,0.5,1.0,,,,,,,,,42
0.2469852401146675,0.5107198708570853,0.3143220838895961,0.3891451414514145,0.9699,0.685677916110404,SVM,as_submitted,FGSM_eps0.75,0.6891421260868535,{'max_iter': 500},FGSM,0.75,1.0,,,,,,,,,42
0.7972233409936269,0.918969671201814,0.805271818435841,0.8583720814786623,0.2287,0.194728181564159,SVM,as_submitted,PGD_eps0.15_it10,0.1339524745907271,{'max_iter': 500},PGD,0.15,10.0,,,,,,,,,42
0.7921296405979767,0.9187064498838664,0.7982240988543575,0.8542379639166694,0.2275,0.2017759011456425,SVM,as_submitted,PGD_eps0.15_it25,0.1392593996541022,{'max_iter': 500},PGD,0.15,25.0,,,,,,,,,42
0.5118339690587316,0.7312843817268596,0.5695613027414698,0.6403700148355005,0.6741,0.4304386972585302,SVM,as_submitted,PGD_eps0.3_it10,0.4211424103864105,{'max_iter': 500},PGD,0.3,10.0,,,,,,,,,42
0.4870762159728968,0.7205212814836472,0.5355645937470893,0.6144256455921638,0.6691,0.4644354062529107,SVM,as_submitted,PGD_eps0.3_it25,0.4472979696273306,{'max_iter': 500},PGD,0.3,25.0,,,,,,,,,42
0.395294842332204,0.6375571011152722,0.4809835760191251,0.5483117434699512,0.8807,0.5190164239808749,SVM,as_submitted,PGD_eps0.5_it10,0.5402876163851311,{'max_iter': 500},PGD,0.5,10.0,,,,,,,,,42
0.3684522258286147,0.6193362565557562,0.4472973392530038,0.5194425916244524,0.8855,0.5527026607469961,SVM,as_submitted,PGD_eps0.5_it25,0.5672013077779621,{'max_iter': 500},PGD,0.5,25.0,,,,,,,,,42
0.3561799616195598,0.6071702290726391,0.4427333974975938,0.5120746925217704,0.9226,0.5572666025024061,SVM,as_submitted,PGD_eps0.75_it10,0.5795209552465114,{'max_iter': 500},PGD,0.75,10.0,,,,,,,,,42
0.3478878912080362,0.6004115932087121,0.4347853084541588,0.5043487655988331,0.932,0.5652146915458413,SVM,as_submitted,PGD_eps0.75_it25,0.5878130256580351,{'max_iter': 500},PGD,0.75,25.0,,,,,,,,,42
0.9001634722452557,0.967221869888848,0.8996553758266324,0.932215931025608,0.0982,0.1003446241733676,SVM,as_submitted,CW_c0.0_it10,0.0057096827690776,{'max_iter': 500},CW,,10.0,0.0,,,,,,,,42
0.9001160889857613,0.9670326003536988,0.899779564717936,0.9321946669239924,0.0988,0.100220435282064,SVM,as_submitted,CW_c0.5_it10,0.0057807576583193,{'max_iter': 500},CW,,10.0,0.5,,,,,,,,42
0.08,0.1111111111111111,0.12,0.1153846153846153,0.96,0.88,SVM,as_submitted,HopSkipJump_direct,1.0,{'max_iter': 500},,,,,100.0,92.0,0.3414746820926666,556.0,0.0,0.0,0.7515501976013184,42
0.9984600440664312,0.9992854923889408,0.9986960166413116,0.9989906675569497,0.0023,0.0013039833586885,RF,tuned,clean,0.0,"{'n_estimators': 100, 'min_samples_leaf': 1, 'max_features': None, 'max_depth': 20}",,,,,,,,,,,,42
0.2006917955886185,0.4400815110902108,0.1743301561675308,0.24973314356876,0.7144,0.8256698438324692,RF,tuned,FGSM_eps0.15,0.798573763889218,"{'n_estimators': 100, 'min_samples_leaf': 1, 'max_features': None, 'max_depth': 20}",FGSM,0.15,1.0,,,,,,,,,42
0.4651614584567272,0.7093983655016519,0.5066596292961595,0.5911289008023473,0.6685,0.4933403707038405,RF,tuned,FGSM_eps0.3,0.5341514842806037,"{'n_estimators': 100, 'min_samples_leaf': 1, 'max_features': None, 'max_depth': 20}",FGSM,0.3,1.0,,,,,,,,,42
0.5657087351038877,0.7606295072115384,0.6287373094476699,0.6884231638706169,0.6373,0.3712626905523301,RF,tuned,FGSM_eps0.5,0.4336278992631903,"{'n_estimators': 100, 'min_samples_leaf': 1, 'max_features': None, 'max_depth': 20}",FGSM,0.5,1.0,,,,,,,,,42
0.5076879338529697,0.7170915169243627,0.5860473780620323,0.6449805234743389,0.7447,0.4139526219379676,RF,tuned,FGSM_eps0.75,0.4916013172546139,"{'n_estimators': 100, 'min_samples_leaf': 1, 'max_features': None, 'max_depth': 20}",FGSM,0.75,1.0,,,,,,,,,42
0.1868795754459949,0.4059996439380452,0.141606383309013,0.2099762907718159,0.6673,0.858393616690987,RF,tuned,PGD_eps0.15_it10,0.8123622924020943,"{'n_estimators': 100, 'min_samples_leaf': 1, 'max_features': None, 'max_depth': 20}",PGD,0.15,10.0,,,,,,,,,42
0.268781539482101,0.5522005744003726,0.2208699431835822,0.3155326887252728,0.5769,0.7791300568164178,RF,tuned,PGD_eps0.15_it25,0.7304603283659883,"{'n_estimators': 100, 'min_samples_leaf': 1, 'max_features': None, 'max_depth': 20}",PGD,0.15,25.0,,,,,,,,,42
0.3223720059702907,0.6441992484208843,0.2501474743084231,0.3603631809643081,0.445,0.7498525256915769,RF,tuned,PGD_eps0.3_it10,0.6767277120993153,"{'n_estimators': 100, 'min_samples_leaf': 1, 'max_features': None, 'max_depth': 20}",PGD,0.3,10.0,,,,,,,,,42
0.3130138122201426,0.6303571428571428,0.2411127324660809,0.3488063958319297,0.4554,0.7588872675339191,RF,tuned,PGD_eps0.3_it25,0.6861332891089578,"{'n_estimators': 100, 'min_samples_leaf': 1, 'max_features': None, 'max_depth': 20}",PGD,0.3,25.0,,,,,,,,,42
0.2982539268876306,0.6307179642532565,0.1939209537706852,0.2966375379939209,0.3657,0.8060790462293148,RF,tuned,PGD_eps0.5_it10,0.7007510246629866,"{'n_estimators': 100, 'min_samples_leaf': 1, 'max_features': None, 'max_depth': 20}",PGD,0.5,10.0,,,,,,,,,42
0.3606813712715297,0.707005864637819,0.2769722748300164,0.3980190510183595,0.3697,0.7230277251699836,RF,tuned,PGD_eps0.5_it25,0.638394655168329,"{'n_estimators': 100, 'min_samples_leaf': 1, 'max_features': None, 'max_depth': 20}",PGD,0.5,25.0,,,,,,,,,42
0.2779975834537658,0.5962691538974018,0.1667235865751808,0.2605847385660561,0.3636,0.8332764134248192,RF,tuned,PGD_eps0.75_it10,0.7210547513563458,"{'n_estimators': 100, 'min_samples_leaf': 1, 'max_features': None, 'max_depth': 20}",PGD,0.75,10.0,,,,,,,,,42
0.2838967992608212,0.6062587075340263,0.1756341395262193,0.2723639865190178,0.3674,0.8243658604737806,RF,tuned,PGD_eps0.75_it25,0.7150370774005543,"{'n_estimators': 100, 'min_samples_leaf': 1, 'max_features': None, 'max_depth': 20}",PGD,0.75,25.0,,,,,,,,,42
0.429197564500462,0.8079842137219186,0.3305287342047254,0.469141786934009,0.253,0.6694712657952746,RF,tuned,CW_c0.0_it10,0.5698784619393968,"{'n_estimators': 100, 'min_samples_leaf': 1, 'max_features': None, 'max_depth': 20}",CW,,10.0,0.0,,,,,,,,42
0.3555876708758795,0.7463361856988295,0.2355863268030674,0.3581272418350009,0.2579,0.7644136731969325,RF,tuned,CW_c0.5_it10,0.6434883555639792,"{'n_estimators': 100, 'min_samples_leaf': 1, 'max_features': None, 'max_depth': 20}",CW,,10.0,0.5,,,,,,,,42
0.0,0.0,0.0,0.0,1.0,1.0,RF,tuned,HopSkipJump_direct,1.0,"{'n_estimators': 100, 'min_samples_leaf': 1, 'max_features': None, 'max_depth': 20}",,,,,100.0,100.0,0.3603768050670624,558.5,0.0,0.0,45.19654297828674,42
0.9987680352531452,0.9995650147584278,0.9988202055326152,0.9991924713482624,0.0014,0.0011797944673848,RF,as_submitted,clean,0.0,{'n_estimators': 50},,,,,,,,,,,,42
0.1322703688786751,0.1983335609889359,0.0450805675432332,0.0734631925120161,0.5869,0.9549194324567668,RF,as_submitted,FGSM_eps0.15,0.8672321068966334,{'n_estimators': 50},FGSM,0.15,1.0,,,,,,,,,42
0.1215617522329361,0.1982897508985004,0.0496755565214691,0.0794478375291722,0.6469,0.9503244434785308,RF,as_submitted,FGSM_eps0.3,0.8779644151721196,{'n_estimators': 50},FGSM,0.3,1.0,,,,,,,,,42
0.1379326683882584,0.2311454311454311,0.0557608121953491,0.0898471697641261,0.5974,0.9442391878046508,RF,as_submitted,FGSM_eps0.5,0.8615698073870501,{'n_estimators': 50},FGSM,0.5,1.0,,,,,,,,,42
0.1403018313629794,0.239857106404695,0.0583687789127262,0.0938896796264389,0.5958,0.9416312210872736,RF,as_submitted,FGSM_eps0.75,0.8591532611528347,{'n_estimators': 50},FGSM,0.75,1.0,,,,,,,,,42
0.1892724300504631,0.2974823766364551,0.0458567481138812,0.0794641416043471,0.3488,0.9541432518861188,RF,as_submitted,PGD_eps0.15_it10,0.8101115875761093,{'n_estimators': 50},PGD,0.15,10.0,,,,,,,,,42
0.2009997867753322,0.3246182322998612,0.0435592536247632,0.0768114751854589,0.2919,0.9564407463752368,RF,as_submitted,PGD_eps0.15_it25,0.7983368475917458,{'n_estimators': 50},PGD,0.15,25.0,,,,,,,,,42
0.21876850908574,0.3925364758698092,0.0434350647334595,0.0782154138596148,0.2165,0.9565649352665404,RF,as_submitted,PGD_eps0.3_it10,0.780449667132602,{'n_estimators': 50},PGD,0.3,10.0,,,,,,,,,42
0.2184605178990262,0.3915947676036738,0.0436834425160669,0.0785989609519021,0.2186,0.9563165574839332,RF,as_submitted,PGD_eps0.3_it25,0.7807102750598214,{'n_estimators': 50},PGD,0.3,25.0,,,,,,,,,42
0.2551351607477078,0.7363245236631838,0.03719457294545,0.0708121527367301,0.0429,0.96280542705455,RF,as_submitted,PGD_eps0.5_it10,0.743940865692151,{'n_estimators': 50},PGD,0.5,10.0,,,,,,,,,42
0.2583572223933284,0.7620150550086856,0.0408581452389083,0.0775577557755775,0.0411,0.9591418547610916,RF,as_submitted,PGD_eps0.5_it25,0.7406951124167831,{'n_estimators': 50},PGD,0.5,25.0,,,,,,,,,42
0.2588310549882726,0.7801332525741974,0.0399888229997826,0.0760779681039574,0.0363,0.9600111770002172,RF,as_submitted,PGD_eps0.75_it10,0.7402449714515862,{'n_estimators': 50},PGD,0.75,10.0,,,,,,,,,42
0.2411807908266009,0.5405405405405406,0.0372566673911018,0.0697086758256121,0.102,0.962743332608898,RF,as_submitted,PGD_eps0.75_it25,0.7578478523537634,{'n_estimators': 50},PGD,0.75,25.0,,,,,,,,,42
0.237698121253761,0.50229134842383,0.1122978049613462,0.1835574727226592,0.3584,0.8877021950386538,RF,as_submitted,CW_c0.0_it10,0.7616622047430642,{'n_estimators': 50},CW,,10.0,0.0,,,,,,,,42
0.2175602359686322,0.4372407435858043,0.0883603961625632,0.1470117258122837,0.3663,0.9116396038374368,RF,as_submitted,CW_c0.5_it10,0.7817290151389514,{'n_estimators': 50},CW,,10.0,0.5,,,,,,,,42
0.0,0.0,0.0,0.0,1.0,1.0,RF,as_submitted,HopSkipJump_direct,1.0,{'n_estimators': 50},,,,,100.0,100.0,0.620176374912262,563.0,0.0,0.0,24.26811552047729,42
0.9028169347769434,0.967375037413948,0.9031016175603092,0.934134044124731,0.0981,0.0968983824396907,LR,tuned,clean,0.0,"{'class_weight': None, 'C': 1.0}",,,,,,,,,,,,7
0.575303845151508,0.7555006976494579,0.6556242044149151,0.7020279255319148,0.6834,0.3443757955850849,LR,tuned,FGSM_eps0.15,0.3608945959392546,"{'class_weight': None, 'C': 1.0}",FGSM,0.15,1.0,,,,,,,,,7
0.1400649150655073,0.3227540756156781,0.1155577633580676,0.1701835806222994,0.781,0.8844422366419323,LR,tuned,FGSM_eps0.3,0.7994977374493591,"{'class_weight': None, 'C': 1.0}",FGSM,0.3,1.0,,,,,,,,,7
0.0859295410931317,0.1817001298571571,0.0564748983203452,0.0861676930364756,0.8192,0.9435251016796548,LR,tuned,FGSM_eps0.5,0.8539884858679428,"{'class_weight': None, 'C': 1.0}",FGSM,0.5,1.0,,,,,,,,,7
0.0584472505863678,0.1623487225459435,0.0562265205377379,0.0835255050272115,0.9344,0.943773479462262,LR,tuned,FGSM_eps0.75,0.8815181596342012,"{'class_weight': None, 'C': 1.0}",FGSM,0.75,1.0,,,,,,,,,7
0.5531284797081191,0.8132657372201099,0.5378931354590332,0.6475183136492749,0.3978,0.4621068645409668,LR,tuned,PGD_eps0.15_it10,0.3766732213508967,"{'class_weight': None, 'C': 1.0}",PGD,0.15,10.0,,,,,,,,,7
0.5089435902295719,0.7548610494539643,0.5279269769319135,0.6213209098383119,0.5522,0.4720730230680866,LR,tuned,PGD_eps0.15_it25,0.4202895117155109,"{'class_weight': None, 'C': 1.0}",PGD,0.15,25.0,,,,,,,,,7
0.0875405719159421,0.2223200916057429,0.0783631904126175,0.1158808135530967,0.8829,0.9216368095873824,LR,tuned,PGD_eps0.3_it10,0.8519510057096827,"{'class_weight': None, 'C': 1.0}",PGD,0.3,10.0,,,,,,,,,7
0.1046933118529223,0.2693611042234895,0.1011828991896674,0.1471066173151575,0.884,0.8988171008103325,LR,tuned,PGD_eps0.3_it25,0.8348219574024497,"{'class_weight': None, 'C': 1.0}",PGD,0.3,25.0,,,,,,,,,7
0.0624274443838991,0.1477761836441893,0.0479679592660436,0.0724264016501031,0.891,0.9520320407339564,LR,tuned,PGD_eps0.5_it10,0.8774668909474282,"{'class_weight': None, 'C': 1.0}",PGD,0.5,10.0,,,,,,,,,7
0.06174038712123,0.1473674170164059,0.0479679592660436,0.0723772046939779,0.8939,0.9520320407339564,LR,tuned,PGD_eps0.5_it25,0.8781539482100974,"{'class_weight': None, 'C': 1.0}",PGD,0.5,25.0,,,,,,,,,7
0.0551541140515056,0.1434944237918215,0.0479369120432177,0.0718657636901021,0.9216,0.9520630879567824,LR,tuned,PGD_eps0.75_it10,0.8847876045393163,"{'class_weight': None, 'C': 1.0}",PGD,0.75,10.0,,,,,,,,,7
0.0548935061242862,0.1433478785628075,0.0479369120432177,0.0718473708701721,0.9227,0.9520630879567824,LR,tuned,PGD_eps0.75_it25,0.8850245208367884,"{'class_weight': None, 'C': 1.0}",PGD,0.75,25.0,,,,,,,,,7
0.8926295339856428,0.9524603563838484,0.9044366481418236,0.927827499442622,0.1454,0.0955633518581762,LR,tuned,CW_c0.0_it10,0.0141675945888317,"{'class_weight': None, 'C': 1.0}",CW,,10.0,0.0,,,,,,,,7
0.8923689260584236,0.95026365470998,0.9063926231798566,0.9278098234574376,0.1528,0.0936073768201434,LR,tuned,CW_c0.5_it10,0.0167973654907721,"{'class_weight': None, 'C': 1.0}",CW,,10.0,0.5,,,,,,,,7
0.06,0.0416666666666666,0.04,0.0408163265306122,0.92,0.96,LR,tuned,HopSkipJump_direct,1.0,"{'class_weight': None, 'C': 1.0}",,,,,100.0,94.0,0.3200882971286773,557.0,0.0,0.0,0.9039707183837892,7
0.9028169347769434,0.967375037413948,0.9031016175603092,0.934134044124731,0.0981,0.0968983824396907,LR,as_submitted,clean,0.0,{'max_iter': 500},,,,,,,,,,,,7
0.575303845151508,0.7555006976494579,0.6556242044149151,0.7020279255319148,0.6834,0.3443757955850849,LR,as_submitted,FGSM_eps0.15,0.3608945959392546,{'max_iter': 500},FGSM,0.15,1.0,,,,,,,,,7
0.1400649150655073,0.3227540756156781,0.1155577633580676,0.1701835806222994,0.781,0.8844422366419323,LR,as_submitted,FGSM_eps0.3,0.7994977374493591,{'max_iter': 500},FGSM,0.3,1.0,,,,,,,,,7
0.0859295410931317,0.1817001298571571,0.0564748983203452,0.0861676930364756,0.8192,0.9435251016796548,LR,as_submitted,FGSM_eps0.5,0.8539884858679428,{'max_iter': 500},FGSM,0.5,1.0,,,,,,,,,7
0.0584472505863678,0.1623487225459435,0.0562265205377379,0.0835255050272115,0.9344,0.943773479462262,LR,as_submitted,FGSM_eps0.75,0.8815181596342012,{'max_iter': 500},FGSM,0.75,1.0,,,,,,,,,7
0.5531284797081191,0.8132657372201099,0.5378931354590332,0.6475183136492749,0.3978,0.4621068645409668,LR,as_submitted,PGD_eps0.15_it10,0.3766732213508967,{'max_iter': 500},PGD,0.15,10.0,,,,,,,,,7
0.5089435902295719,0.7548610494539643,0.5279269769319135,0.6213209098383119,0.5522,0.4720730230680866,LR,as_submitted,PGD_eps0.15_it25,0.4202895117155109,{'max_iter': 500},PGD,0.15,25.0,,,,,,,,,7
0.0875405719159421,0.2223200916057429,0.0783631904126175,0.1158808135530967,0.8829,0.9216368095873824,LR,as_submitted,PGD_eps0.3_it10,0.8519510057096827,{'max_iter': 500},PGD,0.3,10.0,,,,,,,,,7
0.1046933118529223,0.2693611042234895,0.1011828991896674,0.1471066173151575,0.884,0.8988171008103325,LR,as_submitted,PGD_eps0.3_it25,0.8348219574024497,{'max_iter': 500},PGD,0.3,25.0,,,,,,,,,7
0.0624274443838991,0.1477761836441893,0.0479679592660436,0.0724264016501031,0.891,0.9520320407339564,LR,as_submitted,PGD_eps0.5_it10,0.8774668909474282,{'max_iter': 500},PGD,0.5,10.0,,,,,,,,,7
0.06174038712123,0.1473674170164059,0.0479679592660436,0.0723772046939779,0.8939,0.9520320407339564,LR,as_submitted,PGD_eps0.5_it25,0.8781539482100974,{'max_iter': 500},PGD,0.5,25.0,,,,,,,,,7
0.0551541140515056,0.1434944237918215,0.0479369120432177,0.0718657636901021,0.9216,0.9520630879567824,LR,as_submitted,PGD_eps0.75_it10,0.8847876045393163,{'max_iter': 500},PGD,0.75,10.0,,,,,,,,,7
0.0548935061242862,0.1433478785628075,0.0479369120432177,0.0718473708701721,0.9227,0.9520630879567824,LR,as_submitted,PGD_eps0.75_it25,0.8850245208367884,{'max_iter': 500},PGD,0.75,25.0,,,,,,,,,7
0.8926295339856428,0.9524603563838484,0.9044366481418236,0.927827499442622,0.1454,0.0955633518581762,LR,as_submitted,CW_c0.0_it10,0.0141675945888317,{'max_iter': 500},CW,,10.0,0.0,,,,,,,,7
0.8923689260584236,0.95026365470998,0.9063926231798566,0.9278098234574376,0.1528,0.0936073768201434,LR,as_submitted,CW_c0.5_it10,0.0167973654907721,{'max_iter': 500},CW,,10.0,0.5,,,,,,,,7
0.06,0.0416666666666666,0.04,0.0408163265306122,0.92,0.96,LR,as_submitted,HopSkipJump_direct,1.0,{'max_iter': 500},,,,,100.0,94.0,0.3200882971286773,557.0,0.0,0.0,0.968787670135498,7
0.9044279655997536,0.9694737894491284,0.903194759228787,0.9351613732801852,0.0916,0.096805240771213,SVM,tuned,clean,0.0,"{'class_weight': 'balanced', 'C': 10.0}",,,,,,,,,,,,7
0.0739889597005378,0.1889642695612844,0.0648576484833431,0.0965698964497041,0.8966,0.9351423515166568,SVM,tuned,FGSM_eps0.15,0.8673979483048639,"{'class_weight': 'balanced', 'C': 10.0}",FGSM,0.15,1.0,,,,,,,,,7
0.0524058850008292,0.1424899008446566,0.048185289825825,0.0720168905593837,0.934,0.951814710174175,SVM,tuned,FGSM_eps0.3,0.8893127058210334,"{'class_weight': 'balanced', 'C': 10.0}",FGSM,0.3,1.0,,,,,,,,,7
0.052382193371082,0.1424111651822605,0.0481542426029991,0.0719721577726218,0.934,0.9518457573970008,SVM,tuned,FGSM_eps0.5,0.8893363974507806,"{'class_weight': 'balanced', 'C': 10.0}",FGSM,0.5,1.0,,,,,,,,,7
0.0521926603331043,0.1421753097751262,0.0480921481573473,0.0718726800296956,0.9346,0.9519078518426528,SVM,tuned,FGSM_eps0.75,0.8895259304887583,"{'class_weight': 'balanced', 'C': 10.0}",FGSM,0.75,1.0,,,,,,,,,7
0.0694638584188206,0.1670435274166195,0.055046726070353,0.0828059687551082,0.8841,0.944953273929647,SVM,tuned,PGD_eps0.15_it10,0.8719467412163283,"{'class_weight': 'balanced', 'C': 10.0}",PGD,0.15,10.0,,,,,,,,,7
0.0655547395105309,0.1560627674750356,0.0509484926573318,0.0768186499391442,0.8874,0.9490515073426682,SVM,tuned,PGD_eps0.15_it25,0.8758321684948708,"{'class_weight': 'balanced', 'C': 10.0}",PGD,0.15,25.0,,,,,,,,,7
0.0541590656021227,0.1430025916327286,0.0479679592660436,0.0718387464254992,0.9259,0.9520320407339564,SVM,tuned,PGD_eps0.3_it10,0.8873936838115094,"{'class_weight': 'balanced', 'C': 10.0}",PGD,0.3,10.0,,,,,,,,,7
0.0541827572318699,0.1432139883430474,0.0480611009345214,0.0719698730763866,0.9261,0.9519388990654786,SVM,tuned,PGD_eps0.3_it25,0.8874884503304983,"{'class_weight': 'balanced', 'C': 10.0}",PGD,0.3,25.0,,,,,,,,,7
0.0541353739723755,0.1430554270380309,0.0479990064888695,0.0718802306118653,0.9261,0.9520009935111304,SVM,tuned,PGD_eps0.5_it10,0.8875121419602454,"{'class_weight': 'balanced', 'C': 10.0}",PGD,0.5,10.0,,,,,,,,,7
0.0541116823426283,0.1428439177930013,0.0479058648203918,0.0717490874427472,0.9259,0.9520941351796082,SVM,tuned,PGD_eps0.5_it25,0.887464758700751,"{'class_weight': 'balanced', 'C': 10.0}",PGD,0.5,25.0,,,,,,,,,7
0.0539458409343978,0.1428175006937378,0.0479369120432177,0.0717805671780567,0.9267,0.9520630879567824,SVM,tuned,PGD_eps0.75_it10,0.8877253666279703,"{'class_weight': 'balanced', 'C': 10.0}",PGD,0.75,10.0,,,,,,,,,7
0.0540406074533867,0.1428703618025354,0.0479369120432177,0.0717872419564813,0.9263,0.9520630879567824,SVM,tuned,PGD_eps0.75_it25,0.8876306001089815,"{'class_weight': 'balanced', 'C': 10.0}",PGD,0.75,25.0,,,,,,,,,7
0.8004454026392476,0.9258450300773418,0.8027880406097675,0.8599364783743785,0.2071,0.1972119593902325,SVM,tuned,CW_c0.0_it10,0.1083892060934871,"{'class_weight': 'balanced', 'C': 10.0}",CW,,10.0,0.0,,,,,,,,7
0.7451017555497643,0.9049003322259136,0.7441708839144339,0.8167027275669966,0.2519,0.2558291160855661,SVM,tuned,CW_c0.5_it10,0.1760051173920254,"{'class_weight': 'balanced', 'C': 10.0}",CW,,10.0,0.5,,,,,,,,7
0.06,0.0416666666666666,0.04,0.0408163265306122,0.92,0.96,SVM,tuned,HopSkipJump_direct,1.0,"{'class_weight': 'balanced', 'C': 10.0}",,,,,100.0,94.0,0.1712486445903778,557.0,0.0,0.0,0.8121829032897949,7
0.9044279655997536,0.9694737894491284,0.903194759228787,0.9351613732801852,0.0916,0.096805240771213,SVM,as_submitted,clean,0.0,{'max_iter': 500},,,,,,,,,,,,7
0.099812836124997,0.2231365419577074,0.0724021236300413,0.1093295827473042,0.8119,0.9275978763699588,SVM,as_submitted,FGSM_eps0.15,0.841502996991163,{'max_iter': 500},FGSM,0.15,1.0,,,,,,,,,7
0.0524058850008292,0.1424899008446566,0.048185289825825,0.0720168905593837,0.934,0.951814710174175,SVM,as_submitted,FGSM_eps0.3,0.8892890141912863,{'max_iter': 500},FGSM,0.3,1.0,,,,,,,,,7
0.0524058850008292,0.1424899008446566,0.048185289825825,0.0720168905593837,0.934,0.951814710174175,SVM,as_submitted,FGSM_eps0.5,0.8893127058210334,{'max_iter': 500},FGSM,0.5,1.0,,,,,,,,,7
0.0522163519628515,0.1421883605654488,0.0480921481573473,0.0718743474932139,0.9345,0.9519078518426528,SVM,as_submitted,FGSM_eps0.75,0.8895022388590111,{'max_iter': 500},FGSM,0.75,1.0,,,,,,,,,7
0.0751972328176455,0.1842153960029607,0.0618150206464031,0.0925680544900853,0.8817,0.9381849793535968,SVM,as_submitted,PGD_eps0.15_it10,0.8662133668175034,{'max_iter': 500},PGD,0.15,10.0,,,,,,,,,7
0.0681845104124712,0.1639932062653331,0.0539600732714458,0.0812016726236363,0.886,0.946039926728554,SVM,as_submitted,PGD_eps0.15_it25,0.8731313227036888,{'max_iter': 500},PGD,0.15,25.0,,,,,,,,,7
0.0541590656021227,0.1430025916327286,0.0479679592660436,0.0718387464254992,0.9259,0.9520320407339564,SVM,as_submitted,PGD_eps0.3_it10,0.8873936838115094,{'max_iter': 500},PGD,0.3,10.0,,,,,,,,,7
0.0541353739723755,0.1429893567792688,0.0479679592660436,0.0718370763007393,0.926,0.9520320407339564,SVM,as_submitted,PGD_eps0.3_it25,0.887464758700751,{'max_iter': 500},PGD,0.3,25.0,,,,,,,,,7
0.0541590656021227,0.1431347150259067,0.0480300537116954,0.0719250528860683,0.9261,0.9519699462883046,SVM,as_submitted,PGD_eps0.5_it10,0.8874884503304983,{'max_iter': 500},PGD,0.5,10.0,,,,,,,,,7
0.0541353739723755,0.142923262056836,0.0479369120432177,0.0717939179763786,0.9259,0.9520630879567824,SVM,as_submitted,PGD_eps0.5_it25,0.8874410670710038,{'max_iter': 500},PGD,0.5,25.0,,,,,,,,,7
0.0539458409343978,0.1428175006937378,0.0479369120432177,0.0717805671780567,0.9267,0.9520630879567824,SVM,as_submitted,PGD_eps0.75_it10,0.8877016749982232,{'max_iter': 500},PGD,0.75,10.0,,,,,,,,,7
0.0540406074533867,0.1428703618025354,0.0479369120432177,0.0717872419564813,0.9263,0.9520630879567824,SVM,as_submitted,PGD_eps0.75_it25,0.8876069084792343,{'max_iter': 500},PGD,0.75,25.0,,,,,,,,,7
0.8224549266744059,0.9287672183477326,0.8310720606041789,0.8772079305259708,0.2053,0.168927939395821,SVM,as_submitted,CW_c0.0_it10,0.0863559904285815,{'max_iter': 500},CW,,10.0,0.0,,,,,,,,7
0.7799995261674051,0.9162218106547554,0.7833214318979167,0.844575369062364,0.2307,0.2166785681020832,SVM,as_submitted,CW_c0.5_it10,0.133265417328058,{'max_iter': 500},CW,,10.0,0.5,,,,,,,,7
0.06,0.0416666666666666,0.04,0.0408163265306122,0.92,0.96,SVM,as_submitted,HopSkipJump_direct,1.0,{'max_iter': 500},,,,,100.0,94.0,0.1862448155879974,557.0,0.0,0.0,0.7421441078186035,7
0.9986969603639034,0.999192697012979,0.9990996305380484,0.999146161608321,0.0026,0.0009003694619516,RF,tuned,clean,0.0,"{'n_estimators': 200, 'min_samples_leaf': 1, 'max_features': 'log2', 'max_depth': 40}",,,,,,,,,,,,7
0.1595394347177142,0.2311491603556141,0.0435903008475891,0.073348483661155,0.467,0.9564096991524108,RF,tuned,FGSM_eps0.15,0.8399867326873416,"{'n_estimators': 200, 'min_samples_leaf': 1, 'max_features': 'log2', 'max_depth': 40}",FGSM,0.15,1.0,,,,,,,,,7
0.1520291880878485,0.1738576369925359,0.0296500977987519,0.0506604424168479,0.4538,0.970349902201248,RF,tuned,FGSM_eps0.3,0.84747328768746,"{'n_estimators': 200, 'min_samples_leaf': 1, 'max_features': 'log2', 'max_depth': 40}",FGSM,0.3,1.0,,,,,,,,,7
0.1447321661257078,0.1876705731257023,0.0362942034834984,0.060825225037723,0.506,0.9637057965165016,RF,tuned,FGSM_eps0.5,0.8547703096496008,"{'n_estimators': 200, 'min_samples_leaf': 1, 'max_features': 'log2', 'max_depth': 40}",FGSM,0.5,1.0,,,,,,,,,7
0.177995214290791,0.3018326693227092,0.0588034400322891,0.0984305165783182,0.4381,0.9411965599677108,RF,tuned,FGSM_eps0.75,0.8215072614845175,"{'n_estimators': 200, 'min_samples_leaf': 1, 'max_features': 'log2', 'max_depth': 40}",FGSM,0.75,1.0,,,,,,,,,7
0.1600369589424056,0.3266004061130704,0.094880312956006,0.1470432565077226,0.6301,0.905119687043994,RF,tuned,PGD_eps0.15_it10,0.8395129000923973,"{'n_estimators': 200, 'min_samples_leaf': 1, 'max_features': 'log2', 'max_depth': 40}",PGD,0.15,10.0,,,,,,,,,7
0.135302897486318,0.1979151993238484,0.0436213480704151,0.0714867202605067,0.5694,0.9563786519295848,RF,tuned,PGD_eps0.15_it25,0.8642232699187377,"{'n_estimators': 200, 'min_samples_leaf': 1, 'max_features': 'log2', 'max_depth': 40}",PGD,0.15,25.0,,,,,,,,,7
0.1947451965220687,0.406610703043022,0.1203079884504331,0.185677663576032,0.5655,0.8796920115495669,RF,tuned,PGD_eps0.3_it10,0.8048046625127343,"{'n_estimators': 200, 'min_samples_leaf': 1, 'max_features': 'log2', 'max_depth': 40}",PGD,0.3,10.0,,,,,,,,,7
0.1151887038309365,0.1081452104942037,0.022012480983576,0.0365793886237585,0.5847,0.977987519016424,RF,tuned,PGD_eps0.3_it25,0.8843611552038665,"{'n_estimators': 200, 'min_samples_leaf': 1, 'max_features': 'log2', 'max_depth': 40}",PGD,0.3,25.0,,,,,,,,,7
0.1380985097964889,0.1643328504748109,0.0316992145052625,0.0531466347405132,0.5192,0.9683007854947376,RF,tuned,PGD_eps0.5_it10,0.8614987324978085,"{'n_estimators': 200, 'min_samples_leaf': 1, 'max_features': 'log2', 'max_depth': 40}",PGD,0.5,10.0,,,,,,,,,7
0.1292615319007794,0.1187919463087248,0.0219814337607501,0.0370981686709109,0.5252,0.97801856623925,RF,tuned,PGD_eps0.5_it25,0.8703120187637707,"{'n_estimators': 200, 'min_samples_leaf': 1, 'max_features': 'log2', 'max_depth': 40}",PGD,0.5,25.0,,,,,,,,,7
0.1452296903503992,0.2043092909535452,0.0415101369182526,0.0690011095915155,0.5207,0.9584898630817472,RF,tuned,PGD_eps0.75_it10,0.8543912435736454,"{'n_estimators': 200, 'min_samples_leaf': 1, 'max_features': 'log2', 'max_depth': 40}",PGD,0.75,10.0,,,,,,,,,7
0.1306119547963704,0.0786854460093896,0.0130087863640597,0.0223264240422017,0.4906,0.9869912136359402,RF,tuned,PGD_eps0.75_it25,0.868985287497927,"{'n_estimators': 200, 'min_samples_leaf': 1, 'max_features': 'log2', 'max_depth': 40}",PGD,0.75,25.0,,,,,,,,,7
0.1642303774076618,0.2564306128929819,0.0501412648638579,0.0838808528319526,0.4683,0.949858735136142,RF,tuned,CW_c0.0_it10,0.8353194816271411,"{'n_estimators': 200, 'min_samples_leaf': 1, 'max_features': 'log2', 'max_depth': 40}",CW,,10.0,0.0,,,,,,,,7
0.1778530645123078,0.2606107163433839,0.042131081374771,0.0725358135556981,0.385,0.9578689186252288,RF,tuned,CW_c0.5_it10,0.821673102892748,"{'n_estimators': 200, 'min_samples_leaf': 1, 'max_features': 'log2', 'max_depth': 40}",CW,,10.0,0.5,,,,,,,,7
0.02,0.0,0.0,0.0,0.96,1.0,RF,tuned,HopSkipJump_direct,0.98,"{'n_estimators': 200, 'min_samples_leaf': 1, 'max_features': 'log2', 'max_depth': 40}",,,,,100.0,100.0,0.6750461459159851,561.0,0.0,0.0,88.35248398780823,7
0.9986969603639034,0.999161698956781,0.9991306777608744,0.9991461881180432,0.0027,0.0008693222391257,RF,as_submitted,clean,0.0,{'n_estimators': 50},,,,,,,,,,,,7
0.1317491530242365,0.1332011237811932,0.02502406159769,0.0421327757449032,0.5245,0.97497593840231,RF,as_submitted,FGSM_eps0.15,0.8678243976403137,{'n_estimators': 50},FGSM,0.15,1.0,,,,,,,,,7
0.1438318841953137,0.1418413855970829,0.0241547393585643,0.0412797792752162,0.4707,0.9758452606414356,RF,as_submitted,FGSM_eps0.3,0.855694283209742,{'n_estimators': 50},FGSM,0.3,1.0,,,,,,,,,7
0.1696320689900258,0.2982954545454545,0.0651991679344282,0.1070090957731407,0.494,0.9348008320655716,RF,as_submitted,FGSM_eps0.5,0.8299651733042716,{'n_estimators': 50},FGSM,0.5,1.0,,,,,,,,,7
0.1789191878509322,0.3411627303399948,0.081623148809339,0.1317299260929475,0.5077,0.918376851190661,RF,as_submitted,FGSM_eps0.75,0.8206780544433652,{'n_estimators': 50},FGSM,0.75,1.0,,,,,,,,,7
0.1860029851453481,0.3983539873238104,0.1307398553199416,0.1968676951846657,0.636,0.8692601446800584,RF,as_submitted,PGD_eps0.15_it10,0.8135231822597077,{'n_estimators': 50},PGD,0.15,10.0,,,,,,,,,7
0.1562699898125992,0.3072916666666667,0.084262162749542,0.1322579859165225,0.6118,0.915737837250458,RF,as_submitted,PGD_eps0.15_it25,0.843303560851951,{'n_estimators': 50},PGD,0.15,25.0,,,,,,,,,7
0.2076808263640455,0.4392118226600985,0.1384085193579434,0.2104865553955476,0.5692,0.8615914806420566,RF,as_submitted,PGD_eps0.3_it10,0.7918453410410102,{'n_estimators': 50},PGD,0.3,10.0,,,,,,,,,7
0.1166102016157691,0.0839069157653228,0.0158961780868701,0.02672861580225,0.559,0.9841038219131298,RF,as_submitted,PGD_eps0.3_it25,0.8829159657892867,{'n_estimators': 50},PGD,0.3,25.0,,,,,,,,,7
0.1585443862683314,0.2624928202182653,0.0567543233257785,0.0933295892579072,0.5136,0.9432456766742215,RF,as_submitted,PGD_eps0.5_it10,0.8410765476557133,{'n_estimators': 50},PGD,0.5,10.0,,,,,,,,,7
0.1319860693217086,0.1137275422989708,0.0202427892824986,0.0343682462706235,0.5081,0.9797572107175012,RF,as_submitted,PGD_eps0.5_it25,0.867634864602336,{'n_estimators': 50},PGD,0.5,25.0,,,,,,,,,7
0.1547063422492833,0.2120809824095585,0.0396783507715234,0.0668497449980384,0.4748,0.9603216492284764,RF,as_submitted,PGD_eps0.75_it10,0.8448435167855197,{'n_estimators': 50},PGD,0.75,10.0,,,,,,,,,7
0.1344973820749129,0.1181770005299417,0.0207705920705392,0.0353313968840771,0.4992,0.9792294079294608,RF,as_submitted,PGD_eps0.75_it25,0.8651235518491317,{'n_estimators': 50},PGD,0.75,25.0,,,,,,,,,7
0.1631168708095429,0.2360616844602609,0.043248781396504,0.0731041721332983,0.4508,0.956751218603496,RF,as_submitted,CW_c0.0_it10,0.8363382217062711,{'n_estimators': 50},CW,,10.0,0.0,,,,,,,,7
0.1902200952403515,0.3126781980612051,0.0510726815486354,0.0878035761942887,0.3616,0.9489273184513646,RF,as_submitted,CW_c0.5_it10,0.8092586889052098,{'n_estimators': 50},CW,,10.0,0.5,,,,,,,,7
0.02,0.0,0.0,0.0,0.96,1.0,RF,as_submitted,HopSkipJump_direct,0.98,{'n_estimators': 50},,,,,100.0,100.0,0.7042829394340515,563.0,0.0,0.0,23.848957777023315,7
0.9033144590016348,0.9673667419912269,0.9037846564624794,0.9344954334601372,0.0982,0.0962153435375205,LR,tuned,clean,0.0,"{'class_weight': 'balanced', 'C': 100.0}",,,,,,,,,,,,123
0.432917150370774,0.8089476435880201,0.3362724704275202,0.4750646958199921,0.2558,0.6637275295724797,LR,tuned,FGSM_eps0.15,0.4746381103556114,"{'class_weight': 'balanced', 'C': 100.0}",FGSM,0.15,1.0,,,,,,,,,123
0.1198085716316425,0.0604659434465587,0.0105560557608121,0.0179742017339818,0.5283,0.9894439442391878,LR,tuned,FGSM_eps0.3,0.7898552441422445,"{'class_weight': 'balanced', 'C': 100.0}",FGSM,0.3,1.0,,,,,,,,,123
0.1094790210618588,0.0518246958840193,0.0096556862988605,0.0162784611358283,0.569,0.9903443137011394,LR,tuned,FGSM_eps0.5,0.8002084863417754,"{'class_weight': 'balanced', 'C': 100.0}",FGSM,0.5,1.0,,,,,,,,,123
0.1093368712833755,0.051324779203466,0.0095625446303828,0.0161214341795341,0.5693,0.9904374553696172,LR,tuned,FGSM_eps0.75,0.8003506361202587,"{'class_weight': 'balanced', 'C': 100.0}",FGSM,0.75,1.0,,,,,,,,,123
0.5094648060840106,0.7580066385574594,0.524667018535192,0.6201126543493019,0.5395,0.4753329814648079,LR,tuned,PGD_eps0.15_it10,0.4093676704020469,"{'class_weight': 'balanced', 'C': 100.0}",PGD,0.15,10.0,,,,,,,,,123
0.5002961453718401,0.7547316804912699,0.5113167127200472,0.6096242828058486,0.5352,0.4886832872799528,LR,tuned,PGD_eps0.15_it25,0.4216162429813547,"{'class_weight': 'balanced', 'C': 100.0}",PGD,0.15,25.0,,,,,,,,,123
0.3479352744675306,0.6257648953301127,0.3619485237045546,0.4586242845059895,0.6972,0.6380514762954453,LR,tuned,PGD_eps0.3_it10,0.5688597218602668,"{'class_weight': 'balanced', 'C': 100.0}",PGD,0.3,10.0,,,,,,,,,123
0.3638797412874031,0.634506299884544,0.3924368965196063,0.4849414924227891,0.7281,0.6075631034803937,LR,tuned,PGD_eps0.3_it25,0.5589566206259329,"{'class_weight': 'balanced', 'C': 100.0}",PGD,0.3,25.0,,,,,,,,,123
0.2943448079793409,0.560226595110316,0.350026390139402,0.4308562474920222,0.885,0.6499736098605979,LR,tuned,PGD_eps0.5_it10,0.6242744438389917,"{'class_weight': 'balanced', 'C': 100.0}",PGD,0.5,10.0,,,,,,,,,123
0.2998175744509465,0.5648858692995747,0.3588127541991369,0.4388623072833599,0.8902,0.6411872458008631,LR,tuned,PGD_eps0.5_it25,0.6319505318770878,"{'class_weight': 'balanced', 'C': 100.0}",PGD,0.5,25.0,,,,,,,,,123
0.2988225260015636,0.5634007861406318,0.3604582570089105,0.4396395031808542,0.8997,0.6395417429910895,LR,tuned,PGD_eps0.75_it10,0.6204363998199436,"{'class_weight': 'balanced', 'C': 100.0}",PGD,0.75,10.0,,,,,,,,,123
0.3478168163187946,0.6026940458953095,0.4264646527368126,0.4994909090909091,0.9055,0.5735353472631873,LR,tuned,PGD_eps0.75_it25,0.5798289464332251,"{'class_weight': 'balanced', 'C': 100.0}",PGD,0.75,25.0,,,,,,,,,123
0.9005188466914639,0.9668644576305088,0.9004936508429321,0.9324995579275644,0.0994,0.0995063491570679,LR,tuned,CW_c0.0_it10,0.0032457532753678,"{'class_weight': 'balanced', 'C': 100.0}",CW,,10.0,0.0,,,,,,,,123
0.900068705726267,0.964272682036822,0.9024806731037908,0.932353978894698,0.1077,0.0975193268962091,LR,tuned,CW_c0.5_it10,0.0071548721836575,"{'class_weight': 'balanced', 'C': 100.0}",CW,,10.0,0.5,,,,,,,,123
0.11,0.0851063829787234,0.08,0.0824742268041237,0.86,0.92,LR,tuned,HopSkipJump_direct,1.0,"{'class_weight': 'balanced', 'C': 100.0}",,,,,100.0,89.0,0.142209306359291,557.0,0.0,0.0,0.7609157562255859,123
0.9035987585586012,0.967752659574468,0.9037846564624794,0.9346754643677052,0.097,0.0962153435375205,LR,as_submitted,clean,0.0,{'max_iter': 500},,,,,,,,,,,,123
0.8482788030988652,0.9208938183004404,0.8764631003756714,0.8981292949860016,0.2425,0.1235368996243286,LR,as_submitted,FGSM_eps0.15,0.0743680257764931,{'max_iter': 500},FGSM,0.15,1.0,,,,,,,,,123
0.539482100973726,0.8418544889983404,0.488217578937564,0.6180238956138971,0.2954,0.511782421062436,LR,as_submitted,FGSM_eps0.3,0.3863394062877585,{'max_iter': 500},FGSM,0.3,1.0,,,,,,,,,123
0.2678101826624653,0.5782525204032645,0.149585519575274,0.237685306233196,0.3514,0.850414480424726,LR,as_submitted,FGSM_eps0.5,0.6599303466085432,{'max_iter': 500},FGSM,0.5,1.0,,,,,,,,,123
0.1544931175815584,0.1956255468066491,0.0347107951193765,0.0589600253137854,0.4597,0.9652892048806234,LR,as_submitted,FGSM_eps0.75,0.7735554028761639,{'max_iter': 500},FGSM,0.75,1.0,,,,,,,,,123
0.7916321163732853,0.9267643627879848,0.7893135459033189,0.8525343304102883,0.2009,0.210686454096681,LR,as_submitted,PGD_eps0.15_it10,0.1243573645431069,{'max_iter': 500},PGD,0.15,10.0,,,,,,,,,123
0.7994503541898648,0.9315207909275952,0.7956782265826322,0.8582575643408517,0.1884,0.2043217734173678,LR,as_submitted,PGD_eps0.15_it25,0.1087445805396953,{'max_iter': 500},PGD,0.15,25.0,,,,,,,,,123
0.6057002061171788,0.8074340338126086,0.6346362817845944,0.7106823120382443,0.4875,0.3653637182154056,LR,as_submitted,PGD_eps0.3_it10,0.3121135302897486,{'max_iter': 500},PGD,0.3,10.0,,,,,,,,,123
0.5542893695657324,0.7795025872141546,0.5799621223881524,0.6650882096380824,0.5284,0.4200378776118476,LR,as_submitted,PGD_eps0.3_it25,0.3619844109076263,{'max_iter': 500},PGD,0.3,25.0,,,,,,,,,123
0.4984718898813049,0.7213666987487969,0.558477444192617,0.6295563916353136,0.6948,0.441522555807383,LR,as_submitted,PGD_eps0.5_it10,0.4307375204340306,{'max_iter': 500},PGD,0.5,10.0,,,,,,,,,123
0.439005899215807,0.6941637075480288,0.473408053649601,0.5629164743885556,0.6718,0.526591946350399,LR,as_submitted,PGD_eps0.5_it25,0.4791395200075813,{'max_iter': 500},PGD,0.5,25.0,,,,,,,,,123
0.4879528062735435,0.712822366835382,0.5509329690459188,0.6215085021802708,0.7149,0.4490670309540812,LR,as_submitted,PGD_eps0.75_it10,0.43753701817148,{'max_iter': 500},PGD,0.75,10.0,,,,,,,,,123
0.4244118552915255,0.6779226618705037,0.468098978546369,0.5538026410035078,0.7163,0.5319010214536309,LR,as_submitted,PGD_eps0.75_it25,0.4966002511312753,{'max_iter': 500},PGD,0.75,25.0,,,,,,,,,123
0.9022720272927576,0.966914943140254,0.902822192554876,0.9337700496122536,0.0995,0.097177807445124,LR,as_submitted,CW_c0.0_it10,0.0013504228955909,{'max_iter': 500},CW,,10.0,0.0,,,,,,,,123
0.9028406264066904,0.9669723551302498,0.903536278679872,0.9341786373485274,0.0994,0.0964637213201279,LR,as_submitted,CW_c0.5_it10,0.0014214977848326,{'max_iter': 500},CW,,10.0,0.5,,,,,,,,123
0.11,0.0851063829787234,0.08,0.0824742268041237,0.86,0.92,LR,as_submitted,HopSkipJump_direct,1.0,{'max_iter': 500},,,,,100.0,89.0,0.2650786340236664,557.0,0.0,0.0,0.7416853904724121,123
0.9047359567864672,0.9696434521826058,0.9034431370113944,0.9353734389816616,0.0911,0.0965568629886056,SVM,tuned,clean,0.0,"{'class_weight': None, 'C': 0.1}",,,,,,,,,,,,123
0.8581345210737047,0.926565804457459,0.8841628116364991,0.9048678190137264,0.2257,0.1158371883635008,SVM,tuned,FGSM_eps0.15,0.0656258143997725,"{'class_weight': None, 'C': 0.1}",FGSM,0.15,1.0,,,,,,,,,123
0.7168139496315952,0.8626987537602063,0.74792759787637,0.8012239535695874,0.3834,0.25207240212363,SVM,tuned,FGSM_eps0.3,0.208178350588737,"{'class_weight': None, 'C': 0.1}",FGSM,0.3,1.0,,,,,,,,,123
0.2892274159539434,0.5973888496824277,0.2102517929771181,0.3110345619474107,0.4564,0.7897482070228818,SVM,tuned,FGSM_eps0.5,0.6400056859911394,"{'class_weight': None, 'C': 0.1}",FGSM,0.5,1.0,,,,,,,,,123
0.2795375393873344,0.5816021046901932,0.1990437455369617,0.2965858623242043,0.4612,0.8009562544630383,SVM,tuned,FGSM_eps0.75,0.6500983202634509,"{'class_weight': None, 'C': 0.1}",FGSM,0.75,1.0,,,,,,,,,123
0.8776327323556588,0.9388265074316868,0.8981651091309882,0.918045792805801,0.1885,0.1018348908690117,SVM,tuned,PGD_eps0.15_it10,0.0368641758866592,"{'class_weight': None, 'C': 0.1}",PGD,0.15,10.0,,,,,,,,,123
0.8782487147290862,0.9442365760798216,0.8931975534788413,0.918008200775404,0.1699,0.1068024465211586,SVM,tuned,PGD_eps0.15_it25,0.0290459380700798,"{'class_weight': None, 'C': 0.1}",PGD,0.15,25.0,,,,,,,,,123
0.7752138169584686,0.943475036108834,0.7503803284796176,0.8359215577767786,0.1448,0.2496196715203825,SVM,tuned,PGD_eps0.3_it10,0.1455850647966073,"{'class_weight': None, 'C': 0.1}",PGD,0.3,10.0,,,,,,,,,123
0.7084981875903243,0.9416071349336648,0.6588531155888105,0.7752529865195631,0.1316,0.3411468844111894,SVM,tuned,PGD_eps0.3_it25,0.2013551612215404,"{'class_weight': None, 'C': 0.1}",PGD,0.3,25.0,,,,,,,,,123
0.5586960126987135,0.7918349806617963,0.5720761277903692,0.6642513383442383,0.4844,0.4279238722096308,SVM,tuned,PGD_eps0.5_it10,0.3701817148001611,"{'class_weight': None, 'C': 0.1}",PGD,0.5,10.0,,,,,,,,,123
0.5643109289488024,0.7790476959735068,0.5989009283119625,0.6771985255397578,0.5471,0.4010990716880375,SVM,tuned,PGD_eps0.5_it25,0.3539055651638276,"{'class_weight': None, 'C': 0.1}",PGD,0.5,25.0,,,,,,,,,123
0.5074510175554976,0.7445915263676477,0.5396317799372846,0.6257560483870968,0.5962,0.4603682200627154,SVM,tuned,PGD_eps0.75_it10,0.417707124073065,"{'class_weight': None, 'C': 0.1}",PGD,0.75,10.0,,,,,,,,,123
0.4575801369376199,0.694690635451505,0.515911701698283,0.5921003402875519,0.7303,0.4840882983017169,SVM,tuned,PGD_eps0.75_it25,0.4643796346750693,"{'class_weight': None, 'C': 0.1}",PGD,0.75,25.0,,,,,,,,,123
0.9026984766282072,0.9676184771033014,0.9026980036635724,0.9340315145284868,0.0973,0.0973019963364277,SVM,tuned,CW_c0.0_it10,0.00203748015826,"{'class_weight': None, 'C': 0.1}",CW,,10.0,0.0,,,,,,,,123
0.9030538510744154,0.9661460923770682,0.9046539787016052,0.9343894304771678,0.1021,0.0953460212983948,SVM,tuned,CW_c0.5_it10,0.0032220616456206,"{'class_weight': None, 'C': 0.1}",CW,,10.0,0.5,,,,,,,,123
0.11,0.0851063829787234,0.08,0.0824742268041237,0.86,0.92,SVM,tuned,HopSkipJump_direct,1.0,"{'class_weight': None, 'C': 0.1}",,,,,100.0,89.0,0.2584221363067627,557.0,0.0,0.0,0.7453303337097168,123
0.90471226515672,0.969642440601153,0.9034120897885684,0.9353563277508116,0.0911,0.0965879102114316,SVM,as_submitted,clean,0.0,{'max_iter': 500},,,,,,,,,,,,123
0.8388258428297283,0.9201839110875892,0.863702691794219,0.8910491503979757,0.2413,0.1362973082057809,SVM,as_submitted,FGSM_eps0.15,0.0851240256817266,{'max_iter': 500},FGSM,0.15,1.0,,,,,,,,,123
0.6072875453102419,0.824322642214016,0.6168151758825173,0.7056295507014739,0.4234,0.3831848241174826,SVM,as_submitted,FGSM_eps0.3,0.3195527020303726,{'max_iter': 500},FGSM,0.3,1.0,,,,,,,,,123
0.2800350636120258,0.5830898466033602,0.1982675649663137,0.2959152938995852,0.4566,0.8017324350336862,SVM,as_submitted,FGSM_eps0.5,0.6493875713710346,{'max_iter': 500},FGSM,0.5,1.0,,,,,,,,,123
0.1714089412210666,0.2869471413160733,0.0578099289018597,0.0962323634296346,0.4627,0.9421900710981402,SVM,as_submitted,FGSM_eps0.75,0.7587481342841574,{'max_iter': 500},FGSM,0.75,1.0,,,,,,,,,123
0.865147243478879,0.9372711981794796,0.8823310254897699,0.9089716935870782,0.1902,0.11766897451023,SVM,as_submitted,PGD_eps0.15_it10,0.0496102726906583,{'max_iter': 500},PGD,0.15,10.0,,,,,,,,,123
0.8644364945864627,0.9419951273236992,0.8763078642615418,0.9079650003216884,0.1738,0.1236921357384581,SVM,as_submitted,PGD_eps0.15_it25,0.0429055414721978,{'max_iter': 500},PGD,0.15,25.0,,,,,,,,,123
0.6216446729370514,0.8784432533209042,0.5851470086000807,0.7024075730471079,0.2608,0.4148529913999192,SVM,as_submitted,PGD_eps0.3_it10,0.2950318652420099,{'max_iter': 500},PGD,0.3,10.0,,,,,,,,,123
0.6308844085384634,0.8662936693246398,0.6105125896488559,0.7162526407809426,0.3035,0.3894874103511441,SVM,as_submitted,PGD_eps0.3_it25,0.2839204908905683,{'max_iter': 500},PGD,0.3,25.0,,,,,,,,,123
0.482148356985477,0.7275645253484588,0.5137383961004688,0.6022346775367593,0.6196,0.4862616038995312,SVM,as_submitted,PGD_eps0.5_it10,0.4474401194058139,{'max_iter': 500},PGD,0.5,10.0,,,,,,,,,123
0.4940415551185766,0.7305323080844556,0.5338880437144897,0.6169189926096004,0.6343,0.4661119562855103,SVM,as_submitted,PGD_eps0.5_it25,0.426828401525741,{'max_iter': 500},PGD,0.5,25.0,,,,,,,,,123
0.4140112298325001,0.6509064480962571,0.5005122791766277,0.5658873911822522,0.8646,0.4994877208233723,SVM,as_submitted,PGD_eps0.75_it10,0.5125921012106422,{'max_iter': 500},PGD,0.75,10.0,,,,,,,,,123
0.4201710535667748,0.6704270039219142,0.4723524480735198,0.5542238898400786,0.7479,0.5276475519264802,SVM,as_submitted,PGD_eps0.75_it25,0.5010068942642565,{'max_iter': 500},PGD,0.75,25.0,,,,,,,,,123
0.9022246440332632,0.9674412410946136,0.9022322953211837,0.9336996160457532,0.0978,0.0977677046788164,SVM,as_submitted,CW_c0.0_it10,0.002487621123457,{'max_iter': 500},CW,,10.0,0.0,,,,,,,,123
0.90267478499846,0.9660044442970382,0.904281412027694,0.9341244387427838,0.1025,0.0957185879723058,SVM,as_submitted,CW_c0.5_it10,0.0035774360918287,{'max_iter': 500},CW,,10.0,0.5,,,,,,,,123
0.11,0.0851063829787234,0.08,0.0824742268041237,0.86,0.92,SVM,as_submitted,HopSkipJump_direct,1.0,{'max_iter': 500},,,,,100.0,89.0,0.2311861217021942,557.0,0.0,0.0,0.7396881580352783,123
0.9984837356961784,0.9990994627829706,0.9989133472010928,0.9990063963236664,0.0029,0.0010866527989071,RF,tuned,clean,0.0,"{'n_estimators': 50, 'min_samples_leaf': 1, 'max_features': None, 'max_depth': None}",,,,,,,,,,,,123
0.1825676988320026,0.2442016057091882,0.0339967089943804,0.0596844084702804,0.3389,0.9660032910056195,RF,tuned,FGSM_eps0.15,0.8165794024970978,"{'n_estimators': 50, 'min_samples_leaf': 1, 'max_features': None, 'max_depth': None}",FGSM,0.15,1.0,,,,,,,,,123
0.1953137956360018,0.2259675405742821,0.0224781893259647,0.0408889390901646,0.248,0.9775218106740352,RF,tuned,FGSM_eps0.3,0.8038096140633514,"{'n_estimators': 50, 'min_samples_leaf': 1, 'max_features': None, 'max_depth': None}",FGSM,0.3,1.0,,,,,,,,,123
0.2149067734369447,0.3797566658037794,0.045546275885622,0.0813373253493014,0.2396,0.954453724114378,RF,tuned,FGSM_eps0.5,0.7841929446326613,"{'n_estimators': 50, 'min_samples_leaf': 1, 'max_features': None, 'max_depth': None}",FGSM,0.5,1.0,,,,,,,,,123
0.2184605178990262,0.4238811803791284,0.0673414263094166,0.1162192573541231,0.2948,0.9326585736905834,RF,tuned,FGSM_eps0.75,0.7805918169110854,"{'n_estimators': 50, 'min_samples_leaf': 1, 'max_features': None, 'max_depth': None}",FGSM,0.75,1.0,,,,,,,,,123
0.403965978819683,0.7378077571669477,0.3395945232698935,0.4651103457073606,0.3887,0.6604054767301065,RF,tuned,PGD_eps0.15_it10,0.5952285057689118,"{'n_estimators': 50, 'min_samples_leaf': 1, 'max_features': None, 'max_depth': None}",PGD,0.15,10.0,,,,,,,,,123
0.3123267549574735,0.6464795213989876,0.2180756931292496,0.3261364163996842,0.3841,0.7819243068707504,RF,tuned,PGD_eps0.15_it25,0.6868440380013742,"{'n_estimators': 50, 'min_samples_leaf': 1, 'max_features': None, 'max_depth': None}",PGD,0.15,25.0,,,,,,,,,123
0.3608709043095074,0.7035164151236969,0.2807600360147785,0.401349222200031,0.3811,0.7192399639852215,RF,tuned,PGD_eps0.3_it10,0.6383235802790874,"{'n_estimators': 50, 'min_samples_leaf': 1, 'max_features': None, 'max_depth': None}",PGD,0.3,10.0,,,,,,,,,123
0.3263758913975692,0.6614227086183311,0.2401813157813033,0.3523972212732035,0.396,0.7598186842186966,RF,tuned,PGD_eps0.3_it25,0.6728422848207728,"{'n_estimators': 50, 'min_samples_leaf': 1, 'max_features': None, 'max_depth': None}",PGD,0.3,25.0,,,,,,,,,123
0.4194839963041057,0.7555039787798409,0.3537210096556863,0.4818456723550931,0.3687,0.6462789903443137,RF,tuned,PGD_eps0.5_it10,0.5796867966547419,"{'n_estimators': 50, 'min_samples_leaf': 1, 'max_features': None, 'max_depth': None}",PGD,0.5,10.0,,,,,,,,,123
0.4611812646591959,0.7784445228850453,0.4108168524325499,0.5378096612270612,0.3766,0.58918314756745,RF,tuned,PGD_eps0.5_it25,0.5380369115591461,"{'n_estimators': 50, 'min_samples_leaf': 1, 'max_features': None, 'max_depth': None}",PGD,0.5,25.0,,,,,,,,,123
0.4034684545949916,0.7472566122678672,0.3298146480797292,0.4576413570274636,0.3593,0.6701853519202707,RF,tuned,PGD_eps0.75_it10,0.595702338363856,"{'n_estimators': 50, 'min_samples_leaf': 1, 'max_features': None, 'max_depth': None}",PGD,0.75,10.0,,,,,,,,,123
0.4778364803714847,0.7901283880171184,0.4299108944704896,0.5568424015763864,0.3678,0.5700891055295104,RF,tuned,PGD_eps0.75_it25,0.5213816958468573,"{'n_estimators': 50, 'min_samples_leaf': 1, 'max_features': None, 'max_depth': None}",PGD,0.75,25.0,,,,,,,,,123
0.4896349119855955,0.8707681612791102,0.3888975131174516,0.5376657938790402,0.1859,0.6111024868825483,RF,tuned,CW_c0.0_it10,0.5095358809732522,"{'n_estimators': 50, 'min_samples_leaf': 1, 'max_features': None, 'max_depth': None}",CW,,10.0,0.0,,,,,,,,123
0.4794001279348006,0.8507779834121598,0.385358129715297,0.5304500192315911,0.2177,0.6146418702847031,RF,tuned,CW_c0.5_it10,0.5198180482835414,"{'n_estimators': 50, 'min_samples_leaf': 1, 'max_features': None, 'max_depth': None}",CW,,10.0,0.5,,,,,,,,123
0.0,0.0,0.0,0.0,1.0,1.0,RF,tuned,HopSkipJump_direct,1.0,"{'n_estimators': 50, 'min_samples_leaf': 1, 'max_features': None, 'max_depth': None}",,,,,100.0,100.0,0.6108426451683044,559.0,0.0,0.0,23.50782585144043,123
0.9987443436233978,0.9994098279182456,0.9989443944239188,0.9991770569693958,0.0019,0.0010556055760812,RF,as_submitted,clean,0.0,{'n_estimators': 50},,,,,,,,,,,,123
0.1322940605084223,0.0541195476575121,0.008320655717346,0.0144237237964532,0.4684,0.991679344282654,RF,as_submitted,FGSM_eps0.15,0.8672794901561278,{'n_estimators': 50},FGSM,0.15,1.0,,,,,,,,,123
0.1329100428818498,0.0449834162520729,0.0067372473532242,0.0117192774012367,0.4607,0.9932627526467758,RF,as_submitted,FGSM_eps0.3,0.8666161245232059,{'n_estimators': 50},FGSM,0.3,1.0,,,,,,,,,123
0.1422445450022507,0.0624178712220762,0.0088484585053866,0.0154996600951733,0.4281,0.9911515414946132,RF,as_submitted,FGSM_eps0.5,0.8572105475135634,{'n_estimators': 50},FGSM,0.5,1.0,,,,,,,,,123
0.1842261129143073,0.3603716725263686,0.0891055295103852,0.1428820351977696,0.5094,0.9108944704896148,RF,as_submitted,FGSM_eps0.75,0.8153237461204956,{'n_estimators': 50},FGSM,0.75,1.0,,,,,,,,,123
0.198488474022128,0.3802067946824224,0.0799155515539135,0.1320711152158854,0.4196,0.9200844484460864,RF,as_submitted,PGD_eps0.15_it10,0.8009192352341917,{'n_estimators': 50},PGD,0.15,10.0,,,,,,,,,123
0.1478594612523395,0.057660626029654,0.0076065695923499,0.0134401228811234,0.4004,0.99239343040765,RF,as_submitted,PGD_eps0.15_it25,0.851524556374233,{'n_estimators': 50},PGD,0.15,25.0,,,,,,,,,123
0.196237769196143,0.3303024313105356,0.0518799093421093,0.0896747880218954,0.3388,0.9481200906578906,RF,as_submitted,PGD_eps0.3_it10,0.8030988651709351,{'n_estimators': 50},PGD,0.3,10.0,,,,,,,,,123
0.1566964391480489,0.0563417190775681,0.0066751529075724,0.0119361554476058,0.3601,0.9933248470924276,RF,as_submitted,PGD_eps0.3_it25,0.8426638868487764,{'n_estimators': 50},PGD,0.3,25.0,,,,,,,,,123
0.2143381743230117,0.4036400404448938,0.0619702567605327,0.107444689670022,0.2949,0.9380297432394672,RF,as_submitted,PGD_eps0.5_it10,0.784951076784572,{'n_estimators': 50},PGD,0.5,10.0,,,,,,,,,123
0.1673102892747992,0.1059549356223176,0.0122636530162376,0.021982914544898,0.3333,0.9877363469837624,RF,as_submitted,PGD_eps0.5_it25,0.8320026534625317,{'n_estimators': 50},PGD,0.5,25.0,,,,,,,,,123
0.1780189059205382,0.2830715532286212,0.0503585954236393,0.0855056801708005,0.4108,0.9496414045763606,RF,as_submitted,PGD_eps0.75_it10,0.8212940368167926,{'n_estimators': 50},PGD,0.75,10.0,,,,,,,,,123
0.1521476462365846,0.0900549954170485,0.0122015585705858,0.0214912640472479,0.3971,0.987798441429414,RF,as_submitted,PGD_eps0.75_it25,0.8471652965007462,{'n_estimators': 50},PGD,0.75,25.0,,,,,,,,,123
0.1556303158094245,0.0985256260238708,0.0130708808097115,0.0230798750068526,0.3852,0.9869291191902884,RF,as_submitted,CW_c0.0_it10,0.8439195432253784,{'n_estimators': 50},CW,,10.0,0.0,,,,,,,,123
0.1594209765689782,0.1480525069937594,0.0213604893042317,0.0373344909919687,0.3959,0.9786395106957684,RF,as_submitted,CW_c0.5_it10,0.840152574095572,{'n_estimators': 50},CW,,10.0,0.5,,,,,,,,123
0.01,0.0,0.0,0.0,0.98,1.0,RF,as_submitted,HopSkipJump_direct,0.99,{'n_estimators': 50},,,,,100.0,100.0,0.2534996271133423,562.0,0.0,0.0,24.06449031829834,123
0.9038119832263262,0.9671723039134332,0.9046539787016052,0.9348690965092402,0.0989,0.0953460212983948,LR,tuned,clean,0.0,"{'class_weight': None, 'C': 10.0}",,,,,,,,,,,,31
0.902437868700988,0.9695136219287984,0.9004626036201062,0.9337132187238426,0.0912,0.0995373963798938,LR,tuned,FGSM_eps0.15,0.0064915065507356,"{'class_weight': None, 'C': 10.0}",FGSM,0.15,1.0,,,,,,,,,31
0.8304390058992158,0.9648211370046016,0.8072277934738737,0.879016853457748,0.0948,0.1927722065261262,LR,tuned,FGSM_eps0.3,0.0824942547797863,"{'class_weight': None, 'C': 10.0}",FGSM,0.3,1.0,,,,,,,,,31
0.7959676846170248,0.927497373093228,0.7947468098978546,0.8560058855002676,0.2001,0.2052531901021453,LR,tuned,FGSM_eps0.5,0.143073752043403,"{'class_weight': None, 'C': 10.0}",FGSM,0.5,1.0,,,,,,,,,31
0.7836243455187283,0.8999306759098786,0.8060790462293148,0.8504233610114807,0.2887,0.1939209537706852,LR,tuned,FGSM_eps0.75,0.1714089412210666,"{'class_weight': None, 'C': 10.0}",FGSM,0.75,1.0,,,,,,,,,31
0.9077921770238576,0.9696487212657976,0.9075724176472416,0.9375841939829368,0.0915,0.0924275823527585,LR,tuned,PGD_eps0.15_it10,0.0008292070411523,"{'class_weight': None, 'C': 10.0}",PGD,0.15,10.0,,,,,,,,,31
0.9076737188751214,0.9698619224641528,0.9071998509733304,0.9374849607777084,0.0908,0.0928001490266695,LR,tuned,PGD_eps0.15_it25,0.0007107488924163,"{'class_weight': None, 'C': 10.0}",PGD,0.15,25.0,,,,,,,,,31
0.8127176668483025,0.9325786700840096,0.8133751435934056,0.8689076466393593,0.1894,0.1866248564065944,LR,tuned,PGD_eps0.3_it10,0.1101423866947807,"{'class_weight': None, 'C': 10.0}",PGD,0.3,10.0,,,,,,,,,31
0.8079082660096188,0.9327085353154512,0.8064516129032258,0.8649971694029105,0.1874,0.1935483870967742,LR,tuned,PGD_eps0.3_it25,0.1183870738468099,"{'class_weight': None, 'C': 10.0}",PGD,0.3,25.0,,,,,,,,,31
0.6559264611812646,0.8470565149136577,0.670092210251793,0.7482535665378148,0.3897,0.329907789748207,LR,tuned,PGD_eps0.5_it10,0.2751782795138477,"{'class_weight': None, 'C': 10.0}",PGD,0.5,10.0,,,,,,,,,31
0.659006373048402,0.8478600437363324,0.6740973019963364,0.7510593769998444,0.3896,0.3259026980036635,LR,tuned,PGD_eps0.5_it25,0.276670852187922,"{'class_weight': None, 'C': 10.0}",PGD,0.5,25.0,,,,,,,,,31
0.652254258570447,0.8423622231769714,0.6695954546865783,0.7461080744482115,0.4036,0.3304045453134217,LR,tuned,PGD_eps0.75_it10,0.2797270724253121,"{'class_weight': None, 'C': 10.0}",PGD,0.75,10.0,,,,,,,,,31
0.6170011135065981,0.795462079634609,0.6704958241485299,0.7276525489403282,0.5553,0.32950417585147,LR,tuned,PGD_eps0.75_it25,0.3172783055746405,"{'class_weight': None, 'C': 10.0}",PGD,0.75,25.0,,,,,,,,,31
0.90310123433391,0.9690408673894912,0.9018286814244466,0.9342274540074618,0.0928,0.0981713185755534,LR,tuned,CW_c0.0_it10,0.0027008457911819,"{'class_weight': None, 'C': 10.0}",CW,,10.0,0.0,,,,,,,,31
0.9031960008528986,0.9695461982836344,0.9014561147505356,0.9342621790333998,0.0912,0.0985438852494644,LR,tuned,CW_c0.5_it10,0.0030562202373901,"{'class_weight': None, 'C': 10.0}",CW,,10.0,0.5,,,,,,,,31
0.07,0.0612244897959183,0.06,0.0606060606060606,0.92,0.94,LR,tuned,HopSkipJump_direct,1.0,"{'class_weight': None, 'C': 10.0}",,,,,100.0,93.0,0.6371108293533325,556.0,0.0,0.0,0.7462666034698486,31
0.9038119832263262,0.9671723039134332,0.9046539787016052,0.9348690965092402,0.0989,0.0953460212983948,LR,as_submitted,clean,0.0,{'max_iter': 500},,,,,,,,,,,,31
0.9024615603307352,0.9695146409947852,0.9004936508429321,0.9337303822937626,0.0912,0.0995063491570679,LR,as_submitted,FGSM_eps0.15,0.0064678149209884,{'max_iter': 500},FGSM,0.15,1.0,,,,,,,,,31
0.8310549882726432,0.9643386165012592,0.8085007296097364,0.8795703646158782,0.0963,0.1914992703902636,LR,as_submitted,FGSM_eps0.3,0.0828496292259944,{'max_iter': 500},FGSM,0.3,1.0,,,,,,,,,31
0.7959676846170248,0.927497373093228,0.7947468098978546,0.8560058855002676,0.2001,0.2052531901021453,LR,as_submitted,FGSM_eps0.5,0.143073752043403,{'max_iter': 500},FGSM,0.5,1.0,,,,,,,,,31
0.7836717287782227,0.8999376126438375,0.8061411406749667,0.8504610143954406,0.2887,0.1938588593250333,LR,as_submitted,FGSM_eps0.75,0.1713615579615721,{'max_iter': 500},FGSM,0.75,1.0,,,,,,,,,31
0.907744793764363,0.9696778688252662,0.9074792759787637,0.9375481139337952,0.0914,0.0925207240212363,LR,as_submitted,PGD_eps0.15_it10,0.0008292070411523,{'max_iter': 500},PGD,0.15,10.0,,,,,,,,,31
0.9076026439858798,0.9698589211618256,0.9071067093048528,0.937433824237174,0.0908,0.0928932906951473,LR,as_submitted,PGD_eps0.15_it25,0.0007107488924163,{'max_iter': 500},PGD,0.15,25.0,,,,,,,,,31
0.8127176668483025,0.9325786700840096,0.8133751435934056,0.8689076466393593,0.1894,0.1866248564065944,LR,as_submitted,PGD_eps0.3_it10,0.1101423866947807,{'max_iter': 500},PGD,0.3,10.0,,,,,,,,,31
0.8077661162311356,0.932756205323467,0.8062032351206184,0.8648747668531841,0.1872,0.1937967648793815,LR,as_submitted,PGD_eps0.3_it25,0.1183159989575683,{'max_iter': 500},PGD,0.3,25.0,,,,,,,,,31
0.6559501528110119,0.8470897601946701,0.670092210251793,0.7482665372347802,0.3896,0.329907789748207,LR,as_submitted,PGD_eps0.5_it10,0.2751545878841005,{'max_iter': 500},PGD,0.5,10.0,,,,,,,,,31
0.6588168400104243,0.8479212253829321,0.6737247353224254,0.7508520613830211,0.3892,0.3262752646775746,LR,as_submitted,PGD_eps0.5_it25,0.2765760856689331,{'max_iter': 500},PGD,0.5,25.0,,,,,,,,,31
0.6531071572413466,0.843548324011421,0.6695954546865783,0.7465729714760454,0.4,0.3304045453134217,LR,as_submitted,PGD_eps0.75_it10,0.2788741737544126,{'max_iter': 500},PGD,0.75,10.0,,,,,,,,,31
0.6170721883958398,0.7955717653993516,0.6704647769257039,0.7276801509611982,0.5549,0.329535223074296,LR,as_submitted,PGD_eps0.75_it25,0.3171835390556516,{'max_iter': 500},PGD,0.75,25.0,,,,,,,,,31
0.90310123433391,0.9690408673894912,0.9018286814244466,0.9342274540074618,0.0928,0.0981713185755534,LR,as_submitted,CW_c0.0_it10,0.0027008457911819,{'max_iter': 500},CW,,10.0,0.0,,,,,,,,31
0.9031960008528986,0.9695461982836344,0.9014561147505356,0.9342621790333998,0.0912,0.0985438852494644,LR,as_submitted,CW_c0.5_it10,0.0030562202373901,{'max_iter': 500},CW,,10.0,0.5,,,,,,,,31
0.07,0.0612244897959183,0.06,0.0606060606060606,0.92,0.94,LR,as_submitted,HopSkipJump_direct,1.0,{'max_iter': 500},,,,,100.0,93.0,0.6387931108474731,556.0,0.0,0.0,0.7388114929199219,31
0.905375630789642,0.9698584512905912,0.9040951286907386,0.9358228621011024,0.0905,0.0959048713092613,SVM,tuned,clean,0.0,"{'class_weight': None, 'C': 1.0}",,,,,,,,,,,,31
0.900755762988936,0.9674674674674676,0.9002142258374989,0.9326299876163978,0.0975,0.0997857741625011,SVM,tuned,FGSM_eps0.15,0.0085289867089957,"{'class_weight': None, 'C': 1.0}",FGSM,0.15,1.0,,,,,,,,,31
0.7835058873699922,0.9256170903590007,0.7788816790338104,0.8459333693013218,0.2016,0.2211183209661895,SVM,tuned,FGSM_eps0.3,0.1496126418536331,"{'class_weight': None, 'C': 1.0}",FGSM,0.3,1.0,,,,,,,,,31
0.7278068658343008,0.8642756680731364,0.7631407370610699,0.8105657141914954,0.386,0.2368592629389301,SVM,tuned,FGSM_eps0.5,0.2060697955412352,"{'class_weight': None, 'C': 1.0}",FGSM,0.5,1.0,,,,,,,,,31
0.7109621170840342,0.8549331251995601,0.7481759756589773,0.7979998675408968,0.4089,0.2518240243410227,SVM,tuned,FGSM_eps0.75,0.2241228174086095,"{'class_weight': None, 'C': 1.0}",FGSM,0.75,1.0,,,,,,,,,31
0.9041910493022816,0.9697141522964544,0.9026359092179204,0.9349734684032802,0.0908,0.0973640907820795,SVM,tuned,PGD_eps0.15_it10,0.0015399559335686,"{'class_weight': None, 'C': 1.0}",PGD,0.15,10.0,,,,,,,,,31
0.9025800184794712,0.9697081146143302,0.9004626036201062,0.9338034064200392,0.0906,0.0995373963798938,SVM,tuned,PGD_eps0.15_it25,0.0033642114241038,"{'class_weight': None, 'C': 1.0}",PGD,0.15,25.0,,,,,,,,,31
0.7905186097751664,0.8716244155348453,0.8507870470986371,0.8610796882855707,0.4036,0.1492129529013629,SVM,tuned,PGD_eps0.3_it10,0.129214148641285,"{'class_weight': None, 'C': 1.0}",PGD,0.3,10.0,,,,,,,,,31
0.8446776753772892,0.8789105196301439,0.9237169735167188,0.9007568876778688,0.4099,0.076283026483281,SVM,tuned,PGD_eps0.3_it25,0.0802198583240541,"{'class_weight': None, 'C': 1.0}",PGD,0.3,25.0,,,,,,,,,31
0.7229737733658699,0.7972127252709046,0.8542643360551399,0.8247530836443205,0.6999,0.1457356639448601,SVM,tuned,PGD_eps0.5_it10,0.2091497074083726,"{'class_weight': None, 'C': 1.0}",PGD,0.5,10.0,,,,,,,,,31
0.7369281432869768,0.807428987618354,0.8604737806203235,0.8331078846905342,0.661,0.1395262193796765,SVM,tuned,PGD_eps0.5_it25,0.2091023241488782,"{'class_weight': None, 'C': 1.0}",PGD,0.5,25.0,,,,,,,,,31
0.6749034566087802,0.7760489771539495,0.8067931323543109,0.7911224769385332,0.7499,0.1932068676456891,SVM,tuned,PGD_eps0.75_it10,0.2597313369186666,"{'class_weight': None, 'C': 1.0}",PGD,0.75,10.0,,,,,,,,,31
0.5961050960695586,0.7436911306136882,0.7182464528547922,0.7307473624360351,0.7973,0.2817535471452078,SVM,tuned,PGD_eps0.75_it25,0.3628846928380203,"{'class_weight': None, 'C': 1.0}",PGD,0.75,25.0,,,,,,,,,31
0.9025089435902296,0.969516678922388,0.900555745288584,0.9337647077760072,0.0912,0.099444254711416,SVM,tuned,CW_c0.0_it10,0.0029140704589068,"{'class_weight': None, 'C': 1.0}",CW,,10.0,0.0,,,,,,,,31
0.9022720272927576,0.9695064865587802,0.9002452730603248,0.9335930582610236,0.0912,0.0997547269396752,SVM,tuned,CW_c0.5_it10,0.0031746783861261,"{'class_weight': None, 'C': 1.0}",CW,,10.0,0.5,,,,,,,,31
0.07,0.0612244897959183,0.06,0.0606060606060606,0.92,0.94,SVM,tuned,HopSkipJump_direct,1.0,"{'class_weight': None, 'C': 1.0}",,,,,100.0,93.0,0.4234065115451813,557.0,0.0,0.0,0.7524292469024658,31
0.905375630789642,0.9698584512905912,0.9040951286907386,0.9358228621011024,0.0905,0.0959048713092613,SVM,as_submitted,clean,0.0,{'max_iter': 500},,,,,,,,,,,,31
0.900755762988936,0.9674674674674676,0.9002142258374989,0.9326299876163978,0.0975,0.0997857741625011,SVM,as_submitted,FGSM_eps0.15,0.0085289867089957,{'max_iter': 500},FGSM,0.15,1.0,,,,,,,,,31
0.7835058873699922,0.9256170903590007,0.7788816790338104,0.8459333693013218,0.2016,0.2211183209661895,SVM,as_submitted,FGSM_eps0.3,0.1496126418536331,{'max_iter': 500},FGSM,0.3,1.0,,,,,,,,,31
0.7278068658343008,0.8642756680731364,0.7631407370610699,0.8105657141914954,0.386,0.2368592629389301,SVM,as_submitted,FGSM_eps0.5,0.2060697955412352,{'max_iter': 500},FGSM,0.5,1.0,,,,,,,,,31
0.7109621170840342,0.8549331251995601,0.7481759756589773,0.7979998675408968,0.4089,0.2518240243410227,SVM,as_submitted,FGSM_eps0.75,0.2241228174086095,{'max_iter': 500},FGSM,0.75,1.0,,,,,,,,,31
0.9041910493022816,0.9697141522964544,0.9026359092179204,0.9349734684032802,0.0908,0.0973640907820795,SVM,as_submitted,PGD_eps0.15_it10,0.0015399559335686,{'max_iter': 500},PGD,0.15,10.0,,,,,,,,,31
0.9025800184794712,0.9697081146143302,0.9004626036201062,0.9338034064200392,0.0906,0.0995373963798938,SVM,as_submitted,PGD_eps0.15_it25,0.0033642114241038,{'max_iter': 500},PGD,0.15,25.0,,,,,,,,,31
0.7905186097751664,0.8716244155348453,0.8507870470986371,0.8610796882855707,0.4036,0.1492129529013629,SVM,as_submitted,PGD_eps0.3_it10,0.129214148641285,{'max_iter': 500},PGD,0.3,10.0,,,,,,,,,31
0.8446776753772892,0.8789105196301439,0.9237169735167188,0.9007568876778688,0.4099,0.076283026483281,SVM,as_submitted,PGD_eps0.3_it25,0.0802198583240541,{'max_iter': 500},PGD,0.3,25.0,,,,,,,,,31
0.7229737733658699,0.7972127252709046,0.8542643360551399,0.8247530836443205,0.6999,0.1457356639448601,SVM,as_submitted,PGD_eps0.5_it10,0.2091497074083726,{'max_iter': 500},PGD,0.5,10.0,,,,,,,,,31
0.7369281432869768,0.807428987618354,0.8604737806203235,0.8331078846905342,0.661,0.1395262193796765,SVM,as_submitted,PGD_eps0.5_it25,0.2091023241488782,{'max_iter': 500},PGD,0.5,25.0,,,,,,,,,31
0.6749034566087802,0.7760489771539495,0.8067931323543109,0.7911224769385332,0.7499,0.1932068676456891,SVM,as_submitted,PGD_eps0.75_it10,0.2597313369186666,{'max_iter': 500},PGD,0.75,10.0,,,,,,,,,31
0.5961050960695586,0.7436911306136882,0.7182464528547922,0.7307473624360351,0.7973,0.2817535471452078,SVM,as_submitted,PGD_eps0.75_it25,0.3628846928380203,{'max_iter': 500},PGD,0.75,25.0,,,,,,,,,31
0.9025089435902296,0.969516678922388,0.900555745288584,0.9337647077760072,0.0912,0.099444254711416,SVM,as_submitted,CW_c0.0_it10,0.0029140704589068,{'max_iter': 500},CW,,10.0,0.0,,,,,,,,31
0.9022720272927576,0.9695064865587802,0.9002452730603248,0.9335930582610236,0.0912,0.0997547269396752,SVM,as_submitted,CW_c0.5_it10,0.0031746783861261,{'max_iter': 500},CW,,10.0,0.5,,,,,,,,31
0.07,0.0612244897959183,0.06,0.0606060606060606,0.92,0.94,SVM,as_submitted,HopSkipJump_direct,1.0,{'max_iter': 500},,,,,100.0,93.0,0.4234065115451813,557.0,0.0,0.0,0.7360355854034424,31
0.9987917268828924,0.999316812620334,0.9990996305380484,0.999208209777833,0.0022,0.0009003694619516,RF,tuned,clean,0.0,"{'n_estimators': 400, 'min_samples_leaf': 1, 'max_features': 'log2', 'max_depth': None}",,,,,,,,,,,,31
0.1836575138003743,0.351046912271402,0.0822440932658573,0.1332662558168783,0.4897,0.9177559067341426,RF,tuned,FGSM_eps0.15,0.8156791205667038,"{'n_estimators': 400, 'min_samples_leaf': 1, 'max_features': 'log2', 'max_depth': None}",FGSM,0.15,1.0,,,,,,,,,31
0.239380226965813,0.505100039231071,0.1598931975534788,0.2428958849192312,0.5046,0.8401068024465211,RF,tuned,FGSM_eps0.3,0.7599564074012651,"{'n_estimators': 400, 'min_samples_leaf': 1, 'max_features': 'log2', 'max_depth': None}",FGSM,0.3,1.0,,,,,,,,,31
0.2607026937383022,0.5459875412238915,0.1850414480424726,0.2764057971014493,0.4956,0.8149585519575274,RF,tuned,FGSM_eps0.5,0.7386102489990286,"{'n_estimators': 400, 'min_samples_leaf': 1, 'max_features': 'log2', 'max_depth': None}",FGSM,0.5,1.0,,,,,,,,,31
0.277120993153119,0.5653949903660886,0.227762426650936,0.3247167138810198,0.5639,0.772237573349064,RF,tuned,FGSM_eps0.75,0.7222156412139591,"{'n_estimators': 400, 'min_samples_leaf': 1, 'max_features': 'log2', 'max_depth': None}",FGSM,0.75,1.0,,,,,,,,,31
0.3941813357340851,0.7480568011958146,0.3107516532646154,0.439097150628441,0.3371,0.6892483467353845,RF,tuned,PGD_eps0.15_it10,0.6050842237437514,"{'n_estimators': 400, 'min_samples_leaf': 1, 'max_features': 'log2', 'max_depth': None}",PGD,0.15,10.0,,,,,,,,,31
0.3421308251794641,0.6883855094595741,0.2519171660095004,0.3688517137921629,0.3673,0.7480828339904996,RF,tuned,PGD_eps0.15_it25,0.6572768840768557,"{'n_estimators': 400, 'min_samples_leaf': 1, 'max_features': 'log2', 'max_depth': None}",PGD,0.15,25.0,,,,,,,,,31
0.3719112037717074,0.7332569182904863,0.2780589276289236,0.4032145510208675,0.3258,0.7219410723710764,RF,tuned,PGD_eps0.3_it10,0.6273306640763818,"{'n_estimators': 400, 'min_samples_leaf': 1, 'max_features': 'log2', 'max_depth': None}",PGD,0.3,10.0,,,,,,,,,31
0.2403042005259542,0.5089700163091205,0.1259585830047502,0.2019412643106023,0.3914,0.8740414169952497,RF,tuned,PGD_eps0.3_it25,0.7589613589518823,"{'n_estimators': 400, 'min_samples_leaf': 1, 'max_features': 'log2', 'max_depth': None}",PGD,0.3,25.0,,,,,,,,,31
0.2797270724253121,0.621650733809075,0.1433450277872644,0.2329700272479564,0.281,0.8566549722127356,RF,tuned,PGD_eps0.5_it10,0.7195147954227772,"{'n_estimators': 400, 'min_samples_leaf': 1, 'max_features': 'log2', 'max_depth': None}",PGD,0.5,10.0,,,,,,,,,31
0.2580729228363619,0.5798604900733322,0.1006550964016268,0.1715343915343915,0.2349,0.8993449035983732,RF,tuned,PGD_eps0.5_it25,0.7411926366414746,"{'n_estimators': 400, 'min_samples_leaf': 1, 'max_features': 'log2', 'max_depth': None}",PGD,0.5,25.0,,,,,,,,,31
0.2697765879314838,0.6050916805576603,0.1239715607438914,0.20578231292517,0.2606,0.8760284392561085,RF,tuned,PGD_eps0.75_it10,0.7295126631760999,"{'n_estimators': 400, 'min_samples_leaf': 1, 'max_features': 'log2', 'max_depth': None}",PGD,0.75,10.0,,,,,,,,,31
0.2400672842284821,0.5106861642294713,0.0986680741407681,0.1653830141548709,0.3045,0.901331925859232,RF,tuned,PGD_eps0.75_it25,0.7591982752493543,"{'n_estimators': 400, 'min_samples_leaf': 1, 'max_features': 'log2', 'max_depth': None}",PGD,0.75,25.0,,,,,,,,,31
0.2255443151934421,0.4456029011786038,0.0610388400757552,0.1073700882007591,0.2446,0.9389611599242448,RF,tuned,CW_c0.0_it10,0.7736501693951527,"{'n_estimators': 400, 'min_samples_leaf': 1, 'max_features': 'log2', 'max_depth': None}",CW,,10.0,0.0,,,,,,,,31
0.2230093108104906,0.4350807343508073,0.0610698872985811,0.1071059079771304,0.2554,0.9389301127014188,RF,tuned,CW_c0.5_it10,0.7762325570375986,"{'n_estimators': 400, 'min_samples_leaf': 1, 'max_features': 'log2', 'max_depth': None}",CW,,10.0,0.5,,,,,,,,31
0.0,0.0,0.0,0.0,1.0,1.0,RF,tuned,HopSkipJump_direct,1.0,"{'n_estimators': 400, 'min_samples_leaf': 1, 'max_features': 'log2', 'max_depth': None}",,,,,100.0,100.0,0.5086573958396912,563.5,0.0,0.0,182.30099177360532,31
0.9987206519936508,0.9992237230243752,0.9990996305380484,0.9991616729282454,0.0025,0.0009003694619516,RF,as_submitted,clean,0.0,{'n_estimators': 50},,,,,,,,,,,,31
0.2422706057949726,0.512736699729486,0.1412338166351019,0.2214649107860081,0.4323,0.858766183364898,RF,as_submitted,FGSM_eps0.15,0.7570660285721055,{'n_estimators': 50},FGSM,0.15,1.0,,,,,,,,,31
0.2801298301310147,0.593865788390284,0.1791424757055481,0.2752534287418008,0.3946,0.8208575242944519,RF,as_submitted,FGSM_eps0.3,0.7191594209765689,{'n_estimators': 50},FGSM,0.3,1.0,,,,,,,,,31
0.321732331967116,0.6461224489795918,0.2457387686671427,0.3560583908769877,0.4335,0.7542612313328573,RF,as_submitted,FGSM_eps0.5,0.6775569191404677,{'n_estimators': 50},FGSM,0.5,1.0,,,,,,,,,31
0.352602525527731,0.689513312116743,0.2757924803626315,0.3939945001330613,0.4,0.7242075196373684,RF,as_submitted,FGSM_eps0.75,0.646734108839347,{'n_estimators': 50},FGSM,0.75,1.0,,,,,,,,,31
0.4327513089625435,0.7727332717434341,0.3635629792915024,0.4944788125752169,0.3444,0.6364370207084976,RF,as_submitted,PGD_eps0.15_it10,0.5664905588855458,{'n_estimators': 50},PGD,0.15,10.0,,,,,,,,,31
0.3757729394205027,0.7510494303092606,0.272191002514825,0.3995715783236862,0.2906,0.7278089974851749,RF,as_submitted,PGD_eps0.15_it25,0.6234689284275865,{'n_estimators': 50},PGD,0.15,25.0,,,,,,,,,31
0.460067758061077,0.8277998190297209,0.3692446210686454,0.5106922019924425,0.2474,0.6307553789313546,RF,as_submitted,PGD_eps0.3_it10,0.5392214930465067,{'n_estimators': 50},PGD,0.3,10.0,,,,,,,,,31
0.343931389040252,0.7331956633970057,0.2204663292868453,0.3389984245954074,0.2584,0.7795336707131547,RF,as_submitted,PGD_eps0.3_it25,0.6552630955483427,{'n_estimators': 50},PGD,0.3,25.0,,,,,,,,,31
0.3827382785661826,0.7961127682093717,0.2568847216616474,0.3884324679592507,0.2119,0.7431152783383527,RF,as_submitted,PGD_eps0.5_it10,0.6164798976521595,{'n_estimators': 50},PGD,0.5,10.0,,,,,,,,,31
0.2734961738017958,0.6177547284929835,0.1257412524449688,0.2089513736618083,0.2506,0.8742587475550312,RF,as_submitted,PGD_eps0.5_it25,0.7257456940462934,{'n_estimators': 50},PGD,0.5,25.0,,,,,,,,,31
0.3538344902745859,0.7455957002090177,0.2325747461889534,0.3545531995456266,0.2556,0.7674252538110466,RF,as_submitted,PGD_eps0.75_it10,0.6454310692032504,{'n_estimators': 50},PGD,0.75,10.0,,,,,,,,,31
0.2918098035963894,0.6562795089707271,0.1510447390480921,0.2455706425723083,0.2548,0.8489552609519079,RF,as_submitted,PGD_eps0.75_it25,0.7073846809922054,{'n_estimators': 50},PGD,0.75,25.0,,,,,,,,,31
0.3269681821412495,0.7380087664370695,0.182961284113136,0.2932278449519829,0.2092,0.8170387158868639,RF,as_submitted,CW_c0.0_it10,0.6721315359283565,{'n_estimators': 50},CW,,10.0,0.0,,,,,,,,31
0.3045559004003885,0.6655456337701496,0.1781800117979446,0.2811030564263322,0.2884,0.8218199882020554,RF,as_submitted,CW_c0.5_it10,0.6945912009287118,{'n_estimators': 50},CW,,10.0,0.5,,,,,,,,31
0.0,0.0,0.0,0.0,1.0,1.0,RF,as_submitted,HopSkipJump_direct,1.0,{'n_estimators': 50},,,,,100.0,100.0,0.5939180850982666,563.5,0.0,0.0,24.1546483039856,31
0.9061574545713,0.9691735317565772,0.90583377316899,0.9364338099593984,0.0928,0.0941662268310099,LR,tuned,clean,0.0,"{'class_weight': 'balanced', 'C': 0.01}",,,,,,,,,,,,99
0.9055177805681252,0.9698957674248226,0.9042503648048682,0.935923390854462,0.0904,0.0957496351951318,LR,tuned,FGSM_eps0.15,0.0017057973417991,"{'class_weight': 'balanced', 'C': 0.01}",FGSM,0.15,1.0,,,,,,,,,99
0.8066052263735223,0.9411786290914428,0.7963302182619765,0.8627167387026791,0.1603,0.2036697817380235,LR,tuned,FGSM_eps0.3,0.1013054087990713,"{'class_weight': 'balanced', 'C': 0.01}",FGSM,0.3,1.0,,,,,,,,,99
0.8019853585728163,0.9265352838084338,0.8042783073054115,0.8610889509373754,0.2054,0.1957216926945884,LR,tuned,FGSM_eps0.5,0.1254471795114786,"{'class_weight': 'balanced', 'C': 0.01}",FGSM,0.5,1.0,,,,,,,,,99
0.7337060816413561,0.915804084870117,0.7169424694961035,0.8042630259125104,0.2123,0.2830575305038964,LR,tuned,FGSM_eps0.75,0.1977303418702172,"{'class_weight': 'balanced', 'C': 0.01}",FGSM,0.75,1.0,,,,,,,,,99
0.9074604942073964,0.96546393448015,0.9113291316091776,0.9376157924998404,0.105,0.0886708683908224,LR,tuned,PGD_eps0.15_it10,0.0038854272785424,"{'class_weight': 'balanced', 'C': 0.01}",PGD,0.15,10.0,,,,,,,,,99
0.9068208202042218,0.9653413205187282,0.9105839982613556,0.9371634899586202,0.1053,0.0894160017386444,LR,tuned,PGD_eps0.15_it25,0.0036248193513231,"{'class_weight': 'balanced', 'C': 0.01}",PGD,0.15,25.0,,,,,,,,,99
0.8886730318178587,0.9468520563965954,0.9049023564842124,0.9254020415614927,0.1636,0.0950976435157875,LR,tuned,PGD_eps0.3_it10,0.0187400791300433,"{'class_weight': 'balanced', 'C': 0.01}",PGD,0.3,10.0,,,,,,,,,99
0.9052334810111587,0.9690399388114797,0.904716073147257,0.9357739242132306,0.0931,0.095283926852743,LR,tuned,PGD_eps0.3_it25,0.0014451894145798,"{'class_weight': 'balanced', 'C': 0.01}",PGD,0.3,25.0,,,,,,,,,99
0.8836504063114502,0.9452890512853974,0.8995932813809805,0.9218752485642926,0.1677,0.1004067186190195,LR,tuned,PGD_eps0.5_it10,0.0248288279750764,"{'class_weight': 'balanced', 'C': 0.01}",PGD,0.5,10.0,,,,,,,,,99
0.8833897983842308,0.946668849238828,0.8977614952342513,0.9215667527169584,0.1629,0.1022385047657487,LR,tuned,PGD_eps0.5_it25,0.0243076121206377,"{'class_weight': 'balanced', 'C': 0.01}",PGD,0.5,25.0,,,,,,,,,99
0.8779170319126253,0.9453809178903008,0.8915210034462417,0.9176613457328668,0.1659,0.1084789965537582,LR,tuned,PGD_eps0.75_it10,0.0303252860764291,"{'class_weight': 'balanced', 'C': 0.01}",PGD,0.75,10.0,,,,,,,,,99
0.8704304769125069,0.9458152717572524,0.8806544754571703,0.9120725413591858,0.1625,0.1193455245428296,LR,tuned,PGD_eps0.75_it25,0.0379302992252837,"{'class_weight': 'balanced', 'C': 0.01}",PGD,0.75,25.0,,,,,,,,,99
0.9053519391598948,0.9679559477210908,0.9059579620602936,0.9359313607569562,0.0966,0.0940420379397063,LR,tuned,CW_c0.0_it10,0.0011135065981188,"{'class_weight': 'balanced', 'C': 0.01}",CW,,10.0,0.0,,,,,,,,99
0.9053045559004004,0.9680780461906026,0.9057716787233382,0.9358890047317348,0.0962,0.0942283212766618,LR,tuned,CW_c0.5_it10,0.00101874007913,"{'class_weight': 'balanced', 'C': 0.01}",CW,,10.0,0.5,,,,,,,,99
0.08,0.08,0.08,0.08,0.92,0.92,LR,tuned,HopSkipJump_direct,1.0,"{'class_weight': 'balanced', 'C': 0.01}",,,,,100.0,92.0,0.5975701808929443,556.0,0.0,0.0,0.7558696269989014,99
0.9062048378307944,0.969237924390406,0.90583377316899,0.9364638667330006,0.0926,0.0941662268310099,LR,as_submitted,clean,0.0,{'max_iter': 500},,,,,,,,,,,,99
0.8089033144590017,0.9413872536472996,0.7993417988760906,0.8645689915712415,0.1603,0.2006582011239094,LR,as_submitted,FGSM_eps0.15,0.0985334881186476,{'max_iter': 500},FGSM,0.15,1.0,,,,,,,,,99
0.8075528915634107,0.9270264520246791,0.811698593560806,0.8655377331942858,0.2058,0.188301406439194,LR,as_submitted,FGSM_eps0.3,0.1162074439100665,{'max_iter': 500},FGSM,0.3,1.0,,,,,,,,,99
0.8047572792532398,0.9247536683915788,0.8100530907510323,0.8636115386524998,0.2123,0.1899469092489676,LR,as_submitted,FGSM_eps0.5,0.1271529768532777,{'max_iter': 500},FGSM,0.5,1.0,,,,,,,,,99
0.7125257646473501,0.9090427482782508,0.6925703995777578,0.7861774864312399,0.2232,0.3074296004222422,LR,as_submitted,FGSM_eps0.75,0.2246677248927953,{'max_iter': 500},FGSM,0.75,1.0,,,,,,,,,99
0.9072472695396716,0.9653006183396922,0.911204942717874,0.9374730487279,0.1055,0.0887950572821261,LR,as_submitted,PGD_eps0.15_it10,0.0041223435760145,{'max_iter': 500},PGD,0.15,10.0,,,,,,,,,99
0.9058731550143334,0.965172981878089,0.9094662982396224,0.9364919515976918,0.1057,0.0905337017603775,LR,as_submitted,PGD_eps0.15_it25,0.004169726835509,{'max_iter': 500},PGD,0.15,25.0,,,,,,,,,99
0.8879622829254424,0.9466549639165204,0.9041261759135644,0.924901938987788,0.1641,0.0958738240864354,LR,as_submitted,PGD_eps0.3_it10,0.0194271363927124,{'max_iter': 500},PGD,0.3,10.0,,,,,,,,,99
0.9019166528465492,0.9659373858769628,0.9033189481200906,0.933579335793358,0.1026,0.0966810518799093,LR,as_submitted,PGD_eps0.3_it25,0.0048094008386836,{'max_iter': 500},PGD,0.3,25.0,,,,,,,,,99
0.8682745386055106,0.9441944194419442,0.8793504920984818,0.9106195543838216,0.1674,0.1206495079015182,LR,as_submitted,PGD_eps0.5_it10,0.0402994622000047,{'max_iter': 500},PGD,0.5,10.0,,,,,,,,,99
0.8761875429410789,0.9456905949588716,0.888788847837561,0.9163572343149808,0.1644,0.111211152162439,LR,as_submitted,PGD_eps0.5_it25,0.0315098675637897,{'max_iter': 500},PGD,0.5,25.0,,,,,,,,,99
0.8462413229406051,0.942683052772901,0.8501971498649445,0.8940546540859969,0.1665,0.1498028501350554,LR,as_submitted,PGD_eps0.75_it10,0.0621431448269326,{'max_iter': 500},PGD,0.75,10.0,,,,,,,,,99
0.8639863536212656,0.945109646172474,0.872426961408302,0.9073150255888668,0.1632,0.1275730385916979,LR,as_submitted,PGD_eps0.75_it25,0.0447534885924802,{'max_iter': 500},PGD,0.75,25.0,,,,,,,,,99
0.9047359567864672,0.9674006765271606,0.9056785370548605,0.9355226656831775,0.0983,0.0943214629451395,LR,as_submitted,CW_c0.0_it10,0.001587339193063,{'max_iter': 500},CW,,10.0,0.0,,,,,,,,99
0.9050439479731812,0.96781792243124,0.9056785370548605,0.9357177225340818,0.097,0.0943214629451395,LR,as_submitted,CW_c0.5_it10,0.0013267312658437,{'max_iter': 500},CW,,10.0,0.5,,,,,,,,99
0.08,0.08,0.08,0.08,0.92,0.92,LR,as_submitted,HopSkipJump_direct,1.0,{'max_iter': 500},,,,,100.0,92.0,0.5081965923309326,556.0,0.0,0.0,0.7498717308044434,99
0.907413110947902,0.971479025755506,0.9052438759352976,0.9371926328308317,0.0856,0.0947561240647024,SVM,tuned,clean,0.0,"{'class_weight': None, 'C': 0.01}",,,,,,,,,,,,99
0.9049017981946978,0.9699323310777026,0.9033810425657424,0.9354745370370372,0.0902,0.0966189574342575,SVM,tuned,FGSM_eps0.15,0.0027719206804236,"{'class_weight': None, 'C': 0.01}",FGSM,0.15,1.0,,,,,,,,,99
0.7956596934303111,0.9403614907760102,0.7818001179794467,0.8537813416515504,0.1597,0.2181998820205532,SVM,tuned,FGSM_eps0.3,0.1126300078182378,"{'class_weight': None, 'C': 0.01}",FGSM,0.3,1.0,,,,,,,,,99
0.7933852969745789,0.940510127531883,0.7784780651370735,0.8518575141415685,0.1586,0.2215219348629265,SVM,tuned,FGSM_eps0.5,0.1162074439100665,"{'class_weight': None, 'C': 0.01}",FGSM,0.5,1.0,,,,,,,,,99
0.7937643630505342,0.9404137310748014,0.7790990095935919,0.8521895641247687,0.159,0.2209009904064081,SVM,tuned,FGSM_eps0.75,0.1180080077708545,"{'class_weight': None, 'C': 0.01}",FGSM,0.75,1.0,,,,,,,,,99
0.9049017981946978,0.9654329954769058,0.9078828898755006,0.9357739447662324,0.1047,0.0921171101244993,SVM,tuned,PGD_eps0.15_it10,0.0059702906962969,"{'class_weight': None, 'C': 0.01}",PGD,0.15,10.0,,,,,,,,,99
0.9048544149352034,0.965430712847096,0.9078207954298488,0.9357398873527906,0.1047,0.0921792045701512,SVM,tuned,PGD_eps0.15_it25,0.0059465990665497,"{'class_weight': None, 'C': 0.01}",PGD,0.15,25.0,,,,,,,,,99
0.8926295339856428,0.9684823453739124,0.8881989506038684,0.926604910280495,0.0931,0.1118010493961315,SVM,tuned,PGD_eps0.3_it10,0.0151152597787201,"{'class_weight': None, 'C': 0.01}",PGD,0.3,10.0,,,,,,,,,99
0.8896206970077472,0.9683781026861612,0.884224906082151,0.924390204320096,0.093,0.115775093917849,SVM,tuned,PGD_eps0.3_it25,0.0181004051268686,"{'class_weight': None, 'C': 0.01}",PGD,0.3,25.0,,,,,,,,,99
0.8795280627354356,0.9674617399696678,0.8714334502778727,0.916940265595139,0.0944,0.1285665497221273,SVM,tuned,PGD_eps0.5_it10,0.0291643962188158,"{'class_weight': None, 'C': 0.01}",PGD,0.5,10.0,,,,,,,,,99
0.8675400980833472,0.9464309673956796,0.8759973920332826,0.909853114267748,0.1597,0.1240026079667173,SVM,tuned,PGD_eps0.5_it25,0.0412708190196403,"{'class_weight': None, 'C': 0.01}",PGD,0.5,25.0,,,,,,,,,99
0.8252742306143239,0.9422953622568924,0.8213232326368406,0.8776603685947946,0.162,0.1786767673631593,SVM,tuned,PGD_eps0.75_it10,0.0835603781184107,"{'class_weight': None, 'C': 0.01}",PGD,0.75,10.0,,,,,,,,,99
0.8503636665166197,0.9362175275447286,0.8626781334409637,0.8979446742502585,0.1893,0.1373218665590363,SVM,tuned,PGD_eps0.75_it25,0.0585894003648511,"{'class_weight': None, 'C': 0.01}",PGD,0.75,25.0,,,,,,,,,99
0.9066312871662442,0.9704746687970176,0.9051817814896458,0.936691780051726,0.0887,0.0948182185103542,SVM,tuned,CW_c0.0_it10,0.0009239735601412,"{'class_weight': None, 'C': 0.01}",CW,,10.0,0.0,,,,,,,,99
0.906607595536497,0.9705676710504412,0.905057592598342,0.9366685945633314,0.0884,0.0949424074016579,SVM,tuned,CW_c0.5_it10,0.0009713568196356,"{'class_weight': None, 'C': 0.01}",CW,,10.0,0.5,,,,,,,,99
0.08,0.08,0.08,0.08,0.92,0.92,SVM,tuned,HopSkipJump_direct,1.0,"{'class_weight': None, 'C': 0.01}",,,,,100.0,92.0,0.5411633849143982,557.0,0.0,0.0,0.7465531826019287,99
0.9073894193181548,0.971478075436492,0.9052128287124716,0.937175551662622,0.0856,0.0947871712875283,SVM,as_submitted,clean,0.0,{'max_iter': 500},,,,,,,,,,,,99
0.9048781065649506,0.9699,0.9033810425657424,0.935459499429343,0.0903,0.0966189574342575,SVM,as_submitted,FGSM_eps0.15,0.0027719206804236,{'max_iter': 500},FGSM,0.15,1.0,,,,,,,,,99
0.7955175436518278,0.9403481249066188,0.7816138346424912,0.8536647394923789,0.1597,0.2183861653575087,SVM,as_submitted,FGSM_eps0.3,0.1127484659669738,{'max_iter': 500},FGSM,0.3,1.0,,,,,,,,,99
0.7931246890473596,0.9404855716912456,0.7781365456859883,0.851642937238778,0.1586,0.2218634543140116,SVM,as_submitted,FGSM_eps0.5,0.1161837522803193,{'max_iter': 500},FGSM,0.5,1.0,,,,,,,,,99
0.7937643630505342,0.9404137310748014,0.7790990095935919,0.8521895641247687,0.159,0.2209009904064081,SVM,as_submitted,FGSM_eps0.75,0.1179843161411073,{'max_iter': 500},FGSM,0.75,1.0,,,,,,,,,99
0.9049017981946978,0.9654329954769058,0.9078828898755006,0.9357739447662324,0.1047,0.0921171101244993,SVM,as_submitted,PGD_eps0.15_it10,0.0059702906962969,{'max_iter': 500},PGD,0.15,10.0,,,,,,,,,99
0.904593807007984,0.9654181529924692,0.9074792759787637,0.935552532607826,0.1047,0.0925207240212363,SVM,as_submitted,PGD_eps0.15_it25,0.0062072069937691,{'max_iter': 500},PGD,0.15,25.0,,,,,,,,,99
0.8923689260584236,0.968470604172311,0.8878574311527834,0.9264136579360835,0.0931,0.1121425688472166,SVM,as_submitted,PGD_eps0.3_it10,0.015328484446445,{'max_iter': 500},PGD,0.3,10.0,,,,,,,,,99
0.8896443886374944,0.9683791778586244,0.8842559533049769,0.9244076598506978,0.093,0.1157440466950231,SVM,as_submitted,PGD_eps0.3_it25,0.0180767134971214,{'max_iter': 500},PGD,0.3,25.0,,,,,,,,,99
0.8793622213272051,0.967453887260817,0.8712161197180912,0.9168164145456922,0.0944,0.1287838802819088,SVM,as_submitted,PGD_eps0.5_it10,0.0293065459972991,{'max_iter': 500},PGD,0.5,10.0,,,,,,,,,99
0.8673505650453694,0.9464165883773992,0.8757490142506753,0.9097124796413656,0.1597,0.1242509857493247,SVM,as_submitted,PGD_eps0.5_it25,0.0413892771683764,{'max_iter': 500},PGD,0.5,25.0,,,,,,,,,99
0.8247530147598854,0.9422501069442464,0.8206401937346705,0.8772506264416455,0.162,0.1793598062653295,SVM,as_submitted,PGD_eps0.75_it10,0.0840579023431021,{'max_iter': 500},PGD,0.75,10.0,,,,,,,,,99
0.8503399748868725,0.9361859838274932,0.8626781334409637,0.8979301652959331,0.1894,0.1373218665590363,SVM,as_submitted,PGD_eps0.75_it25,0.0585894003648511,{'max_iter': 500},PGD,0.75,25.0,,,,,,,,,99
0.9065602122770026,0.9703777666833084,0.9051817814896458,0.9366466411796832,0.089,0.0948182185103542,SVM,as_submitted,CW_c0.0_it10,0.0009713568196356,{'max_iter': 500},CW,,10.0,0.0,,,,,,,,99
0.906607595536497,0.9705676710504412,0.905057592598342,0.9366685945633314,0.0884,0.0949424074016579,SVM,as_submitted,CW_c0.5_it10,0.0009476651898884,{'max_iter': 500},CW,,10.0,0.5,,,,,,,,99
0.08,0.08,0.08,0.08,0.92,0.92,SVM,as_submitted,HopSkipJump_direct,1.0,{'max_iter': 500},,,,,100.0,92.0,0.5390403270721436,557.0,0.0,0.0,0.7357635498046875,99
0.9988864934018812,0.9992858917039243,0.999254866652178,0.999270378937237,0.0023,0.000745133347822,RF,tuned,clean,0.0,"{'n_estimators': 400, 'min_samples_leaf': 1, 'max_features': None, 'max_depth': 40}",,,,,,,,,,,,99
0.1464142718377597,0.2637892653969824,0.0662237262876835,0.1058692145427472,0.5953,0.9337762737123164,RF,tuned,FGSM_eps0.15,0.8530408206780544,"{'n_estimators': 400, 'min_samples_leaf': 1, 'max_features': None, 'max_depth': 40}",FGSM,0.15,1.0,,,,,,,,,99
0.1719538487052524,0.3172,0.0738613431028594,0.1198217028885139,0.5121,0.9261386568971406,RF,tuned,FGSM_eps0.3,0.8275012438105618,"{'n_estimators': 400, 'min_samples_leaf': 1, 'max_features': None, 'max_depth': 40}",FGSM,0.3,1.0,,,,,,,,,99
0.1910019190220095,0.3749677419354839,0.0902232295321183,0.1454490853124452,0.4844,0.9097767704678816,RF,tuned,FGSM_eps0.5,0.8084057902343103,"{'n_estimators': 400, 'min_samples_leaf': 1, 'max_features': None, 'max_depth': 40}",FGSM,0.5,1.0,,,,,,,,,99
0.2429339714278945,0.5132457238214435,0.1527833835263435,0.235471445319042,0.4667,0.8472166164736564,RF,tuned,FGSM_eps0.75,0.7565211210879197,"{'n_estimators': 400, 'min_samples_leaf': 1, 'max_features': None, 'max_depth': 40}",FGSM,0.75,1.0,,,,,,,,,99
0.1699637518064867,0.2959272097053726,0.0636157595703064,0.1047198017018884,0.4875,0.9363842404296936,RF,tuned,PGD_eps0.15_it10,0.8294676490795801,"{'n_estimators': 400, 'min_samples_leaf': 1, 'max_features': None, 'max_depth': 40}",PGD,0.15,10.0,,,,,,,,,99
0.1560567651448743,0.1580845521939491,0.0244962588096494,0.0424193548387096,0.4202,0.9755037411903504,RF,tuned,PGD_eps0.15_it25,0.8434457106304343,"{'n_estimators': 400, 'min_samples_leaf': 1, 'max_features': None, 'max_depth': 40}",PGD,0.15,25.0,,,,,,,,,99
0.1683764126134236,0.2036467936898176,0.0308609394889627,0.0535993529253168,0.3887,0.9691390605110372,RF,tuned,PGD_eps0.3_it10,0.8310786799023905,"{'n_estimators': 400, 'min_samples_leaf': 1, 'max_features': None, 'max_depth': 40}",PGD,0.3,10.0,,,,,,,,,99
0.1627614963633348,0.1433454876937101,0.0195287031575025,0.0343744022734103,0.3759,0.9804712968424976,RF,tuned,PGD_eps0.3_it25,0.8366699045227322,"{'n_estimators': 400, 'min_samples_leaf': 1, 'max_features': None, 'max_depth': 40}",PGD,0.3,25.0,,,,,,,,,99
0.1690397782463455,0.2062743489850317,0.0312335061628737,0.054252278487839,0.3871,0.9687664938371264,RF,tuned,PGD_eps0.5_it10,0.8303916226397214,"{'n_estimators': 400, 'min_samples_leaf': 1, 'max_features': None, 'max_depth': 40}",PGD,0.5,10.0,,,,,,,,,99
0.1870454168542254,0.243605359317905,0.0310472228259182,0.0550751776174478,0.3105,0.9689527771740818,RF,tuned,PGD_eps0.5_it25,0.8123386007723471,"{'n_estimators': 400, 'min_samples_leaf': 1, 'max_features': None, 'max_depth': 40}",PGD,0.5,25.0,,,,,,,,,99
0.1279348006349356,0.149390243902439,0.0304262783693998,0.0505558564832727,0.558,0.9695737216306002,RF,tuned,PGD_eps0.75_it10,0.8715913667701202,"{'n_estimators': 400, 'min_samples_leaf': 1, 'max_features': None, 'max_depth': 40}",PGD,0.75,10.0,,,,,,,,,99
0.1564595228505769,0.1633624107850912,0.0255829116085566,0.0442380479424475,0.422,0.9744170883914434,RF,tuned,PGD_eps0.75_it25,0.8429481864057429,"{'n_estimators': 400, 'min_samples_leaf': 1, 'max_features': None, 'max_depth': 40}",PGD,0.75,25.0,,,,,,,,,99
0.2153806060318889,0.4638050489766664,0.1808190257381477,0.2601974712951794,0.6733,0.8191809742618523,RF,tuned,CW_c0.0_it10,0.7839797199649364,"{'n_estimators': 400, 'min_samples_leaf': 1, 'max_features': None, 'max_depth': 40}",CW,,10.0,0.0,,,,,,,,99
0.1908597692435262,0.4139366035062865,0.1451457667111677,0.214927706135209,0.6619,0.8548542332888324,RF,tuned,CW_c0.5_it10,0.8085716316425406,"{'n_estimators': 400, 'min_samples_leaf': 1, 'max_features': None, 'max_depth': 40}",CW,,10.0,0.5,,,,,,,,99
0.0,0.0,0.0,0.0,1.0,1.0,RF,tuned,HopSkipJump_direct,1.0,"{'n_estimators': 400, 'min_samples_leaf': 1, 'max_features': None, 'max_depth': 40}",,,,,100.0,100.0,0.5241266489028931,559.5,0.0,1.0,178.3856132030487,99
0.9986732687341562,0.999378746932563,0.9988822999782668,0.999130461786901,0.002,0.001117700021733,RF,as_submitted,clean,0.0,{'n_estimators': 50},,,,,,,,,,,,99
0.2264682887535833,0.4748832441052512,0.129435871961253,0.203425392797892,0.461,0.8705641280387469,RF,as_submitted,FGSM_eps0.15,0.7732237200597029,{'n_estimators': 50},FGSM,0.15,1.0,,,,,,,,,99
0.2140775663957923,0.4377743351407178,0.1052811326026886,0.1697409585784007,0.4355,0.8947188673973113,RF,as_submitted,FGSM_eps0.3,0.7855907507877467,{'n_estimators': 50},FGSM,0.3,1.0,,,,,,,,,99
0.4707763747068161,0.7816583918278833,0.4252538110466018,0.5508324619963002,0.3826,0.5747461889533981,RF,as_submitted,FGSM_eps0.5,0.5287734843279869,{'n_estimators': 50},FGSM,0.5,1.0,,,,,,,,,99
0.4236300315098675,0.7373080397470642,0.3801111490577168,0.5016183881673291,0.4362,0.6198888509422832,RF,as_submitted,FGSM_eps0.75,0.5758961358951882,{'n_estimators': 50},FGSM,0.75,1.0,,,,,,,,,99
0.1998625885474662,0.4241365929375242,0.1357384581949144,0.205658912905426,0.5936,0.8642615418050855,RF,as_submitted,PGD_eps0.15_it10,0.7996635788575897,{'n_estimators': 50},PGD,0.15,10.0,,,,,,,,,99
0.1422208533725034,0.1590172325541716,0.0289360116737557,0.0489624376149198,0.4929,0.9710639883262442,RF,as_submitted,PGD_eps0.15_it25,0.8574474638110355,{'n_estimators': 50},PGD,0.15,25.0,,,,,,,,,99
0.1866900424080172,0.3572967151319332,0.0823993293799869,0.1339152811766783,0.4774,0.917600670620013,RF,as_submitted,PGD_eps0.3_it10,0.8127650501077969,{'n_estimators': 50},PGD,0.3,10.0,,,,,,,,,99
0.1891065886422327,0.3555682794159748,0.0771213014995808,0.1267508610792193,0.4502,0.9228786985004191,RF,as_submitted,PGD_eps0.3_it25,0.810301120614087,{'n_estimators': 50},PGD,0.3,25.0,,,,,,,,,99
0.3118292307327821,0.6383202099737533,0.2265205377378993,0.334379797887211,0.4134,0.7734794622621006,RF,as_submitted,PGD_eps0.5_it10,0.6874837120045488,{'n_estimators': 50},PGD,0.5,10.0,,,,,,,,,99
0.3395721291667654,0.6833996444594937,0.2506442298736378,0.3667711598746082,0.374,0.7493557701263622,RF,as_submitted,PGD_eps0.5_it25,0.659906654978796,{'n_estimators': 50},PGD,0.5,25.0,,,,,,,,,99
0.3051481911440688,0.6164294954721863,0.2367040268248005,0.3420598066267357,0.4744,0.7632959731751995,RF,as_submitted,PGD_eps0.75_it10,0.6941410599635149,{'n_estimators': 50},PGD,0.75,10.0,,,,,,,,,99
0.3713426046577744,0.7081438004402054,0.2996677947157626,0.4211261153166518,0.3978,0.7003322052842373,RF,as_submitted,PGD_eps0.75_it25,0.6278281883010732,{'n_estimators': 50},PGD,0.75,25.0,,,,,,,,,99
0.1915942097656897,0.297737365193487,0.0437144897388928,0.076235854675402,0.3321,0.9562855102611072,RF,as_submitted,CW_c0.0_it10,0.8078371911203772,{'n_estimators': 50},CW,,10.0,0.0,,,,,,,,99
0.1959534696391764,0.333909702209414,0.0539600732714458,0.092906398674293,0.3467,0.946039926728554,RF,as_submitted,CW_c0.5_it10,0.8033831647279016,{'n_estimators': 50},CW,,10.0,0.5,,,,,,,,99
0.01,0.0,0.0,0.0,0.98,1.0,RF,as_submitted,HopSkipJump_direct,0.99,{'n_estimators': 50},,,,,100.0,100.0,0.5507148504257202,562.0,0.0,0.0,23.846238374710083,99
