accuracy,precision,recall,f1,fpr,fnr,model,split,n_train,n_test,test_attack_rate,attack,asr,family,epsilon,iters,confidence
0.9258497049037651,0.963043573846898,0.870822813748683,0.9146144129284156,0.028016666666666665,0.12917718625131702,LR,random,441209,110303,0.45604380660544136,clean,0.0,,,,
0.9230845942540095,0.9679310730670247,0.8598294336321889,0.9106834547521793,0.023883333333333333,0.14017056636781106,SVM,random,441209,110303,0.45604380660544136,clean,0.0,,,,
0.999764285649529,0.9998608100853036,0.9996222889290897,0.9997415352804342,0.00011666666666666667,0.0003777110709102837,RF,random,441209,110303,0.45604380660544136,clean,0.0,,,,
0.9979510983382138,0.998844460382922,0.9966602389519512,0.997751154274797,0.0009666666666666667,0.003339761048048824,MLP,random,441209,110303,0.45604380660544136,clean,0.0,,,,
0.5864845017814565,0.5518789675079073,0.49601415422539413,0.5224574407940197,0.33766666666666667,0.5039858457746059,LR,random,441209,110303,0.45604380660544136,FGSM_eps0.15,0.3411149288777277,FGSM,0.15,1.0,
0.4214209948958777,0.31906291834002676,0.2369043595809395,0.2719131119299967,0.42388333333333333,0.7630956404190605,SVM,random,441209,110303,0.45604380660544136,FGSM_eps0.15,0.5024432699019973,FGSM,0.15,1.0,
0.5433759734549377,0.4215686274509804,0.0034192791682404627,0.006783538088383191,0.003933333333333333,0.9965807208317595,RF,random,441209,110303,0.45604380660544136,FGSM_eps0.15,0.4564427078139307,FGSM,0.15,1.0,
0.4245396770713398,0.05154568977257252,0.015048804246267618,0.02329625013463817,0.23215,0.9849511957537324,MLP,random,441209,110303,0.45604380660544136,FGSM_eps0.15,0.5749344986083788,FGSM,0.15,1.0,
0.33949212623410063,0.06892465308306893,0.03584279267638113,0.04716068112264916,0.4059333333333333,0.9641572073236189,LR,random,441209,110303,0.45604380660544136,FGSM_eps0.3,0.5883883484583375,FGSM,0.3,1.0,
0.04467693535080641,0.02209379013502725,0.02530664175098901,0.02359133069560141,0.9390833333333334,0.974693358249011,SVM,random,441209,110303,0.45604380660544136,FGSM_eps0.3,0.8792235931932948,FGSM,0.3,1.0,
0.5307652557047405,0.09243697478991597,0.0032801224579050953,0.0063354323452618645,0.027,0.9967198775420949,RF,random,441209,110303,0.45604380660544136,FGSM_eps0.3,0.46906249150068446,FGSM,0.3,1.0,
0.2791492525135309,0.02055086832342996,0.012444585809991452,0.015501956317171018,0.49725,0.9875554141900086,MLP,random,441209,110303,0.45604380660544136,FGSM_eps0.3,0.720361186912414,FGSM,0.3,1.0,
0.09503821292258596,0.026252846290733052,0.027274715225732063,0.026754026754026754,0.84815,0.9727252847742679,LR,random,441209,110303,0.45604380660544136,FGSM_eps0.5,0.8328785255160784,FGSM,0.5,1.0,
0.016164564880374967,0.018270583367811337,0.021947001172892274,0.01994075572574236,0.9886833333333334,0.9780529988271077,SVM,random,441209,110303,0.45604380660544136,FGSM_eps0.5,0.9083977770323564,FGSM,0.5,1.0,
0.538752345811084,0.16782407407407407,0.0028825318569469017,0.005667715519768601,0.011983333333333334,0.9971174681430531,RF,random,441209,110303,0.45604380660544136,FGSM_eps0.5,0.46108446733089764,FGSM,0.5,1.0,
0.18351268777821092,0.014743933994043841,0.01200723614893744,0.013235600258576296,0.6727,0.9879927638510626,MLP,random,441209,110303,0.45604380660544136,FGSM_eps0.5,0.815870828535942,FGSM,0.5,1.0,
0.04181209939892841,0.018063483224279548,0.020634952189730233,0.019263782048307924,0.9404333333333333,0.9793650478102698,LR,random,441209,110303,0.45604380660544136,FGSM_eps0.75,0.8863675511998768,FGSM,0.75,1.0,
0.010697805136759653,0.012902050415714333,0.01548615390732163,0.014076490093150587,0.9933166666666666,0.9845138460926783,SVM,random,441209,110303,0.45604380660544136,FGSM_eps0.75,0.9139279983318677,FGSM,0.75,1.0,
0.5421339401466868,0.2635294117647059,0.002226507365365883,0.004415707301687431,0.005216666666666666,0.9977734926346341,RF,random,441209,110303,0.45604380660544136,FGSM_eps0.75,0.4576756751856251,FGSM,0.75,1.0,
0.27089925024704675,0.035788045991183993,0.023080134385623122,0.028062457700860487,0.5213333333333333,0.9769198656143768,MLP,random,441209,110303,0.45604380660544136,FGSM_eps0.75,0.728484266067106,FGSM,0.75,1.0,
0.6736262839632648,0.6230238599026338,0.7199769397451444,0.6680008115535717,0.36523333333333335,0.28002306025485557,LR,random,441209,110303,0.45604380660544136,PGD_eps0.15_it10,0.2528943002456869,PGD,0.15,10.0,
0.415664125182452,0.2864,0.188597101564519,0.2274296399290406,0.3939666666666667,0.811402898435481,SVM,random,441209,110303,0.45604380660544136,PGD_eps0.15_it10,0.5082092055519796,PGD,0.15,10.0,
0.5448174573674334,0.640117994100295,0.0043138580203963975,0.008569961691876309,0.002033333333333333,0.9956861419796036,RF,random,441209,110303,0.45604380660544136,PGD_eps0.15_it10,0.45500122390143516,PGD,0.15,10.0,
0.4144855534300971,0.04574082320758318,0.01429338210444705,0.021780618581684893,0.25,0.9857066178955529,MLP,random,441209,110303,0.45604380660544136,PGD_eps0.15_it10,0.5850067541227346,PGD,0.15,10.0,
0.6206268188535217,0.5812657352065036,0.6012563862990279,0.5910920888055035,0.3631333333333333,0.3987436137009721,LR,random,441209,110303,0.45604380660544136,PGD_eps0.15_it25,0.30590283129198664,PGD,0.15,25.0,
0.4263709962557682,0.31255058388252976,0.21495735840804722,0.25472620407778657,0.3963833333333333,0.7850426415919528,SVM,random,441209,110303,0.45604380660544136,PGD_eps0.15_it25,0.4975114004152199,PGD,0.15,25.0,
0.5448355892405465,0.6750902527075813,0.0037174721189591076,0.007394226967180704,0.0015,0.9962825278810409,RF,random,441209,110303,0.45604380660544136,PGD_eps0.15_it25,0.454983092028322,PGD,0.15,25.0,
0.414893520575143,0.04575622208040842,0.014253623044351231,0.021736164794688737,0.24921666666666667,0.9857463769556488,MLP,random,441209,110303,0.45604380660544136,PGD_eps0.15_it25,0.584571589168019,PGD,0.15,25.0,
0.40171164882188154,0.2963184131270121,0.22688507643679304,0.25699456197435233,0.45171666666666666,0.773114923563207,LR,random,441209,110303,0.45604380660544136,PGD_eps0.3_it10,0.5252441003417858,PGD,0.3,10.0,
0.10859178807466706,0.02624205832445444,0.026439774963719857,0.02634054562558796,0.8225333333333333,0.9735602250362801,SVM,random,441209,110303,0.45604380660544136,PGD_eps0.3_it10,0.8156804438682538,PGD,0.3,10.0,
0.5191517909757668,0.4078539673986259,0.12037055444009304,0.18588159449876437,0.14651666666666666,0.879629445559907,RF,random,441209,110303,0.45604380660544136,PGD_eps0.3_it10,0.4806850221662149,PGD,0.3,10.0,
0.13236267372600927,0.013668694832462079,0.012683140170566367,0.013157487703523443,0.7673,0.9873168598294336,MLP,random,441209,110303,0.45604380660544136,PGD_eps0.3_it10,0.8672746888117276,PGD,0.3,10.0,
0.3600627362809715,0.2609033900702532,0.2200067590402163,0.238716148445336,0.5225166666666666,0.7799932409597837,LR,random,441209,110303,0.45604380660544136,PGD_eps0.3_it25,0.5665666391666591,PGD,0.3,25.0,
0.11220909676074087,0.026393778467291205,0.02638013637357613,0.026386955657188307,0.8158333333333333,0.9736198636264238,SVM,random,441209,110303,0.45604380660544136,PGD_eps0.3_it25,0.8120722011187366,PGD,0.3,25.0,
0.4347479216340444,0.012544512787309808,0.0030813271574259985,0.0049474137793453455,0.20335,0.996918672842574,RF,random,441209,110303,0.45604380660544136,PGD_eps0.3_it25,0.5650888915079372,PGD,0.3,25.0,
0.11392255876993372,0.013097926503797989,0.012683140170566367,0.012887196630745458,0.8012,0.9873168598294336,MLP,random,441209,110303,0.45604380660544136,PGD_eps0.3_it25,0.8857148037678032,PGD,0.3,25.0,
0.1958242296220411,0.03815067834119119,0.03152893465598473,0.03452517006802721,0.6664333333333333,0.9684710653440153,LR,random,441209,110303,0.45604380660544136,PGD_eps0.5_it10,0.7308958051911553,PGD,0.5,10.0,
0.017497257554191636,0.018299157210166568,0.021927121642844362,0.01994953833910598,0.9862166666666666,0.9780728783571556,SVM,random,441209,110303,0.45604380660544136,PGD_eps0.5_it10,0.9070650843585396,PGD,0.5,10.0,
0.6439897373598179,0.835420719844358,0.2731646223883267,0.4117091878773352,0.045116666666666666,0.7268353776116733,RF,random,441209,110303,0.45604380660544136,PGD_eps0.5_it10,0.3558470757821637,PGD,0.5,10.0,
0.08911815635114186,0.012230691452127245,0.012504224400135181,0.012365945483677542,0.84665,0.9874957755998648,MLP,random,441209,110303,0.45604380660544136,PGD_eps0.5_it10,0.9105282721231517,PGD,0.5,10.0,
0.2315258877818373,0.05380910456263918,0.04130966343955629,0.04673811585564715,0.609,0.9586903365604437,LR,random,441209,110303,0.45604380660544136,PGD_eps0.5_it25,0.6952122789044722,PGD,0.5,25.0,
0.01679011450277871,0.01822761317690727,0.021867483052700636,0.019882332739875826,0.9874666666666667,0.9781325169472994,SVM,random,441209,110303,0.45604380660544136,PGD_eps0.5_it25,0.9077903592830657,PGD,0.5,25.0,
0.5072028865941997,0.04057116953762466,0.0035584358785758306,0.0065429955222516675,0.07055,0.9964415641214242,RF,random,441209,110303,0.45604380660544136,PGD_eps0.5_it25,0.49262486061122546,PGD,0.5,25.0,
0.0900066181336863,0.01221603086155165,0.012464465340039362,0.012338997727026735,0.8449833333333333,0.9875355346599607,MLP,random,441209,110303,0.45604380660544136,PGD_eps0.5_it25,0.9096398103406073,PGD,0.5,25.0,
0.15394866866721665,0.02267936000710117,0.02031687970896368,0.02143321519199715,0.7340166666666667,0.9796831202910363,LR,random,441209,110303,0.45604380660544136,PGD_eps0.75_it10,0.7728620255115455,PGD,0.75,10.0,
0.015131048112925306,0.014644455908538715,0.017493986442160506,0.015942895447216335,0.98685,0.9825060135578395,SVM,random,441209,110303,0.45604380660544136,PGD_eps0.75_it10,0.9094675575460323,PGD,0.75,10.0,
0.5645086715683164,0.7298722368687893,0.0715464286424269,0.13031828221747474,0.0222,0.9284535713575731,RF,random,441209,110303,0.45604380660544136,PGD_eps0.75_it10,0.4353190756371087,PGD,0.75,10.0,
0.050678585351259714,0.011264012647312445,0.012464465340039362,0.011833872809459548,0.9172833333333333,0.9875355346599607,MLP,random,441209,110303,0.45604380660544136,PGD_eps0.75_it10,0.9489678431230338,PGD,0.75,10.0,
0.153150866250238,0.02212713123295568,0.019839770987813848,0.02092111607236442,0.7350833333333333,0.9801602290121861,LR,random,441209,110303,0.45604380660544136,PGD_eps0.75_it25,0.7737686191672031,PGD,0.75,25.0,
0.014813740333445147,0.013973086403304243,0.01667892571019621,0.01520657562054247,0.98675,0.9833210742898038,SVM,random,441209,110303,0.45604380660544136,PGD_eps0.75_it25,0.9098211290717387,PGD,0.75,25.0,
0.5501754258723698,0.6165873555404486,0.03606146750690813,0.06813785331956053,0.0188,0.9639385324930919,RF,random,441209,110303,0.45604380660544136,PGD_eps0.75_it25,0.44964325539649874,PGD,0.75,25.0,
0.04131347288831673,0.011058786179162918,0.012464465340039362,0.0117196261682243,0.9345,0.9875355346599607,MLP,random,441209,110303,0.45604380660544136,PGD_eps0.75_it25,0.9583329555859769,PGD,0.75,25.0,
0.7041512923492561,0.6445800877135563,0.7830348090571139,0.7070935544964142,0.3619833333333333,0.2169651909428861,LR,random,441209,110303,0.45604380660544136,CW_c0.0_it10,0.2219794565877628,CW,,10.0,0.0
0.48296963817847205,0.46090180989689283,0.7882233663996183,0.5816768136140248,0.77295,0.21177663360038168,SVM,random,441209,110303,0.45604380660544136,CW_c0.0_it10,0.4405863847764793,CW,,10.0,0.0
0.5821600500439698,0.9198884017536867,0.09176391070115103,0.16688056976555016,0.0067,0.908236089298849,RF,random,441209,110303,0.45604380660544136,CW_c0.0_it10,0.4176767630980118,CW,,10.0,0.0
0.0078873648042211,0.00573425170522937,0.006818678806433016,0.0062296243155132176,0.9912166666666666,0.993181321193567,MLP,random,441209,110303,0.45604380660544136,CW_c0.0_it10,0.9919313164646474,CW,,10.0,0.0
0.6920029373634443,0.6332278171197337,0.7714848020992784,0.6955524290028587,0.3746333333333333,0.22851519790072164,LR,random,441209,110303,0.45604380660544136,CW_c0.5_it10,0.23411874563701804,CW,,10.0,0.5
0.4807938134048938,0.4596849792262201,0.789614933502972,0.5810840465218345,0.7781166666666667,0.210385066497028,SVM,random,441209,110303,0.45604380660544136,CW_c0.5_it10,0.44279847329628386,CW,,10.0,0.5
0.5788872469470459,0.9729928799410754,0.07878257757986601,0.1457628365455348,0.0018333333333333333,0.9212174224201339,RF,random,441209,110303,0.45604380660544136,CW_c0.5_it10,0.4209314343218226,CW,,10.0,0.5
0.005457693807058738,0.004438511596863007,0.005287954992743971,0.004826140992261845,0.9944,0.9947120450072561,MLP,random,441209,110303,0.45604380660544136,CW_c0.5_it10,0.9943700533983664,CW,,10.0,0.5
0.7016853576058675,0.8751639853621487,0.2895686740381979,0.4351557806196893,0.027175301739038944,0.710431325961802,LR,temporal,441209,110303,0.3968341749544437,clean,0.0,,,,
0.7001169505815799,0.8670877385692709,0.288540619574157,0.4329939319140183,0.029099216906404532,0.711459380425843,SVM,temporal,441209,110303,0.3968341749544437,clean,0.0,,,,
0.7237065175017905,0.9995491433724075,0.3038928995705017,0.46608269096005606,9.018352347026198e-05,0.6961071004294983,RF,temporal,441209,110303,0.3968341749544437,clean,0.0,,,,
0.9911153821745555,0.9989040712586859,0.9786850041122178,0.9886911768099886,0.0007064376005170522,0.021314995887782143,MLP,temporal,441209,110303,0.3968341749544437,clean,0.0,,,,
0.32823223303083326,0.02070426096851688,0.014963903865484785,0.017372162104816465,0.46566262343869774,0.9850360961345153,LR,temporal,441209,110303,0.3968341749544437,FGSM_eps0.15,0.3773877410405882,FGSM,0.15,1.0,
0.23457204246484684,0.020316666273390124,0.01967010874531664,0.019988160323153533,0.6240399212397229,0.9803298912546834,SVM,temporal,441209,110303,0.3968341749544437,FGSM_eps0.15,0.46896276619856214,FGSM,0.15,1.0,
0.6080523648495508,0.9944954128440368,0.012382344878004204,0.02446013944987251,4.509176173513099e-05,0.9876176551219958,RF,temporal,441209,110303,0.3968341749544437,FGSM_eps0.15,0.11569041639846604,FGSM,0.15,1.0,
0.39453142706907335,0.03469610578672813,0.019601571781047246,0.025050729186435236,0.3587951481264373,0.9803984282189527,MLP,temporal,441209,110303,0.3968341749544437,FGSM_eps0.15,0.6013163739880149,FGSM,0.15,1.0,
0.2727396353680317,0.018291877032063652,0.015809193091474,0.016960160778402754,0.5582209796936767,0.984190806908526,LR,temporal,441209,110303,0.3968341749544437,FGSM_eps0.3,0.4338775917246131,FGSM,0.3,1.0,
0.15251625069127767,0.015478789769182781,0.018139449876633466,0.016703833045819835,0.7590747170491952,0.9818605501233665,SVM,temporal,441209,110303,0.3968341749544437,FGSM_eps0.3,0.5518526241353363,FGSM,0.3,1.0,
0.6031114294262169,0.0,0.0,0.0,9.018352347026198e-05,1.0,RF,temporal,441209,110303,0.3968341749544437,FGSM_eps0.3,0.12064041775835653,FGSM,0.3,1.0,
0.30176876422218796,0.015223541077313425,0.011925431782874897,0.013374156108684233,0.5075378395033894,0.9880745682171251,MLP,temporal,441209,110303,0.3968341749544437,FGSM_eps0.3,0.694468872106833,FGSM,0.3,1.0,
0.2528943002456869,0.017965864856772134,0.01644887142465503,0.017173933784944185,0.5915437916159384,0.983551128575345,LR,temporal,441209,110303,0.3968341749544437,FGSM_eps0.5,0.4547201798681813,FGSM,0.5,1.0,
0.14162806088682992,0.014291983895281165,0.017111395412592524,0.015575125547156864,0.7764500759044656,0.9828886045874075,SVM,temporal,441209,110303,0.3968341749544437,FGSM_eps0.5,0.5628042754956801,FGSM,0.5,1.0,
0.6028213194564065,0.0,0.0,0.0,0.0005711623153116592,1.0,RF,temporal,441209,110303,0.3968341749544437,FGSM_eps0.5,0.12093052772816695,FGSM,0.5,1.0,
0.27302974533784213,0.018892852424362533,0.016334643150872703,0.01752085962483306,0.5580857044084713,0.9836653568491273,MLP,temporal,441209,110303,0.3968341749544437,FGSM_eps0.5,0.7249848145562677,FGSM,0.5,1.0,
0.24642122154429164,0.01817113189988735,0.016951475829297267,0.017540127177741532,0.6026063038282906,0.9830485241707028,LR,temporal,441209,110303,0.3968341749544437,FGSM_eps0.75,0.4613927091738212,FGSM,0.75,1.0,
0.13862723588660328,0.014515273250966422,0.017499771543452437,0.015868412330129266,0.7816807202657408,0.9825002284565476,SVM,temporal,441209,110303,0.3968341749544437,FGSM_eps0.75,0.5659592214173685,FGSM,0.75,1.0,
0.6026581325983881,0.0,0.0,0.0,0.0008417128857224451,1.0,RF,temporal,441209,110303,0.3968341749544437,FGSM_eps0.75,0.12109371458618533,FGSM,0.75,1.0,
0.22377451202596485,0.016588115700951853,0.0164031801151421,0.016495129571769896,0.6397919766725286,0.9835968198848579,MLP,temporal,441209,110303,0.3968341749544437,FGSM_eps0.75,0.7742672456778148,FGSM,0.75,1.0,
0.2796750768338123,0.01960256341213851,0.016631636662706752,0.017995303423557037,0.5472636815920398,0.9833683633372933,LR,temporal,441209,110303,0.3968341749544437,PGD_eps0.15_it10,0.42493857827982917,PGD,0.15,10.0,
0.2180901698049917,0.019589657746510735,0.019784337019098968,0.01968651610043306,0.6514406817874374,0.980215662980901,SVM,temporal,441209,110303,0.3968341749544437,PGD_eps0.15_it10,0.48546277073153044,PGD,0.15,10.0,
0.6094666509523766,0.8088888888888889,0.02078954582838344,0.04053722965899726,0.0032315762576843876,0.9792104541716166,RF,temporal,441209,110303,0.3968341749544437,PGD_eps0.15_it10,0.11428519623219677,PGD,0.15,10.0,
0.32503195742636193,0.01999561911318334,0.01459837338938134,0.016875965614229688,0.47072793134027746,0.9854016266106187,MLP,temporal,441209,110303,0.3968341749544437,PGD_eps0.15_it10,0.6710062282984144,PGD,0.15,10.0,
0.2862478808373299,0.019755460914960846,0.016426025769898565,0.017937555353200196,0.5362312305541778,0.9835739742301014,LR,temporal,441209,110303,0.3968341749544437,PGD_eps0.15_it25,0.4191363788836206,PGD,0.15,25.0,
0.21454538861137049,0.01937480378526259,0.01973864570958604,0.019555032478555102,0.6572875802257594,0.9802613542904139,SVM,temporal,441209,110303,0.3968341749544437,PGD_eps0.15_it25,0.4889894200520385,PGD,0.15,25.0,
0.6136279158318451,0.9080622347949081,0.02933382070730147,0.05683176205019254,0.001953976341855676,0.9706661792926985,RF,temporal,441209,110303,0.3968341749544437,PGD_eps0.15_it25,0.1101239313527284,PGD,0.15,25.0,
0.3267544853721114,0.020054780719705317,0.01455268207986841,0.016866353346130934,0.46784205858922906,0.9854473179201316,MLP,temporal,441209,110303,0.3968341749544437,PGD_eps0.15_it25,0.6692746344161083,PGD,0.15,25.0,
0.18642285341287182,0.018518518518518517,0.020195558804715342,0.019320715128731913,0.7042130736047857,0.9798044411952846,LR,temporal,441209,110303,0.3968341749544437,PGD_eps0.3_it10,0.5211825607644398,PGD,0.3,10.0,
0.04081484637770505,0.012710732634688202,0.018482134697980445,0.01506251221850883,0.9444920413040537,0.9815178653020196,SVM,temporal,441209,110303,0.3968341749544437,PGD_eps0.3_it10,0.6636718856241444,PGD,0.3,10.0,
0.6104367061639303,0.7939882697947214,0.024741844101251943,0.047988302020560085,0.00422359501585727,0.9752581558987481,RF,temporal,441209,110303,0.3968341749544437,PGD_eps0.3_it10,0.11331514102064313,PGD,0.3,10.0,
0.18128246738529324,0.013099797015924832,0.014301379877547291,0.013674242837951486,0.7088575250635042,0.9856986201224527,MLP,temporal,441209,110303,0.3968341749544437,PGD_eps0.3_it10,0.8158980263456116,PGD,0.3,10.0,
0.17383933347234437,0.017818596505518675,0.019989947911907155,0.018841921660673142,0.7249402534157009,0.9800100520880929,LR,temporal,441209,110303,0.3968341749544437,PGD_eps0.3_it25,0.5321160802516705,PGD,0.3,25.0,
0.04304506677062274,0.012360100396217778,0.017888147674312346,0.014618982272383566,0.9404037215734019,0.9821118523256877,SVM,temporal,441209,110303,0.3968341749544437,PGD_eps0.3_it25,0.6614325992946701,PGD,0.3,25.0,
0.6019781873566449,0.3572984749455338,0.0037466873800603125,0.007415613483755737,0.004434023237287881,0.9962533126199397,RF,temporal,441209,110303,0.3968341749544437,PGD_eps0.3_it25,0.12177365982792852,PGD,0.3,25.0,
0.17870774140322565,0.012738588347938305,0.013981540710956777,0.01333115504002614,0.712915783619666,0.9860184592890432,MLP,temporal,441209,110303,0.3968341749544437,PGD_eps0.3_it25,0.8183458292158872,PGD,0.3,25.0,
0.09975249993200548,0.014445610353270374,0.018870510828840354,0.016364212695142245,0.8470337136071906,0.9811294891711596,LR,temporal,441209,110303,0.3968341749544437,PGD_eps0.5_it10,0.6079345076743153,PGD,0.5,10.0,
0.01530330090750025,0.012231265702808828,0.018573517317006304,0.01474950336081857,0.9868482361605868,0.9814264826829937,SVM,temporal,441209,110303,0.3968341749544437,PGD_eps0.5_it10,0.6892831563964715,PGD,0.5,10.0,
0.6033471437766879,0.5602409638554217,0.002124645892351275,0.0042332377440939505,0.0010972328688881874,0.9978753541076487,RF,temporal,441209,110303,0.3968341749544437,PGD_eps0.5_it10,0.12040470340788555,PGD,0.5,10.0,
0.11089453596003736,0.013039657058812978,0.016608791007950287,0.014609394624466214,0.8270730937457726,0.9833912089920497,MLP,temporal,441209,110303,0.3968341749544437,PGD_eps0.5_it10,0.8872288151727514,PGD,0.5,10.0,
0.05530221299511346,0.01394675460468109,0.019807182673855433,0.016368218847050607,0.9213449369466865,0.9801928173261446,LR,temporal,441209,110303,0.3968341749544437,PGD_eps0.5_it25,0.6516051240673417,PGD,0.5,25.0,
0.016690389200656373,0.012097625727818506,0.018322215114685188,0.014573074337215853,0.9843832198523996,0.9816777848853148,SVM,temporal,441209,110303,0.3968341749544437,PGD_eps0.5_it25,0.6878779362302022,PGD,0.5,25.0,
0.6007724177946203,0.2079646017699115,0.0021474915471077403,0.004251085383502171,0.0053809502337256315,0.9978525084528923,RF,temporal,441209,110303,0.3968341749544437,PGD_eps0.5_it25,0.12297942938995313,PGD,0.5,25.0,
0.05465853149959657,0.011734133901478469,0.016608791007950287,0.013752269975786924,0.9203078264267784,0.9833912089920497,MLP,temporal,441209,110303,0.3968341749544437,PGD_eps0.5_it25,0.9434648196331922,PGD,0.5,25.0,
0.0723461737214763,0.013299862013931605,0.018276523805172255,0.015396014356783387,0.8920803835805865,0.9817234761948277,LR,temporal,441209,110303,0.3968341749544437,PGD_eps0.75_it10,0.6338721521626791,PGD,0.75,10.0,
0.010244508308930854,0.01172149139179645,0.017933838983825275,0.01417696829596453,0.99481444740046,0.9820661610161747,SVM,temporal,441209,110303,0.3968341749544437,PGD_eps0.75_it10,0.6943782127412672,PGD,0.75,10.0,
0.5951515371295432,0.09375,0.002330256785159463,0.004547481052162282,0.014820159023613052,0.9976697432148406,RF,temporal,441209,110303,0.3968341749544437,PGD_eps0.75_it10,0.12862750786469995,PGD,0.75,10.0,
0.06067831337316301,0.011829395640255841,0.016563099698437358,0.013801637159718256,0.9102974553215795,0.9834369003015626,MLP,temporal,441209,110303,0.3968341749544437,PGD_eps0.75_it10,0.9374269058865126,PGD,0.75,10.0,
0.04474946284325902,0.01315227872713764,0.019007584757379146,0.015546897627790079,0.9383144699463408,0.9809924152426208,LR,temporal,441209,110303,0.3968341749544437,PGD_eps0.75_it25,0.6630191381920709,PGD,0.75,25.0,
0.010833794185108292,0.011484627347768872,0.017545462852965366,0.013882361447525396,0.9935819392463664,0.9824545371470347,SVM,temporal,441209,110303,0.3968341749544437,PGD_eps0.75_it25,0.6937889268650898,PGD,0.75,25.0,
0.593102635467757,0.03595317725752508,0.0009823631545280089,0.0019124710905532823,0.017330267093535346,0.999017636845472,RF,temporal,441209,110303,0.3968341749544437,PGD_eps0.75_it25,0.1306492117168164,PGD,0.75,25.0,
0.014659619411983354,0.010968811209883984,0.016631636662706752,0.013219298723466071,0.9866378079391562,0.9833683633372933,MLP,temporal,441209,110303,0.3968341749544437,PGD_eps0.75_it25,0.983472797657362,PGD,0.75,25.0,
0.10267173150322294,0.022307213069361762,0.0294480489810838,0.025385009255976997,0.8491530264087418,0.9705519510189162,LR,temporal,441209,110303,0.3968341749544437,CW_c0.0_it10,0.6028031875832933,CW,,10.0,0.0
0.025121710198272033,0.017510669855011048,0.026432422553230375,0.02106585583453198,0.9757406321864995,0.9735675774467696,SVM,temporal,441209,110303,0.3968341749544437,CW_c0.0_it10,0.6798092526948496,CW,,10.0,0.0
0.613564454275949,0.999129677980853,0.02622681166042219,0.05111195209367556,1.5030587245043664e-05,0.9737731883395778,RF,temporal,441209,110303,0.3968341749544437,CW_c0.0_it10,0.110196458845181,CW,,10.0,0.0
0.01095165136034378,0.014319915537777514,0.022000365530476105,0.017348069284189478,0.9963175061249643,0.9779996344695239,MLP,temporal,441209,110303,0.3968341749544437,CW_c0.0_it10,0.9888126342891852,CW,,10.0,0.0
0.09095854147212677,0.021916463579745464,0.02958512290962259,0.025179856115107913,0.8686627286528085,0.9704148770903774,LR,temporal,441209,110303,0.3968341749544437,CW_c0.5_it10,0.6152869822216984,CW,,10.0,0.5
0.01958242296220411,0.01675600198189271,0.025495750708215296,0.02022197055492639,0.9843080669161745,0.9745042492917847,SVM,temporal,441209,110303,0.3968341749544437,CW_c0.5_it10,0.6855026608523793,CW,,10.0,0.5
0.6131655530674597,0.9990950226244344,0.025221602851137715,0.04920114980947924,1.5030587245043664e-05,0.9747783971488623,RF,temporal,441209,110303,0.3968341749544437,CW_c0.5_it10,0.11058629411711376,CW,,10.0,0.5
0.010317035801383462,0.014059597235639444,0.021611989399616192,0.017036296676481447,0.9971141272489517,0.9783880106003838,MLP,temporal,441209,110303,0.3968341749544437,CW_c0.5_it10,0.9895651070233811,CW,,10.0,0.5
