accuracy,precision,recall,f1,fpr,fnr,model,attack,epsilon,asr,mean_l2,elapsed_s,seed
0.3227564073506613,0.2629830389928309,0.2690893187285053,0.2660011397802975,0.63225,0.7309106812714947,LR,FGSM_direct,0.15,0.6749861744467512,0.5792088508605957,0.3905477523803711,42
0.3227564073506613,0.2629830389928309,0.2690893187285053,0.2660011397802975,0.63225,0.7309106812714947,LR,PGD_direct,0.15,0.6749861744467512,0.5792121887207031,3.448050022125244,42
0.0860176060487928,0.1120310915849949,0.1449814126394052,0.1263940520446096,0.9634166666666668,0.8550185873605948,LR,FGSM_direct,0.3,0.9126043715946076,1.158409833908081,0.3711047172546386,42
0.0860176060487928,0.1120310915849949,0.1449814126394052,0.1263940520446096,0.9634166666666668,0.8550185873605948,LR,PGD_direct,0.3,0.9126043715946076,1.1584292650222778,3.4458556175231934,42
0.0811129343716852,0.1088312364957016,0.1411844224002544,0.122914503288335,0.96925,0.8588155775997456,LR,FGSM_direct,0.5,0.918814538135862,1.9306671619415283,0.371248722076416,42
0.0811129343716852,0.1088312364957016,0.1411844224002544,0.122914503288335,0.96925,0.8588155775997456,LR,PGD_direct,0.5,0.918814538135862,1.930699110031128,3.438417196273804,42
0.0794357361087187,0.1068414106381019,0.1384012881935471,0.1205906551768934,0.97,0.8615987118064529,LR,FGSM_direct,0.75,0.9205461320181682,2.8959736824035645,0.379601240158081,42
0.0794357361087187,0.1068414106381019,0.1384012881935471,0.1205906551768934,0.97,0.8615987118064529,LR,PGD_direct,0.75,0.9205461320181682,2.896038293838501,3.450486898422241,42
0.2355148998667307,0.2263968861582011,0.2798242649543764,0.2502911706393307,0.8016333333333333,0.7201757350456235,SVM,FGSM_direct,0.15,0.763143341522896,0.580946683883667,0.4486644268035888,42
0.2355148998667307,0.2263968861582011,0.2798242649543764,0.2502911706393307,0.8016333333333333,0.7201757350456235,SVM,PGD_direct,0.15,0.763143341522896,0.580946683883667,4.09447979927063,42
0.0861445291605849,0.119892813055129,0.1583205773015525,0.1364528094989248,0.9743666666666668,0.8416794226984474,SVM,FGSM_direct,0.3,0.9135109652502652,1.1618921756744385,0.4452900886535644,42
0.0861445291605849,0.119892813055129,0.1583205773015525,0.1364528094989248,0.9743666666666668,0.8416794226984474,SVM,PGD_direct,0.3,0.9135109652502652,1.1618921756744385,4.150019407272339,42
0.0830439788582359,0.1157334623291812,0.1521976820467964,0.1314842643081018,0.9749333333333332,0.8478023179532036,SVM,FGSM_direct,0.5,0.916892559585868,1.93648374080658,0.4464113712310791,42
0.0830439788582359,0.1157334623291812,0.1521976820467964,0.1314842643081018,0.9749333333333332,0.8478023179532036,SVM,PGD_direct,0.5,0.916892559585868,1.93648374080658,4.143784284591675,42
0.0817656818037587,0.114020078436123,0.1496928612607597,0.1294437186275183,0.9751833333333332,0.8503071387392402,SVM,FGSM_direct,0.75,0.9182252522596848,2.90472149848938,0.4161393642425537,42
0.0817656818037587,0.114020078436123,0.1496928612607597,0.1294437186275183,0.9751833333333332,0.8503071387392402,SVM,PGD_direct,0.75,0.9182252522596848,2.90472149848938,4.145384073257446,42
0.4865688149914327,0.4157975949771204,0.3106971751187802,0.3556450603588535,0.3659833333333333,0.6893028248812199,LR,FGSM_direct,0.15,0.5109471183920655,0.5790860056877136,0.3699185848236084,7
0.4865688149914327,0.4157975949771204,0.3106971751187802,0.3556450603588535,0.3659833333333333,0.6893028248812199,LR,PGD_direct,0.15,0.5109471183920655,0.5790860056877136,3.4401042461395264,7
0.1355901471401503,0.1748289105137015,0.2407212293501381,0.202550913728934,0.95255,0.7592787706498618,LR,FGSM_direct,0.3,0.8628595777086752,1.1581679582595823,0.3773965835571289,7
0.1355901471401503,0.1748289105137015,0.2407212293501381,0.202550913728934,0.95255,0.7592787706498618,LR,PGD_direct,0.3,0.8628595777086752,1.158168077468872,3.443539619445801,7
0.0887373870157656,0.1200320852377637,0.1576645528099715,0.1362984094795363,0.96905,0.8423354471900284,LR,FGSM_direct,0.5,0.9111447558089988,1.9302726984024048,0.3751745223999023,7
0.0887373870157656,0.1200320852377637,0.1576645528099715,0.1362984094795363,0.96905,0.8423354471900284,LR,PGD_direct,0.5,0.9111447558089988,1.9302726984024048,3.4496519565582275,7
0.0857909576348784,0.1161610791268551,0.1520187662763652,0.1316926998122858,0.9697333333333332,0.8479812337236348,LR,FGSM_direct,0.75,0.9141909104920084,2.895386219024658,0.3741765022277832,7
0.0857909576348784,0.1161610791268551,0.1520187662763652,0.1316926998122858,0.9697333333333332,0.8479812337236348,LR,PGD_direct,0.75,0.9141909104920084,2.8954057693481445,3.439279317855835,7
0.2483613319673989,0.2433525920561704,0.3072977754805876,0.2716123137475401,0.80105,0.6927022245194123,SVM,FGSM_direct,0.15,0.7500974588179832,0.5809467434883118,0.4441657066345215,7
0.2483613319673989,0.2433525920561704,0.3072977754805876,0.2716123137475401,0.80105,0.6927022245194123,SVM,PGD_direct,0.15,0.7500974588179832,0.5809467434883118,4.142618179321289,7
0.1011849179079444,0.1434432812066523,0.1952965031906645,0.1654011280410809,0.9777166666666668,0.8047034968093354,SVM,FGSM_direct,0.3,0.8984071149470096,1.1618921756744385,0.4439249038696289,7
0.1011849179079444,0.1434432812066523,0.1952965031906645,0.1654011280410809,0.9777166666666668,0.8047034968093354,SVM,PGD_direct,0.3,0.8984071149470096,1.1618921756744385,4.135590553283691,7
0.0864255731938387,0.1228007235003064,0.1633103393435779,0.1401877133105802,0.9780333333333332,0.836689660656422,SVM,FGSM_direct,0.5,0.9135018993137086,1.93648374080658,0.4422714710235595,7
0.0864255731938387,0.1228007235003064,0.1633103393435779,0.1401877133105802,0.9780333333333332,0.836689660656422,SVM,PGD_direct,0.5,0.9135018993137086,1.93648374080658,4.138099431991577,7
0.0843494737223828,0.1198560287942411,0.158877204142894,0.1366352375986254,0.9781333333333332,0.8411227958571059,SVM,FGSM_direct,0.75,0.9156505262776172,2.9047186374664307,0.4384841918945312,7
0.0843494737223828,0.1198560287942411,0.158877204142894,0.1366352375986254,0.9781333333333332,0.8411227958571059,SVM,PGD_direct,0.75,0.9156505262776172,2.9047186374664307,4.130892992019653,7
0.0425645721331242,0.0469996559802106,0.0570343717074528,0.051533059113035,0.9695666666666668,0.9429656282925472,LR,FGSM_direct,0.15,0.9570727904046128,0.6685725450515747,0.393136978149414,123
0.0425645721331242,0.0469996559802106,0.0570343717074528,0.051533059113035,0.9695666666666668,0.9429656282925472,LR,PGD_direct,0.15,0.9570727904046128,0.6685725450515747,3.495429515838623,123
0.0360008340661632,0.0394245787094122,0.0476711130548873,0.0431574400691094,0.9737833333333332,0.9523288869451126,LR,FGSM_direct,0.3,0.9638994406317144,1.337136149406433,0.3886435031890869,123
0.0360008340661632,0.0394245787094122,0.0476711130548873,0.0431574400691094,0.9737833333333332,0.9523288869451126,LR,PGD_direct,0.3,0.9638994406317144,1.337136149406433,3.519248962402344,123
0.0353299547609765,0.0393766728517709,0.0476711130548873,0.0431287207064621,0.9750166666666666,0.9523288869451126,LR,FGSM_direct,0.5,0.9645975177465708,2.228546619415283,0.3838789463043213,123
0.03532088882442,0.0393608985516765,0.0476512335248394,0.0431111231014109,0.9750166666666666,0.9523487664751604,LR,PGD_direct,0.5,0.9646065836831272,2.228562355041504,3.497743844985962,123
0.0350126469814964,0.0393691742155704,0.0476909925849352,0.0431323546597865,0.9756166666666668,0.9523090074150647,LR,FGSM_direct,0.75,0.9649238914626076,3.34279727935791,0.3831114768981933,123
0.0350035810449398,0.0393534093706408,0.0476711130548873,0.0431147629407216,0.9756166666666668,0.9523288869451126,LR,PGD_direct,0.75,0.964932957399164,3.342820644378662,3.416676998138428,123
0.2158146197292911,0.2073827348133296,0.2549748523944894,0.2287293802942487,0.8170166666666666,0.7450251476055106,SVM,FGSM_direct,0.15,0.7831609294398157,0.6708202362060547,0.4573221206665039,123
0.2158146197292911,0.2073827348133296,0.2549748523944894,0.2287293802942487,0.8170166666666666,0.7450251476055106,SVM,PGD_direct,0.15,0.7831609294398157,0.6708202362060547,4.183719873428345,123
0.0899068928315639,0.1267977168065097,0.1691350416476154,0.1449379056574845,0.9765166666666668,0.8308649583523845,SVM,FGSM_direct,0.3,0.9098029971986256,1.341639518737793,0.4531996250152588,123
0.0899068928315639,0.1267977168065097,0.1691350416476154,0.1449379056574845,0.9765166666666668,0.8308649583523845,SVM,PGD_direct,0.3,0.9098029971986256,1.341639518737793,4.191027641296387,123
0.0869876612603465,0.1227114178355963,0.1629525078027155,0.1399976089221362,0.9767,0.8370474921972845,SVM,FGSM_direct,0.5,0.9129851409299836,2.2360637187957764,0.449702501296997,123
0.0869876612603465,0.1227114178355963,0.1629525078027155,0.1399976089221362,0.9767,0.8370474921972845,SVM,PGD_direct,0.5,0.9129851409299836,2.2360637187957764,4.193514108657837,123
0.0869513975141201,0.1226701797984939,0.1628928692125718,0.1399487617421007,0.9767166666666668,0.8371071307874282,SVM,FGSM_direct,0.75,0.9130395365493232,3.3540871143341064,0.4500010013580322,123
0.0869513975141201,0.1226701797984939,0.1628928692125718,0.1399487617421007,0.9767166666666668,0.8371071307874282,SVM,PGD_direct,0.75,0.9130395365493232,3.3540871143341064,4.187325716018677,123
0.0349038557428175,0.0351205457676513,0.0421644832316164,0.0383215140701928,0.9711833333333332,0.9578355167683836,LR,FGSM_direct,0.15,0.9648604299067116,0.7474620938301086,0.3891634941101074,31
0.0349038557428175,0.0351205457676513,0.0421644832316164,0.0383215140701928,0.9711833333333332,0.9578355167683836,LR,PGD_direct,0.15,0.9648604299067116,0.7475001811981201,3.5726726055145264,31
0.0283945132951959,0.0287234395200053,0.0344512255730274,0.0313276751900358,0.9766833333333332,0.9655487744269724,LR,FGSM_direct,0.3,0.971605486704804,1.494920253753662,0.4023165702819824,31
0.0283310517392999,0.028610738143783,0.034312068862692,0.031203109463979,0.9766833333333332,0.965687931137308,LR,PGD_direct,0.3,0.9716689482607,1.494996428489685,3.57716703414917,31
0.0278233592921316,0.0286934781528883,0.0344512255730274,0.0313098464317976,0.9777333333333332,0.9655487744269724,LR,FGSM_direct,0.5,0.9721766407078684,2.4915239810943604,0.3954939842224121,31
0.0277598977362356,0.0285808908759728,0.034312068862692,0.031185350473833,0.9777333333333332,0.965687931137308,LR,PGD_direct,0.5,0.9722401022637644,2.4916508197784424,3.579502582550049,31
0.0277417658631224,0.0286892030592987,0.0344512255730274,0.0313073011227632,0.9778833333333332,0.9655487744269724,LR,FGSM_direct,0.75,0.9722582341368776,3.7372658252716064,0.3967001438140869,31
0.0276783043072264,0.0285766320634447,0.034312068862692,0.0311828151252913,0.9778833333333332,0.965687931137308,LR,PGD_direct,0.75,0.9723216956927736,3.7374560832977295,3.578664302825928,31
0.029119788219722,0.0272236837723533,0.0325030316283323,0.0296300323483839,0.9737166666666668,0.9674969683716677,SVM,FGSM_direct,0.15,0.970880211780278,0.7499992251396179,0.4567315578460693,31
0.029119788219722,0.0272236837723533,0.0325030316283323,0.0296300323483839,0.9737166666666668,0.9674969683716677,SVM,PGD_direct,0.15,0.970880211780278,0.7499992251396179,4.26016902923584,31
0.0271615459235016,0.0271104327050703,0.0324831520982843,0.0295546009495817,0.9773,0.9675168479017155,SVM,FGSM_direct,0.3,0.9728384540764984,1.4999974966049194,0.4703145027160644,31
0.0271615459235016,0.0271104327050703,0.0324831520982843,0.0295546009495817,0.9773,0.9675168479017155,SVM,PGD_direct,0.3,0.9728384540764984,1.4999974966049194,4.253421306610107,31
0.027089018431049,0.0270597604273816,0.0324235135081406,0.0294998055653526,0.9773833333333334,0.9675764864918592,SVM,FGSM_direct,0.5,0.972910981568951,2.499993085861206,0.469757080078125,31
0.027089018431049,0.0270597604273816,0.0324235135081406,0.0294998055653526,0.9773833333333334,0.9675764864918592,SVM,PGD_direct,0.5,0.972910981568951,2.499993085861206,4.2691967487335205,31
0.0269802271923701,0.0270386835644615,0.0324036339780927,0.029479052691546,0.9775666666666668,0.9675963660219072,SVM,FGSM_direct,0.75,0.97301977280763,3.749983787536621,0.4651134014129638,31
0.0269802271923701,0.0270386835644615,0.0324036339780927,0.029479052691546,0.9775666666666668,0.9675963660219072,SVM,PGD_direct,0.75,0.97301977280763,3.749983787536621,4.275967359542847,31
0.4627254018476379,0.3754032706641451,0.2683338965866847,0.3129644442898712,0.3743,0.7316661034133153,LR,FGSM_direct,0.15,0.5355067405238298,0.5791525840759277,0.3758246898651123,99
0.4627254018476379,0.3754032706641451,0.2683338965866847,0.3129644442898712,0.3743,0.7316661034133153,LR,PGD_direct,0.15,0.5355067405238298,0.5791525840759277,3.4306793212890625,99
0.1034967317298713,0.1351895236378927,0.1789555294912828,0.1540238341702954,0.9597666666666668,0.8210444705087172,LR,FGSM_direct,0.3,0.8958233230283854,1.1582986116409302,0.3796420097351074,99
0.1034967317298713,0.1351895236378927,0.1789555294912828,0.1540238341702954,0.9597666666666668,0.8210444705087172,LR,PGD_direct,0.3,0.8958233230283854,1.15830659866333,3.427640914916992,99
0.0869876612603465,0.1122274706506854,0.1450012921694531,0.126526505689703,0.96165,0.8549987078305469,LR,FGSM_direct,0.5,0.9129942068665404,1.9304858446121216,0.3706948757171631,99
0.0869876612603465,0.1122274706506854,0.1450012921694531,0.126526505689703,0.96165,0.8549987078305469,LR,PGD_direct,0.5,0.9129942068665404,1.9304988384246824,3.43996810913086,99
0.0866250237980834,0.1120749319429705,0.1448621354591177,0.1263765803576074,0.9622,0.8551378645408823,LR,FGSM_direct,0.75,0.9133568443288034,2.89570951461792,0.3708529472351074,99
0.0866250237980834,0.1120749319429705,0.1448621354591177,0.1263765803576074,0.9622,0.8551378645408823,LR,PGD_direct,0.75,0.9133568443288034,2.895728588104248,3.4352715015411377,99
0.4495979257137159,0.3624517629645292,0.2726079955469853,0.3111746485584941,0.4020166666666667,0.7273920044530148,SVM,FGSM_direct,0.15,0.5495861399961923,0.5809467434883118,0.4429612159729004,99
0.4495979257137159,0.3624517629645292,0.2726079955469853,0.3111746485584941,0.4020166666666667,0.7273920044530148,SVM,PGD_direct,0.15,0.5495861399961923,0.5809467434883118,4.139295339584351,99
0.0874772218344016,0.1239712625651596,0.1650000993976502,0.1415729953775564,0.9775166666666668,0.8349999006023497,SVM,FGSM_direct,0.3,0.9123867891172498,1.161892294883728,0.4417495727539062,99
0.0874772218344016,0.1239712625651596,0.1650000993976502,0.1415729953775564,0.9775166666666668,0.8349999006023497,SVM,PGD_direct,0.3,0.9123867891172498,1.161892294883728,4.135130167007446,99
0.0836332647344133,0.1184568448579028,0.156690455837624,0.1349172386641789,0.9776166666666668,0.843309544162376,SVM,FGSM_direct,0.5,0.9163667352655868,1.936484932899475,0.4462733268737793,99
0.0836332647344133,0.1184568448579028,0.156690455837624,0.1349172386641789,0.9776166666666668,0.843309544162376,SVM,PGD_direct,0.5,0.9163667352655868,1.936484932899475,4.135156154632568,99
0.0834338141301687,0.1182685804463816,0.1564320219470011,0.1346993272736609,0.9777666666666668,0.8435679780529989,SVM,FGSM_direct,0.75,0.9165661858698312,2.904722213745117,0.4412403106689453,99
0.0834338141301687,0.1182685804463816,0.1564320219470011,0.1346993272736609,0.9777666666666668,0.8435679780529989,SVM,PGD_direct,0.75,0.9165661858698312,2.904722213745117,4.142742872238159,99
