accuracy,precision,recall,f1,fpr,fnr,model,config,search_budget,best_params,cv_f1_macro,fit_s,seed
0.9323137176686036,0.9546197440196972,0.8940818639047373,0.9233596123840028,0.0356333333333333,0.1059181360952627,LR,tuned,12,"{'class_weight': 'balanced', 'C': 100.0}",0.9328216811718152,6.408778190612793,42
0.9258497049037652,0.963043573846898,0.870822813748683,0.9146144129284156,0.0280166666666666,0.129177186251317,LR,as_submitted,0,{'max_iter': 500},,0.8943593502044678,42
0.9262304742391412,0.9672650709219858,0.8676023298809216,0.914727057418023,0.0246166666666666,0.1323976701190783,SVM,tuned,12,"{'class_weight': 'balanced', 'C': 1.0}",0.9257694537652272,14.420801877975464,42
0.9230845942540096,0.9679310730670247,0.8598294336321889,0.9106834547521792,0.0238833333333333,0.140170566367811,SVM,as_submitted,0,{'max_iter': 500},,3.671571493148804,42
0.999764285649529,0.9998608100853036,0.9996222889290896,0.9997415352804342,0.0001166666666666,0.0003777110709102,RF,tuned,12,"{'n_estimators': 50, 'min_samples_leaf': 1, 'max_features': 'log2', 'max_depth': None}",0.9997007667335444,188.34153842926025,42
0.999764285649529,0.9998608100853036,0.9996222889290896,0.9997415352804342,0.0001166666666666,0.0003777110709102,RF,as_submitted,0,{'n_estimators': 50},,8.868587493896484,42
0.9197664614743026,0.9582974018794914,0.8615589527463571,0.90735700527594,0.0314333333333333,0.1384410472536429,LR,tuned,12,"{'class_weight': 'balanced', 'C': 0.01}",0.919857355778124,4.636857509613037,7
0.9195307471238316,0.960842770373996,0.8585372641790748,0.9068136482939632,0.0293333333333333,0.1414627358209252,LR,as_submitted,0,{'max_iter': 500},,1.092287540435791,7
0.9221689346617952,0.9653949129852744,0.8601673856430034,0.909748430978838,0.02585,0.1398326143569966,SVM,tuned,12,"{'class_weight': 'balanced', 'C': 0.01}",0.921266301598092,15.784931898117064,7
0.9206821210665168,0.9710056220529562,0.8514999105421148,0.9073346396229413,0.0213166666666666,0.1485000894578852,SVM,as_submitted,0,{'max_iter': 500},,4.27426290512085,7
0.9997280219033028,0.9998806801232972,0.9995228912788502,0.9997017536883128,0.0001,0.0004771087211498,RF,tuned,12,"{'n_estimators': 200, 'min_samples_leaf': 1, 'max_features': 'log2', 'max_depth': 40}",0.9997487356803116,284.8041861057281,7
0.9997280219033028,0.9998806801232972,0.9995228912788502,0.9997017536883128,0.0001,0.0004771087211498,RF,as_submitted,0,{'n_estimators': 50},,9.645015001296995,7
0.9715510910854646,0.9715462598228388,0.965906605967835,0.968718224774209,0.0237166666666666,0.034093394032165,LR,tuned,12,"{'class_weight': 'balanced', 'C': 100.0}",0.9720922267425772,8.880182266235352,123
0.9700098818708468,0.9721122742159088,0.9618313023080134,0.9669444610987868,0.0231333333333333,0.0381686976919865,LR,as_submitted,0,{'max_iter': 500},,1.7215969562530518,123
0.9197029999184064,0.9645162736483456,0.8553962984315051,0.9066849286203446,0.0263833333333333,0.1446037015684949,SVM,tuned,12,"{'class_weight': 'balanced', 'C': 10.0}",0.9182231081082796,46.35636329650879,123
0.9178716807339782,0.969364530225783,0.8466691847404727,0.9038720699498084,0.0224333333333333,0.1533308152595272,SVM,as_submitted,0,{'max_iter': 500},,8.194961547851562,123
0.9998005493957554,0.9998806991032548,0.9996819275192336,0.999781303431548,0.0001,0.0003180724807665,RF,tuned,12,"{'n_estimators': 50, 'min_samples_leaf': 2, 'max_features': 'log2', 'max_depth': 40}",0.999623099020516,551.5508842468262,123
0.9998368131419816,0.9999005865394176,0.9997415661093773,0.9998210700013916,8.333333333333333e-05,0.0002584338906228,RF,as_submitted,0,{'n_estimators': 50},,12.555928230285645,123
0.9803631814184564,0.9766322751846644,0.9803987833727612,0.9785119047619047,0.0196666666666666,0.0196012166272389,LR,tuned,12,"{'class_weight': 'balanced', 'C': 100.0}",0.9800126979811044,19.58101201057434,31
0.9770903783215326,0.9747029132387424,0.9750710693199212,0.9748869565217392,0.0212166666666666,0.0249289306800787,LR,as_submitted,0,{'max_iter': 500},,3.1082119941711426,31
0.9776343345149272,0.9740931615460852,0.9769397451444248,0.9755143767431242,0.0217833333333333,0.0230602548555752,SVM,tuned,12,"{'class_weight': None, 'C': 1.0}",0.9767105964829406,140.45282816886902,31
0.9776343345149272,0.9740931615460852,0.9769397451444248,0.9755143767431242,0.0217833333333333,0.0230602548555752,SVM,as_submitted,0,{'max_iter': 500},,39.64038801193237,31
0.9997733515860856,0.9999204549974148,0.999582529868994,0.99975146387776,6.666666666666667e-05,0.0004174701310061,RF,tuned,12,"{'n_estimators': 400, 'min_samples_leaf': 1, 'max_features': 'log2', 'max_depth': None}",0.9997738628384636,307.95364594459534,31
0.999764285649529,0.999900570724044,0.999582529868994,0.9997415250024854,8.333333333333333e-05,0.0004174701310061,RF,as_submitted,0,{'n_estimators': 50},,15.289901971817017,31
0.9272095953872516,0.9713451074837214,0.8659324493568972,0.9156147855423712,0.0214166666666666,0.1340675506431028,LR,tuned,12,"{'class_weight': 'balanced', 'C': 0.01}",0.9260884785360846,7.4103617668151855,99
0.9186150875316176,0.9525999912384456,0.8645607617835914,0.9064476796898612,0.0360666666666666,0.1354392382164085,LR,as_submitted,0,{'max_iter': 500},,0.9806814193725586,99
0.9236104185742908,0.966367463304898,0.8625131701886567,0.9114915966386554,0.0251666666666666,0.1374868298113432,SVM,tuned,12,"{'class_weight': 'balanced', 'C': 1.0}",0.9232938901904828,16.740179777145386,99
0.921425527864156,0.9710594198307464,0.8531300320060434,0.9082828026286548,0.0213166666666666,0.1468699679939566,SVM,as_submitted,0,{'max_iter': 500},,4.283533334732056,99
0.9997552197129724,0.999880687241489,0.999582529868994,0.9997315863248204,0.0001,0.0004174701310061,RF,tuned,12,"{'n_estimators': 50, 'min_samples_leaf': 2, 'max_features': 'log2', 'max_depth': None}",0.9996368046647331,225.3892731666565,99
0.999764285649529,0.9998806896140308,0.9996024093990418,0.999741530141562,0.0001,0.0003975906009581,RF,as_submitted,0,{'n_estimators': 50},,7.739952087402344,99
