model,attack,family,accuracy_mean,accuracy_std,asr_mean,asr_std,confidence_mean,confidence_std,epsilon_mean,epsilon_std,f1_mean,f1_std,fnr_mean,fnr_std,fpr_mean,fpr_std,iters_mean,iters_std,precision_mean,precision_std,recall_mean,recall_std
LR,CW_c0.0_it10,CW,0.40484068627450975,0.12545041220339273,0.4991421568627451,0.13308271285666265,0.0,0.0,,,0.15134257789446598,0.06964786092790175,0.5970660146699267,0.14986797831868304,0.5948861646234676,0.12787409424151808,10.0,0.0,0.09365067249405402,0.0455126188622395,0.40293398533007335,0.149867978318683
LR,CW_c0.5_it10,CW,0.2854779411764705,0.11807758617404801,0.6301470588235294,0.12862948488573095,0.5,0.0,,,0.1455394994011166,0.05219938286103881,0.5276283618581907,0.14477548706552312,0.7412959719789842,0.12313704181750156,10.0,0.0,0.08628151707209344,0.032205655792961675,0.4723716381418093,0.1447754870655231
LR,FGSM_eps0.15,FGSM,0.26335784313725485,0.0808645372721572,0.6613970588235294,0.08668350945518268,,,0.15,0.0,0.18889732255647043,0.01697862715427084,0.31931540342298287,0.05627722428888164,0.7964273204903678,0.09576415300592177,1.0,0.0,0.10985035678694095,0.011279750078552543,0.6806845965770172,0.05627722428888162
LR,FGSM_eps0.3,FGSM,0.1856617647058823,0.04293808815221784,0.7417892156862745,0.048899496689682055,,,0.3,0.0,0.12511756919848807,0.03169322727659925,0.5281173594132029,0.151579382911504,0.8553415061295973,0.0648198952082741,1.0,0.0,0.07217971884408511,0.017504042088714675,0.471882640586797,0.15157938291150402
LR,FGSM_eps0.5,FGSM,0.16421568627450972,0.019277139971494352,0.7639705882352941,0.02411076047712462,,,0.5,0.0,0.10938952432636968,0.031645185131882796,0.584841075794621,0.1414653108279836,0.8717338003502627,0.03899841290130101,1.0,0.0,0.06301805291222659,0.017732927919154078,0.415158924205379,0.14146531082798364
LR,FGSM_eps0.75,FGSM,0.15949754901960783,0.020539074929907503,0.7692401960784314,0.02466004047029792,,,0.75,0.0,0.10193843201188228,0.025943052431866932,0.615158924205379,0.11522094063587789,0.8727845884413309,0.03802439965548857,1.0,0.0,0.05876925892940058,0.014548720008204393,0.384841075794621,0.11522094063587789
LR,PGD_eps0.15_it10,PGD,0.22781862745098036,0.02312818527581118,0.6987132352941177,0.02664877673136902,,,0.15,0.0,0.18676895260238374,0.009675826708400096,0.2924205378973105,0.039936463548352875,0.8409106830122592,0.02728049522098995,10.0,0.0,0.10759401101917605,0.005626649616507898,0.7075794621026895,0.03993646354835286
LR,PGD_eps0.15_it25,PGD,0.22855392156862742,0.022956485080517407,0.6981617647058823,0.026405332714822354,,,0.15,0.0,0.18744140946275234,0.009741544363549421,0.28997555012224935,0.03974891454742413,0.8404203152364274,0.026939049916475784,25.0,0.0,0.10798340549310532,0.005670482173078699,0.7100244498777506,0.03974891454742415
LR,PGD_eps0.3_it10,PGD,0.17800245098039214,0.011559221495045003,0.7507965686274509,0.012303823919618755,,,0.3,0.0,0.14279372628952075,0.032555947306006215,0.4503667481662591,0.14135962769318908,0.8752364273204905,0.013925750633714356,10.0,0.0,0.08206545670026084,0.01835164699225278,0.5496332518337408,0.14135962769318905
LR,PGD_eps0.3_it25,PGD,0.17898284313725482,0.011624809702526502,0.7497549019607843,0.01160460597892015,,,0.3,0.0,0.14446414050728093,0.03302086324708583,0.443520782396088,0.14279230992267242,0.8750963222416812,0.01325595079594917,25.0,0.0,0.08301570275993114,0.018625885462211215,0.556479217603912,0.14279230992267244
LR,PGD_eps0.5_it10,PGD,0.15618872549019602,0.006059674174056916,0.772671568627451,0.007155619310126655,,,0.5,0.0,0.11244837729295853,0.036410135146182264,0.5682151589242054,0.16157836336023532,0.8832924693520141,0.023367273848034723,10.0,0.0,0.06465969039909747,0.02046039670784048,0.4317848410757946,0.16157836336023537
LR,PGD_eps0.5_it25,PGD,0.15857843137254898,0.004237476814220592,0.770281862745098,0.00639504536903458,,,0.5,0.0,0.11570137628773332,0.036113959065964804,0.5555012224938876,0.16037889809119976,0.882381786339755,0.02317749430353504,25.0,0.0,0.06652446294577356,0.020288775802473274,0.4444987775061125,0.1603788980911998
LR,PGD_eps0.75_it10,PGD,0.14797794117647053,0.013340405059483602,0.7813725490196078,0.014887625429576466,,,0.75,0.0,0.09524724203895366,0.019645407958156374,0.6400977995110024,0.08613855368712774,0.882381786339755,0.024669785267025266,10.0,0.0,0.05489545230911008,0.011055019528350848,0.3599022004889975,0.08613855368712774
LR,PGD_eps0.75_it25,PGD,0.1488357843137254,0.013414780165679296,0.7803921568627451,0.014813041458656044,,,0.75,0.0,0.09776525180132596,0.01654291434094731,0.630317848410758,0.07345957530692003,0.8828021015761822,0.024521641015228766,25.0,0.0,0.05633927497608926,0.009286302145186956,0.369682151589242,0.07345957530692
MLP,CW_c0.0_it10,CW,0.14264705882352938,0.01769099200092352,0.8566176470588236,0.017678253593342703,0.0,0.0,,,0.07684527935083998,0.010574090360803992,0.7144254278728607,0.04601516359847324,0.8778283712784589,0.02515120312629406,10.0,0.0,0.0444011202612192,0.005954042895007065,0.2855745721271393,0.04601516359847323
MLP,CW_c0.5_it10,CW,0.1404411764705882,0.017625876618662623,0.859497549019608,0.017611225789619395,0.5,0.0,,,0.07713634506546732,0.010408018293688648,0.7124694376528117,0.04595666559157746,0.880630472854641,0.025530042263164538,10.0,0.0,0.04454838754084346,0.0058442091518626175,0.2875305623471882,0.04595666559157744
MLP,FGSM_eps0.15,FGSM,0.2618259803921569,0.07489151471692598,0.7362745098039216,0.0755729856616289,,,0.15,0.0,0.17141578016328463,0.042760251218934654,0.39755501222493883,0.12292721620380652,0.7869702276707531,0.06961306984594633,1.0,0.0,0.09996844007260525,0.025719643524895062,0.6024449877750611,0.12292721620380653
MLP,FGSM_eps0.3,FGSM,0.16360294117647053,0.02279646473526506,0.8356004901960784,0.022581963892305122,,,0.3,0.0,0.10605497737585892,0.02592954410710476,0.6024449877750611,0.10397093107058662,0.8699124343257443,0.02600048860786041,1.0,0.0,0.06119683941458733,0.014808211455114894,0.39755501222493883,0.10397093107058662
MLP,FGSM_eps0.5,FGSM,0.14644607843137253,0.017075975730825657,0.8533088235294117,0.017335651507019243,,,0.5,0.0,0.08535229906506804,0.011865677519248564,0.6811735941320294,0.052285021709823444,0.8782486865148862,0.025476164101446586,1.0,0.0,0.04927744261501556,0.0066657869103915485,0.3188264058679706,0.05228502170982338
MLP,FGSM_eps0.75,FGSM,0.14534313725490192,0.015395944585941687,0.8544730392156863,0.015330877454898006,,,0.75,0.0,0.08247375319676933,0.012543880551550673,0.6924205378973105,0.05432606583594959,0.8778984238178633,0.023849520529655378,1.0,0.0,0.0476269098044291,0.007065498027145175,0.3075794621026895,0.05432606583594954
MLP,PGD_eps0.15_it10,PGD,0.23909313725490194,0.06950120529692902,0.7592524509803922,0.06987020609222813,,,0.15,0.0,0.15569345730847814,0.04392019335734586,0.4454767726161369,0.1367598617447187,0.8060945709281961,0.062030425971829686,10.0,0.0,0.09058861649572152,0.026104734755333446,0.5545232273838631,0.13675986174471874
MLP,PGD_eps0.15_it25,PGD,0.24031862745098037,0.07056937703396252,0.7580269607843138,0.07093745262960649,,,0.15,0.0,0.15596406866829554,0.04401393187165445,0.4454767726161369,0.13591581263214722,0.8046935201401052,0.06324041251469106,25.0,0.0,0.0907732408084089,0.026192369551674848,0.5545232273838631,0.13591581263214722
MLP,PGD_eps0.3_it10,PGD,0.15226715686274503,0.01766098902124061,0.8470588235294118,0.01775428260713136,,,0.3,0.0,0.09217939437105502,0.019111537422953028,0.6552567237163814,0.07833505791491831,0.8753064798598948,0.023594034300013104,10.0,0.0,0.05320849935210452,0.010873656410400154,0.34474327628361856,0.07833505791491832
MLP,PGD_eps0.3_it25,PGD,0.15226715686274503,0.01733917058435176,0.8470588235294118,0.017436878114431714,,,0.3,0.0,0.09217167121580576,0.018651524326467453,0.6552567237163813,0.0769491686154338,0.8753064798598948,0.02387317159277676,25.0,0.0,0.053203605587220856,0.010600703774973037,0.34474327628361856,0.07694916861543384
MLP,PGD_eps0.5_it10,PGD,0.14375,0.017046266877553694,0.8561274509803921,0.017204121275300518,,,0.5,0.0,0.0815954735115857,0.012769445792454722,0.6953545232273839,0.05566308807125965,0.8792994746059545,0.02571104753024558,10.0,0.0,0.04711233543374862,0.007187030334217978,0.3046454767726161,0.0556630880712596
MLP,PGD_eps0.5_it25,PGD,0.1438112745098039,0.017086416560740832,0.8560661764705882,0.01724335908266898,,,0.5,0.0,0.08172535487091702,0.012615669761024106,0.6948655256723717,0.05509095154646276,0.8792994746059545,0.02571104753024558,25.0,0.0,0.04718720382060272,0.007098257686083132,0.30513447432762836,0.05509095154646269
MLP,PGD_eps0.75_it10,PGD,0.1430759803921568,0.01734052388547259,0.8568627450980392,0.017422068350634666,,,0.75,0.0,0.0807932168063395,0.013424523793998371,0.6982885085574572,0.05813212312463852,0.8796497373029772,0.026215472338033053,10.0,0.0,0.04664792710100578,0.007564691938743305,0.3017114914425428,0.05813212312463848
MLP,PGD_eps0.75_it25,PGD,0.1430759803921568,0.01734052388547259,0.8568627450980392,0.017422068350634666,,,0.75,0.0,0.0807932168063395,0.013424523793998371,0.6982885085574572,0.05813212312463852,0.8796497373029772,0.026215472338033053,25.0,0.0,0.04664792710100578,0.007564691938743305,0.3017114914425428,0.05813212312463848
RF,CW_c0.0_it10,CW,0.8604166666666666,0.015511348973171621,0.09816176470588231,0.013975424859373675,0.0,0.0,,,0.12060118004241127,0.1043552379136589,0.921760391198044,0.0727563619382225,0.02753064798598944,0.01090211986127388,10.0,0.0,0.2849194211086038,0.19947747886320047,0.07823960880195596,0.07275636193822252
RF,CW_c0.5_it10,CW,0.8638480392156863,0.01599693100537519,0.09724264705882349,0.014423282941356341,0.5,0.0,,,0.08576421528642578,0.10653912404028273,0.9476772616136919,0.06748343429870107,0.01989492119089312,0.011907386321900717,10.0,0.0,0.28615216201423094,0.2811930996639054,0.05232273838630802,0.06748343429870107
RF,FGSM_eps0.15,FGSM,0.8651960784313726,0.013296356847504718,0.09577205882352938,0.012718335991063597,,,0.15,0.0,0.11862565149463063,0.16309787070079987,0.9163814180929094,0.12615283987771356,0.022837127845884358,0.006063693749738786,1.0,0.0,0.24294802297010093,0.2145050791691765,0.08361858190709041,0.12615283987771359
RF,FGSM_eps0.3,FGSM,0.8276960784313726,0.005453087122864489,0.13351715686274507,0.008494313597342843,,,0.3,0.0,0.06339837701752189,0.07048668272116013,0.9496332518337407,0.061771637505028176,0.06094570928196141,0.01136870918887389,1.0,0.0,0.08937170351013865,0.07998462896971156,0.05036674816625912,0.06177163750502822
RF,FGSM_eps0.5,FGSM,0.5268995098039215,0.21095551002115417,0.4306985294117647,0.2094647854737544,,,0.5,0.0,0.065479901945573,0.014806679852554053,0.8616136919315404,0.08021274192109064,0.41744308231173377,0.2515168359055943,1.0,0.0,0.04832283053501218,0.009976490809461468,0.13838630806845958,0.08021274192109057
RF,FGSM_eps0.75,FGSM,0.20140931372549015,0.061995830911354625,0.7542279411764706,0.06023879575836104,,,0.75,0.0,0.07709404186993121,0.010356927021653629,0.7354523227383863,0.023667178562992806,0.8076357267950962,0.06955929680498599,1.0,0.0,0.04515911401157532,0.006539277955442685,0.26454767726161366,0.023667178562992806
RF,PGD_eps0.15_it10,PGD,0.8688725490196078,0.012416595667377095,0.09227941176470582,0.01291388459732849,,,0.15,0.0,0.1536297199925046,0.13760307409897996,0.8982885085574572,0.09956535403771197,0.02122591943957964,0.0036282211313705304,10.0,0.0,0.34030699136836506,0.20970289130453693,0.10171149144254274,0.09956535403771195
RF,PGD_eps0.15_it25,PGD,0.8702818627450981,0.012567997961508306,0.0908088235294117,0.012988534045543757,,,0.15,0.0,0.1567962586221828,0.13976907955589193,0.8968215158924207,0.10045895124247942,0.01982486865148856,0.003761045098576837,25.0,0.0,0.3563138594331255,0.21413659345970845,0.10317848410757942,0.10045895124247942
RF,PGD_eps0.3_it10,PGD,0.8349264705882353,0.019312895389372316,0.12634803921568621,0.019021763383513565,,,0.3,0.0,0.06621561460302791,0.06449548435891284,0.9545232273838631,0.0444692128875879,0.05197898423817861,0.017174662664412674,10.0,0.0,0.1264023273697438,0.12363350300816427,0.04547677261613684,0.0444692128875879
RF,PGD_eps0.3_it25,PGD,0.8348651960784312,0.017890687892961298,0.12616421568627448,0.01748391663233444,,,0.3,0.0,0.06430329431598912,0.062296461655503614,0.9555012224938876,0.04378508246101186,0.051908931698774044,0.016103325114825637,25.0,0.0,0.12105684568941803,0.1147953185939486,0.0444987775061124,0.043785082461011884
RF,PGD_eps0.5_it10,PGD,0.6573529411764706,0.12200776613936488,0.30030637254901954,0.12272608990700772,,,0.5,0.0,0.06079624176721808,0.036633556492785095,0.9031784841075794,0.07533181521465072,0.26234676007005253,0.14659550479048133,10.0,0.0,0.048571217561757765,0.02301032231129425,0.09682151589242048,0.0753318152146508
RF,PGD_eps0.5_it25,PGD,0.6414215686274509,0.1323675852578509,0.3162990196078431,0.13301343369911936,,,0.5,0.0,0.05937165289758471,0.030472876875473162,0.9026894865525673,0.06894692120103495,0.280630472854641,0.15829014201686561,25.0,0.0,0.04696537108662172,0.018821330316199487,0.09731051344743272,0.06894692120103496
RF,PGD_eps0.75_it10,PGD,0.356985294117647,0.14707245009375866,0.5998774509803921,0.1466527980964511,,,0.75,0.0,0.06750688926884534,0.013301081098295484,0.8112469437652813,0.06765595294655063,0.6189141856392294,0.17650338209798092,10.0,0.0,0.0416001295666963,0.00766657480980979,0.18875305623471877,0.06765595294655065
RF,PGD_eps0.75_it25,PGD,0.28602941176470587,0.07058999053169035,0.6713235294117647,0.07065704250015224,,,0.75,0.0,0.07232760694890393,0.010728353664826188,0.7779951100244499,0.03669111292382209,0.7047985989492119,0.08314678703058469,25.0,0.0,0.04326714180211566,0.006540711243465691,0.22200488997555007,0.036691112923822135
SVM,CW_c0.0_it10,CW,0.2529411764705882,0.06283274494135704,0.6664215686274509,0.0725622540053636,0.0,0.0,,,0.061743096594387724,0.012092757581803223,0.8009779951100244,0.055123495185146046,0.7393345008756567,0.07923891358613784,10.0,0.0,0.03659513572293776,0.00658994902661177,0.1990220048899755,0.05512349518514606
SVM,CW_c0.5_it10,CW,0.16844362745098035,0.034406878546043636,0.7623161764705882,0.041854571973886714,0.5,0.0,,,0.07581855864229504,0.011609676360109013,0.726161369193154,0.05409449117319706,0.8466549912434326,0.046069465480151665,10.0,0.0,0.04401750640469322,0.0064226092179819885,0.27383863080684595,0.05409449117319704
SVM,FGSM_eps0.15,FGSM,0.15110294117647055,0.00989066253846661,0.7832107843137255,0.014897079691931256,,,0.15,0.0,0.09712727207573066,0.02593677638110311,0.6322738386308069,0.1138114890471335,0.8799299474605954,0.026299341131667365,1.0,0.0,0.05596606084276488,0.01458922207363081,0.36772616136919317,0.11381148904713348
SVM,FGSM_eps0.3,FGSM,0.14362745098039212,0.015585000223100953,0.7910539215686274,0.018915868922099437,,,0.3,0.0,0.08283601654277606,0.014739021622077257,0.6899755501222493,0.06428039794681659,0.8802101576182138,0.0255631785301543,1.0,0.0,0.04781143435736102,0.008294918418865286,0.31002444987775063,0.06428039794681656
SVM,FGSM_eps0.5,FGSM,0.14338235294117643,0.01565051022106752,0.7914215686274509,0.018953544048216878,,,0.5,0.0,0.08234912995245583,0.014410923503068286,0.6919315403422983,0.0627652696967894,0.8802101576182138,0.025319656729802836,1.0,0.0,0.04753339806418222,0.008112514214062361,0.30806845965770174,0.06276526969678942
SVM,FGSM_eps0.75,FGSM,0.14313725490196078,0.016520555570795525,0.7918504901960783,0.019714781913911978,,,0.75,0.0,0.08152832544950091,0.013271782008619162,0.6953545232273839,0.05769342280196629,0.8800000000000001,0.025382085473887525,1.0,0.0,0.04706760766525594,0.007474006924219299,0.30464547677261616,0.05769342280196627
SVM,PGD_eps0.15_it10,PGD,0.15202205882352934,0.008499836917776516,0.7822916666666667,0.014003940344765067,,,0.15,0.0,0.0996115402216771,0.03035506536431633,0.6215158924205378,0.13251969071566944,0.8804203152364274,0.026306570742426313,10.0,0.0,0.05736798658659605,0.01709316207815175,0.37848410757946216,0.13251969071566946
SVM,PGD_eps0.15_it25,PGD,0.1518382352941176,0.00840600521551104,0.7824754901960784,0.013852986384235778,,,0.15,0.0,0.09914111657302298,0.02991488426378148,0.6234718826405868,0.13046936791643776,0.8803502626970229,0.02630307279180308,25.0,0.0,0.05710068031837926,0.01684726638625847,0.37652811735941316,0.13046936791643773
SVM,PGD_eps0.3_it10,PGD,0.1426470588235294,0.016343762301761204,0.7919730392156863,0.019551514141712002,,,0.3,0.0,0.0818252161504736,0.013501030408278226,0.6938875305623472,0.05909591594721143,0.8807705779334501,0.025742044529185784,10.0,0.0,0.0472307608775691,0.007592712109262492,0.3061124694376528,0.05909591594721141
SVM,PGD_eps0.3_it25,PGD,0.14258578431372546,0.01604087789594528,0.7920343137254902,0.019301956887742524,,,0.3,0.0,0.08204567463151098,0.013801721093023968,0.6929095354523227,0.06052517729786135,0.8809807355516638,0.025754909239016594,25.0,0.0,0.04735450380592928,0.007758791431615057,0.30709046454767724,0.06052517729786131
SVM,PGD_eps0.5_it10,PGD,0.14234068627450974,0.016141501679242134,0.7925245098039215,0.019527975744387728,,,0.5,0.0,0.08168840998709925,0.013510392432247961,0.6943765281173594,0.05878149281257366,0.8810507880910683,0.02523787961708858,10.0,0.0,0.04715095307461556,0.00760619318559804,0.3056234718826406,0.05878149281257363
SVM,PGD_eps0.5_it25,PGD,0.14227941176470585,0.01612841244005154,0.7926470588235294,0.01950152125211456,,,0.5,0.0,0.08179801147495973,0.013640918193787367,0.6938875305623472,0.05934826962718349,0.8811908931698774,0.025317718494159563,25.0,0.0,0.0472123846995196,0.007679415901371432,0.3061124694376528,0.059348269627183446
SVM,PGD_eps0.75_it10,PGD,0.14203431372549016,0.016169099720748467,0.792953431372549,0.019469005246107788,,,0.75,0.0,0.08165434266330451,0.013443578506095288,0.6943765281173594,0.05878149281257366,0.8814010507880911,0.02550504155665975,10.0,0.0,0.04712839209701866,0.007561045108857856,0.3056234718826406,0.05878149281257363
SVM,PGD_eps0.75_it25,PGD,0.14197303921568624,0.016284788955685574,0.7930759803921569,0.01957142758169532,,,0.75,0.0,0.08176567426290356,0.013587583119249602,0.6938875305623472,0.05934826962718349,0.8815411558669002,0.025645114308409694,25.0,0.0,0.04719098719695504,0.007643629861369395,0.3061124694376528,0.059348269627183446
