model,defense_attack,eval_attack,family,accuracy_mean,accuracy_std,adv_train_s_mean,adv_train_s_std,confidence_mean,confidence_std,epsilon_mean,epsilon_std,f1_mean,f1_std,fnr_mean,fnr_std,fpr_mean,fpr_std,iters_mean,iters_std,precision_mean,precision_std,ratio_mean,ratio_std,recall_mean,recall_std,retrain_s_mean,retrain_s_std
LR,FGSM,CW_c0.0_it10,CW,0.9012356871526613,0.02493431253195667,,,0.0,0.0,,,0.8887006548313192,0.028827601906548327,0.13183110351271293,0.04777845169996603,0.07104166666666663,0.024735733199434007,10.0,0.0,0.9116969500727107,0.02729527265977602,0.4,0.10540925533894598,0.8681688964872871,0.04777845169996604,0.7118978023529052,0.3564947536006187
LR,FGSM,CW_c0.5_it10,CW,0.8989710162008286,0.025988850795018302,,,0.5,0.0,,,0.8864206325430691,0.02978822976462118,0.13235393515297295,0.047607700662986724,0.07476666666666663,0.026638169959016193,10.0,0.0,0.9074738969375851,0.029461426895986475,0.4,0.10540925533894598,0.867646064847027,0.0476077006629867,0.7118978023529052,0.3564947536006187
LR,FGSM,Clean,Clean,0.9291261343753117,0.02578012953233642,,,,,0.0,0.0,0.9180867376999864,0.030510143880566706,0.12094904876448717,0.05337823031814408,0.02889166666666663,0.009750850706793372,0.0,0.0,0.9622119081543543,0.012728342665792208,0.4,0.10540925533894598,0.8790509512355129,0.05337823031814415,0.7118978023529052,0.3564947536006187
LR,FGSM,FGSM_eps0.15,FGSM,0.8524709210084949,0.03582278828205157,,,,,0.15,0.0,0.835756713118568,0.03938702867644535,0.17838101107289822,0.043596652380920586,0.1216633333333333,0.05310384294759156,1.0,0.0,0.8527353414190111,0.05642404771107465,0.4,0.10540925533894598,0.8216189889271017,0.0435966523809206,0.7118978023529052,0.3564947536006187
LR,FGSM,FGSM_eps0.3,FGSM,0.7499170466805073,0.10700924597241647,,,,,0.3,0.0,0.7150306593865586,0.14649989969962532,0.2850903524640677,0.17753490224666985,0.2207333333333333,0.08101556320535878,1.0,0.0,0.7236905419368901,0.11630915708326953,0.4,0.10540925533894598,0.7149096475359322,0.1775349022466699,0.7118978023529052,0.3564947536006187
LR,FGSM,FGSM_eps0.5,FGSM,0.6525144375039663,0.13861452686285644,,,,,0.5,0.0,0.5905499862819419,0.19107242184098633,0.42675387153847677,0.20995987073293373,0.2810283333333333,0.10094802172160769,1.0,0.0,0.6159040874016828,0.17678906233665667,0.4,0.10540925533894598,0.5732461284615231,0.20995987073293373,0.7118978023529052,0.3564947536006187
LR,FGSM,FGSM_eps0.75,FGSM,0.5548516359482516,0.144061636111119,,,,,0.75,0.0,0.47353004935091764,0.19525087569019917,0.542653519670795,0.2126758696752354,0.3634016666666667,0.1328220945219954,1.0,0.0,0.5020410897478829,0.18825756563390342,0.4,0.10540925533894598,0.457346480329205,0.2126758696752354,0.7118978023529052,0.3564947536006187
LR,FGSM,PGD_eps0.15_it10,PGD,0.8511282558044659,0.0355099373516513,,,,,0.15,0.0,0.8397816206412327,0.032373955240131924,0.15057153648887736,0.007668769315073699,0.14744666666666664,0.06101640530258549,10.0,0.0,0.8318834587959933,0.057371415602304986,0.4,0.10540925533894598,0.8494284635111227,0.007668769315073692,0.7118978023529052,0.3564947536006187
LR,FGSM,PGD_eps0.15_it25,PGD,0.8599385329501464,0.04622358353069931,,,,,0.15,0.0,0.8497510876816061,0.04287076366841424,0.13909905969822872,0.03552376711986619,0.1408683333333333,0.07460580582197124,25.0,0.0,0.8414052830059363,0.06691264431006279,0.4,0.10540925533894598,0.8609009403017712,0.03552376711986621,0.7118978023529052,0.3564947536006187
LR,FGSM,PGD_eps0.3_it10,PGD,0.7864845017814565,0.07771563574379355,,,,,0.3,0.0,0.778047422220829,0.07826640538840746,0.18489155716358863,0.0790519827830041,0.2375133333333333,0.10375501112396132,10.0,0.0,0.7478483438598855,0.09426139704164982,0.4,0.10540925533894598,0.8151084428364113,0.07905198278300411,0.7118978023529052,0.3564947536006187
LR,FGSM,PGD_eps0.3_it25,PGD,0.7901009038738747,0.07980288973141411,,,,,0.3,0.0,0.7814274545764824,0.07925454234056445,0.1855992684332942,0.07155668362391937,0.23027166666666665,0.10713497488025371,25.0,0.0,0.7543558935133856,0.10010342046926257,0.4,0.10540925533894598,0.8144007315667057,0.07155668362391936,0.7118978023529052,0.3564947536006187
LR,FGSM,PGD_eps0.5_it10,PGD,0.7471927327452563,0.0930176745769866,,,,,0.5,0.0,0.7420897935513968,0.09190453174740706,0.20946862016181936,0.08975385019787493,0.28914166666666663,0.11970216517993909,10.0,0.0,0.7026583889435114,0.10722601064799418,0.4,0.10540925533894598,0.7905313798381807,0.08975385019787491,0.7118978023529052,0.3564947536006187
LR,FGSM,PGD_eps0.5_it25,PGD,0.6975911806569177,0.08436390042388113,,,,,0.5,0.0,0.6794443681742688,0.0864189345274953,0.286533606345546,0.15338866445537855,0.3157183333333333,0.17099854314049825,25.0,0.0,0.678046184851387,0.12027840333744151,0.4,0.10540925533894598,0.7134663936544541,0.1533886644553785,0.7118978023529052,0.3564947536006187
LR,FGSM,PGD_eps0.75_it10,PGD,0.6373824827973854,0.12902010766590305,,,,,0.75,0.0,0.6274449776614865,0.12393283298017255,0.32730652247380865,0.17449459926841018,0.39222166666666664,0.21787662284160778,10.0,0.0,0.6104399306045722,0.14496565563983382,0.4,0.10540925533894598,0.6726934775261914,0.1744945992684102,0.7118978023529052,0.3564947536006187
LR,FGSM,PGD_eps0.75_it25,PGD,0.6172216530828718,0.11995055202842159,,,,,0.75,0.0,0.5888723383456843,0.1292326267375121,0.3812019163866966,0.2007292073925286,0.3841,0.2104088952726965,25.0,0.0,0.5979845816613628,0.1442105178024808,0.4,0.10540925533894598,0.6187980836133034,0.2007292073925286,0.7118978023529052,0.3564947536006187
LR,PGD,CW_c0.0_it10,CW,0.8886775518344923,0.03271891320097334,,,0.0,0.0,,,0.876552625464748,0.034347504397511316,0.13616285311015244,0.03812912888158201,0.09049666666666663,0.050568475638435674,10.0,0.0,0.8916727562614003,0.05329352208226773,0.4,0.10540925533894598,0.8638371468898475,0.038129128881581986,0.9981831073760986,0.7131491048511213
LR,PGD,CW_c0.5_it10,CW,0.8856912323327562,0.034003626504176016,,,0.5,0.0,,,0.8736506547274285,0.035637524482728805,0.1364530942488519,0.03777944511042382,0.0957433333333333,0.05135996074668706,10.0,0.0,0.8858931779419589,0.05416473458292519,0.4,0.10540925533894598,0.863546905751148,0.03777944511042377,0.9981831073760986,0.7131491048511213
LR,PGD,Clean,Clean,0.9267599249340452,0.022193513998980438,,,,,0.0,0.0,0.9154528304940938,0.026369790569443823,0.12494881021012658,0.045644546809642014,0.0298883333333333,0.011441348151807302,0.0,0.0,0.9609219622303137,0.014670188534458986,0.4,0.10540925533894598,0.8750511897898733,0.04564454680964197,0.9981831073760986,0.7131491048511213
LR,PGD,FGSM_eps0.15,FGSM,0.8187365710814756,0.06997752336690785,,,,,0.15,0.0,0.7983537971970402,0.07759595140472982,0.21347832137248274,0.08476060901099859,0.15425499999999995,0.0834157352040347,1.0,0.0,0.8148913094608705,0.09107495045081039,0.4,0.10540925533894598,0.7865216786275172,0.08476060901099858,0.9981831073760986,0.7131491048511213
LR,PGD,FGSM_eps0.3,FGSM,0.691765409825662,0.14088136324413272,,,,,0.3,0.0,0.6215295938786353,0.2040411148620095,0.4066516907540306,0.23160520264698464,0.22572333333333333,0.09672619086886448,1.0,0.0,0.6680316233639552,0.16296719732764334,0.4,0.10540925533894598,0.5933483092459694,0.23160520264698461,0.9981831073760986,0.7131491048511213
LR,PGD,FGSM_eps0.5,FGSM,0.6108383271533866,0.19402091950779546,,,,,0.5,0.0,0.5293104819994585,0.26513350162169835,0.4792656501600302,0.2886742394017552,0.31361999999999995,0.15600603735547552,1.0,0.0,0.5521633589541232,0.23846243951188614,0.4,0.10540925533894598,0.5207343498399697,0.28867423940175513,0.9981831073760986,0.7131491048511213
LR,PGD,FGSM_eps0.75,FGSM,0.5151972294497883,0.1905840136304301,,,,,0.75,0.0,0.4328828087903417,0.2422531124747027,0.5696876925829473,0.25746365639946156,0.41363666666666665,0.20502799866010474,1.0,0.0,0.44930719479880776,0.2307557386945751,0.4,0.10540925533894598,0.4303123074170527,0.2574636563994615,0.9981831073760986,0.7131491048511213
LR,PGD,PGD_eps0.15_it10,PGD,0.7953518943274436,0.08234266616397985,,,,,0.15,0.0,0.776961897008685,0.09644988018852955,0.2133968152992863,0.1096642972089305,0.1973133333333333,0.08815578130660391,10.0,0.0,0.7714491464587513,0.09611639789916154,0.4,0.10540925533894598,0.7866031847007137,0.10966429720893046,0.9981831073760986,0.7131491048511213
LR,PGD,PGD_eps0.15_it25,PGD,0.7991088184364885,0.08372982669849637,,,,,0.15,0.0,0.7819235625401653,0.09653985925578726,0.20768542631652184,0.10607437143084739,0.19519499999999995,0.09431563636187629,25.0,0.0,0.7759593065158449,0.10225661923358832,0.4,0.10540925533894598,0.7923145736834781,0.10607437143084741,0.9981831073760986,0.7131491048511213
LR,PGD,PGD_eps0.3_it10,PGD,0.7361658341114928,0.11994130468807739,,,,,0.3,0.0,0.7165952879779449,0.15295949753846969,0.2510784645050991,0.17377863770496577,0.2745283333333333,0.119722232031451,10.0,0.0,0.6939492021004996,0.1462274231922229,0.4,0.10540925533894598,0.7489215354949008,0.1737786377049658,0.9981831073760986,0.7131491048511213
LR,PGD,PGD_eps0.3_it25,PGD,0.7379291587717469,0.1115362028912323,,,,,0.3,0.0,0.7191400525000851,0.13297878984618736,0.2534500924398147,0.15591337580693027,0.2692983333333333,0.11748893708098541,25.0,0.0,0.700678902250691,0.12966721214185814,0.4,0.10540925533894598,0.7465499075601854,0.15591337580693027,0.9981831073760986,0.7131491048511213
LR,PGD,PGD_eps0.5_it10,PGD,0.6427286655847981,0.1930729515074768,,,,,0.5,0.0,0.6411512015449174,0.2088424117248465,0.2930580681072699,0.22467933061977055,0.4111066666666667,0.2497651801143043,10.0,0.0,0.5983160855088862,0.20930402582715987,0.4,0.10540925533894598,0.70694193189273,0.22467933061977058,0.9981831073760986,0.7131491048511213
LR,PGD,PGD_eps0.5_it25,PGD,0.613860910401349,0.21549993051820038,,,,,0.5,0.0,0.6032000802110759,0.23127416382413585,0.34432538814782415,0.2580889269447454,0.421195,0.26149022513775266,25.0,0.0,0.5724955827630946,0.2274545419015578,0.4,0.10540925533894598,0.6556746118521758,0.2580889269447454,0.9981831073760986,0.7131491048511213
LR,PGD,PGD_eps0.75_it10,PGD,0.5858226884128265,0.2130231306720831,,,,,0.75,0.0,0.581862784531323,0.2456449542621818,0.34204123014531934,0.2764413589883003,0.474655,0.27524188397561233,10.0,0.0,0.5353332240452822,0.23997457254712698,0.4,0.10540925533894598,0.6579587698546806,0.2764413589883003,0.9981831073760986,0.7131491048511213
LR,PGD,PGD_eps0.75_it25,PGD,0.5693906784040326,0.2417853554979216,,,,,0.75,0.0,0.5638827449307222,0.26889645709193694,0.3624217243504363,0.3123985531298688,0.4877766666666667,0.2751718475632237,25.0,0.0,0.5181978483187403,0.25303434470355546,0.4,0.10540925533894598,0.6375782756495637,0.31239855312986886,0.9981831073760986,0.7131491048511213
MLP,FGSM,CW_c0.0_it10,CW,0.9807575496586673,0.012624538102108595,134.8796347618103,4.4950987298097616,0.0,0.0,,,0.9792476297704393,0.013376312986845976,0.01159374192394087,0.003932919385986675,0.025654999999999976,0.022117679161283658,10.0,0.0,0.9705244195264886,0.02480929252048796,0.4,0.10540925533894598,0.9884062580760592,0.003932919385986677,,
MLP,FGSM,CW_c0.5_it10,CW,0.9801174945377733,0.011787987237290487,134.8796347618103,4.4950987298097616,0.5,0.0,,,0.9785483019458505,0.012504890059508854,0.01166928413812294,0.0032923019950246474,0.0267683333333333,0.02068740663326067,10.0,0.0,0.9691911664867788,0.02327407897005783,0.4,0.10540925533894598,0.988330715861877,0.0032923019950246613,,
MLP,FGSM,Clean,Clean,0.9961959330208607,0.0006406481128694484,134.8796347618103,4.4950987298097616,,,0.0,0.0,0.9958248766826502,0.0007055090929347094,0.00513488261137501,0.001518267791132524,0.0026883333333333,0.0006861077372836519,0.0,0.0,0.9967882830335609,0.000814671534645573,0.4,0.10540925533894598,0.9948651173886249,0.001518267791132527,,
MLP,FGSM,FGSM_eps0.15,FGSM,0.9227355556965812,0.029350599378000726,134.8796347618103,4.4950987298097616,,,0.15,0.0,0.9121016286723578,0.03372841785893793,0.11652187742281768,0.052037340752098954,0.044351666666666616,0.0312823979713753,1.0,0.0,0.944769997352687,0.037907643340211176,0.4,0.10540925533894598,0.8834781225771822,0.0520373407520989,,
MLP,FGSM,FGSM_eps0.3,FGSM,0.8747558996582143,0.03789308503174466,134.8796347618103,4.4950987298097616,,,0.3,0.0,0.8565775255227299,0.04264533306533986,0.17710673319682718,0.06640189314569231,0.0817633333333333,0.05537147881957522,1.0,0.0,0.8982138894536119,0.05793120866452107,0.4,0.10540925533894598,0.8228932668031728,0.0664018931456923,,
MLP,FGSM,FGSM_eps0.5,FGSM,0.7582323236901989,0.09669154363934393,134.8796347618103,4.4950987298097616,,,0.5,0.0,0.7167426964115198,0.10631327329813893,0.3301174880225831,0.11045533676427977,0.16769666666666663,0.11580553458063295,1.0,0.0,0.7788702577492882,0.12532067935623437,0.4,0.10540925533894598,0.6698825119774169,0.11045533676427974,,
MLP,FGSM,FGSM_eps0.75,FGSM,0.6223556929548607,0.11967876915631104,134.8796347618103,4.4950987298097616,,,0.75,0.0,0.542787334055194,0.13755857629411114,0.49902590302765243,0.1604861072392758,0.27587999999999996,0.16199997005029446,1.0,0.0,0.6162150970534167,0.13888200667293213,0.4,0.10540925533894598,0.5009740969723475,0.1604861072392758,,
MLP,FGSM,PGD_eps0.15_it10,PGD,0.9164646473803977,0.03318976316504389,134.8796347618103,4.4950987298097616,,,0.15,0.0,0.9071277198688348,0.03629838753485054,0.10713078742818516,0.044951751123686406,0.06375333333333329,0.04728501302516604,10.0,0.0,0.9240728897348898,0.05332185951635425,0.4,0.10540925533894598,0.8928692125718148,0.044951751123686434,,
MLP,FGSM,PGD_eps0.15_it25,PGD,0.9390152579712246,0.025902802771390655,134.8796347618103,4.4950987298097616,,,0.15,0.0,0.9321343072962044,0.029835391730205826,0.0762658290758006,0.054123330892882474,0.048173333333333325,0.03547845651297714,25.0,0.0,0.9433756016987115,0.03845966622676496,0.4,0.10540925533894598,0.9237341709241994,0.05412333089288248,,
MLP,FGSM,PGD_eps0.3_it10,PGD,0.8661967489551508,0.04050682490371568,134.8796347618103,4.4950987298097616,,,0.3,0.0,0.8484912459310902,0.046108429060853426,0.17644872075224136,0.06787355586237523,0.09804999999999997,0.06494468729162844,10.0,0.0,0.8815469130987348,0.06709700032552422,0.4,0.10540925533894598,0.8235512792477586,0.06787355586237524,,
MLP,FGSM,PGD_eps0.3_it25,PGD,0.8747232622866106,0.037281143318173886,134.8796347618103,4.4950987298097616,,,0.3,0.0,0.8593394756310699,0.043237005565201436,0.15553744309484524,0.07764341931364445,0.09990666666666663,0.06000663142365861,25.0,0.0,0.8811873470130898,0.05725094954606666,0.4,0.10540925533894598,0.8444625569051547,0.07764341931364445,,
MLP,FGSM,PGD_eps0.5_it10,PGD,0.8079245351441031,0.07608216820377021,134.8796347618103,4.4950987298097616,,,0.5,0.0,0.7870947011384793,0.08020019525945186,0.22397670119078383,0.09489782357103695,0.16532999999999998,0.10664241327277799,10.0,0.0,0.8078880213757669,0.11029141064367713,0.4,0.10540925533894598,0.7760232988092162,0.09489782357103695,,
MLP,FGSM,PGD_eps0.5_it25,PGD,0.7930944761248561,0.08557142179840309,134.8796347618103,4.4950987298097616,,,0.5,0.0,0.762431406462276,0.09886738783089614,0.2683736556467805,0.11438156086269154,0.15537166666666663,0.09694127790116608,25.0,0.0,0.8041355957254354,0.11450151450490184,0.4,0.10540925533894598,0.7316263443532195,0.11438156086269154,,
MLP,FGSM,PGD_eps0.75_it10,PGD,0.7210991541481192,0.12416249881131752,134.8796347618103,4.4950987298097616,,,0.75,0.0,0.6894111556565448,0.13111518423059207,0.3263085700654036,0.13486615512397923,0.23915499999999995,0.15661618100066982,10.0,0.0,0.7182239187674833,0.16316882568905833,0.4,0.10540925533894598,0.6736914299345964,0.13486615512397923,,
MLP,FGSM,PGD_eps0.75_it25,PGD,0.7229059953038448,0.12957267169691558,134.8796347618103,4.4950987298097616,,,0.75,0.0,0.6725330910518514,0.16501914878948204,0.3605152774188418,0.18371512833750617,0.20715499999999998,0.12642226495819675,25.0,0.0,0.7238741300200316,0.17311976992024647,0.4,0.10540925533894598,0.6394847225811582,0.18371512833750617,,
MLP,PGD,CW_c0.0_it10,CW,0.986599639175725,0.006119156392237804,779.3527568101883,50.434500683676895,0.0,0.0,,,0.985246377317984,0.006788284320583079,0.018104288014631282,0.009159917818857204,0.00945666666666664,0.004960412418138707,10.0,0.0,0.9886460960138782,0.005967958413174726,0.4,0.10540925533894598,0.9818957119853687,0.009159917818857182,,
MLP,PGD,CW_c0.5_it10,CW,0.9862850511772118,0.006186394169102299,779.3527568101883,50.434500683676895,0.5,0.0,,,0.9849049163569544,0.0068606320998828045,0.01814802298073668,0.009215369333405736,0.0099983333333333,0.005060159381181879,10.0,0.0,0.9880033183766118,0.006069516910524838,0.4,0.10540925533894598,0.9818519770192633,0.009215369333405703,,
MLP,PGD,Clean,Clean,0.9908107667062545,0.00215405923373746,779.3527568101883,50.434500683676895,,,0.0,0.0,0.9899232537504818,0.0023413539660973957,0.01067331968272266,0.0008650806673951614,0.00794499999999997,0.0037236982977069677,0.0,0.0,0.9905288800291132,0.004404078746494966,0.4,0.10540925533894598,0.9893266803172773,0.0008650806673951724,,
MLP,PGD,FGSM_eps0.15,FGSM,0.9855688421892423,0.0081521639980342,779.3527568101883,50.434500683676895,,,0.15,0.0,0.9841450550962344,0.009020720080676864,0.01658946782498055,0.0116470457010758,0.012621666666666632,0.005619663723958062,1.0,0.0,0.9848991206017004,0.006817714822906438,0.4,0.10540925533894598,0.9834105321750194,0.01164704570107581,,
MLP,PGD,FGSM_eps0.3,FGSM,0.9605985331314653,0.03187738698805935,779.3527568101883,50.434500683676895,,,0.3,0.0,0.9547048766749084,0.038011527664430694,0.06678925710196207,0.06518699217650198,0.01643999999999996,0.006356333479974271,1.0,0.0,0.9790964128513744,0.008928704377686492,0.4,0.10540925533894598,0.9332107428980378,0.06518699217650195,,
MLP,PGD,FGSM_eps0.5,FGSM,0.8292603102363489,0.04753089336429053,779.3527568101883,50.434500683676895,,,0.5,0.0,0.7800351776479121,0.07649002869189502,0.3167882631254597,0.11468206051502344,0.048294999999999984,0.017903036245009503,1.0,0.0,0.9231549068153576,0.02196438017178126,0.4,0.10540925533894598,0.6832117368745403,0.11468206051502342,,
MLP,PGD,FGSM_eps0.75,FGSM,0.6608233683580682,0.08142725149680871,779.3527568101883,50.434500683676895,,,0.75,0.0,0.5366526141699586,0.13131698494472618,0.5518935252370634,0.15478553146278534,0.16083833333333328,0.1291796966068279,1.0,0.0,0.7140810115262008,0.1271261886710294,0.4,0.10540925533894598,0.4481064747629365,0.15478553146278537,,
MLP,PGD,PGD_eps0.15_it10,PGD,0.9850801882088429,0.009039941547827172,779.3527568101883,50.434500683676895,,,0.15,0.0,0.983621748906333,0.00997859770397873,0.01653579309385121,0.012104389572697835,0.013564999999999971,0.007013441459876258,10.0,0.0,0.9837970228122754,0.008443378581342208,0.4,0.10540925533894598,0.9834642069061488,0.012104389572697822,,
MLP,PGD,PGD_eps0.15_it25,PGD,0.9855679355955868,0.008011976030823131,779.3527568101883,50.434500683676895,,,0.15,0.0,0.9841654446278945,0.008838971018592144,0.01573266007991566,0.010580053648864041,0.01334166666666664,0.0062369431516202745,25.0,0.0,0.9840749767344151,0.0075152946807547066,0.4,0.10540925533894598,0.9842673399200843,0.010580053648864036,,
MLP,PGD,PGD_eps0.3_it10,PGD,0.97084848100233,0.02978153129008017,779.3527568101883,50.434500683676895,,,0.3,0.0,0.9668029898619155,0.03511456165847519,0.045728882969206554,0.05745847182565396,0.01525333333333331,0.00769722893860728,10.0,0.0,0.9808751822706825,0.010833206260030736,0.4,0.10540925533894598,0.9542711170307934,0.05745847182565399,,
MLP,PGD,PGD_eps0.3_it25,PGD,0.975381449280618,0.023707920915890444,779.3527568101883,50.434500683676895,,,0.3,0.0,0.9723038285953176,0.027806693150374828,0.03576725046219903,0.04469256820625708,0.015271666666666638,0.00774132349835433,25.0,0.0,0.9812007757750981,0.010360788554641804,0.4,0.10540925533894598,0.9642327495378009,0.04469256820625714,,
MLP,PGD,PGD_eps0.5_it10,PGD,0.9019745609820223,0.042582264947398404,779.3527568101883,50.434500683676895,,,0.5,0.0,0.8833166920749322,0.06137077786170058,0.16250720632964233,0.09844512607545142,0.043964999999999956,0.016199377845849298,10.0,0.0,0.9414265961805375,0.019285302572169257,0.4,0.10540925533894598,0.8374927936703577,0.09844512607545142,,
MLP,PGD,PGD_eps0.5_it25,PGD,0.8854527982013181,0.035373580428473446,779.3527568101883,50.434500683676895,,,0.5,0.0,0.8640841646833257,0.046953655239866755,0.19388505655726296,0.06487253941066574,0.04803166666666664,0.018708345417796975,25.0,0.0,0.9330711043451713,0.027952479770436873,0.4,0.10540925533894598,0.806114943442737,0.06487253941066576,,
MLP,PGD,PGD_eps0.75_it10,PGD,0.8058638477647934,0.0518117458652344,779.3527568101883,50.434500683676895,,,0.75,0.0,0.7770374486408929,0.05573299663606315,0.25705226328449593,0.07798127679317601,0.1413883333333333,0.07695161540992838,10.0,0.0,0.8224555165452385,0.08285720137378166,0.4,0.10540925533894598,0.742947736715504,0.07798127679317599,,
MLP,PGD,PGD_eps0.75_it25,PGD,0.7610200991813458,0.079093263943879,779.3527568101883,50.434500683676895,,,0.75,0.0,0.7226176672487595,0.06591033028685817,0.3252012802417351,0.08297237557392079,0.1666933333333333,0.15322307211109068,25.0,0.0,0.7959470052062991,0.11526689346955882,0.4,0.10540925533894598,0.6747987197582649,0.08297237557392076,,
RF,FGSM,CW_c0.0_it10,CW,0.8308985249721224,0.08453527292727003,,,0.0,0.0,,,0.7588075862153371,0.13636197593184807,0.36993618670854617,0.1851028208068451,0.00072499999999997,0.0009535265926878785,10.0,0.0,0.9984652143517934,0.0021885972992989784,0.4,0.10540925533894598,0.6300638132914538,0.1851028208068451,22.524834442138673,7.871586183670502
RF,FGSM,CW_c0.5_it10,CW,0.8314134701685358,0.08212426658753186,,,0.5,0.0,,,0.7604856816417097,0.13213974311875062,0.3688229330258633,0.17978810445808224,0.00071166666666663,0.000933863936476761,10.0,0.0,0.9984829255632575,0.0021664988851182766,0.4,0.10540925533894598,0.6311770669741368,0.17978810445808216,22.524834442138673,7.871586183670502
RF,FGSM,Clean,Clean,0.9997715383987742,3.519016195524342e-05,,,,,0.0,0.0,0.9997494807078171,3.859761503672808e-05,0.00039361469494856,7.829383529275887e-05,8.999999999999999e-05,8.606629658238706e-06,0.0,0.0,0.9998926200193429,1.0266019666123376e-05,0.4,0.10540925533894598,0.9996063853050513,7.829383529276325e-05,22.524834442138673,7.871586183670502
RF,FGSM,FGSM_eps0.15,FGSM,0.6813531816904346,0.05674480924468208,,,,,0.15,0.0,0.45126072836159903,0.15962706387477704,0.6969743355267082,0.12246484353225642,0.00146333333333329,0.003236889987337136,1.0,0.0,0.9889772022450474,0.02792738239685385,0.4,0.10540925533894598,0.3030256644732918,0.12246484353225642,22.524834442138673,7.871586183670502
RF,FGSM,FGSM_eps0.3,FGSM,0.7815399399835,0.05081172097119432,,,,,0.3,0.0,0.6792763210788333,0.09694964614801402,0.4775858298709818,0.11141418408349239,0.0012133333333333065,0.0017482230837674076,1.0,0.0,0.9971822192696088,0.004290042887810845,0.4,0.10540925533894598,0.5224141701290181,0.11141418408349242,22.524834442138673,7.871586183670502
RF,FGSM,FGSM_eps0.5,FGSM,0.5247527265804194,0.03790831072644543,,,,,0.5,0.0,0.04418520333346174,0.04802906815786856,0.9727869113174166,0.035803635736910235,0.05811833333333331,0.09720357740266836,1.0,0.0,0.41791170662512744,0.2504254173656045,0.4,0.10540925533894598,0.027213088682583507,0.03580363573691022,22.524834442138673,7.871586183670502
RF,FGSM,FGSM_eps0.75,FGSM,0.5313762998286538,0.03067806099908678,,,,,0.75,0.0,0.04212043948385651,0.048230992288894714,0.9768681788362523,0.02677202914394796,0.04251999999999997,0.051292992085050323,1.0,0.0,0.3571274269930829,0.23497006793950231,0.4,0.10540925533894598,0.02313182116374764,0.026772029143947964,22.524834442138673,7.871586183670502
RF,FGSM,PGD_eps0.15_it10,PGD,0.7157475317987725,0.08434389507342789,,,,,0.15,0.0,0.523383444414685,0.2104124885200257,0.6218873625827486,0.18355614883845406,0.00118499999999995,0.0024079658184276665,10.0,0.0,0.9915033163019789,0.01913072527229328,0.4,0.10540925533894598,0.37811263741725143,0.18355614883845406,22.524834442138673,7.871586183670502
RF,FGSM,PGD_eps0.15_it25,PGD,0.7259866005457694,0.07538715971439745,,,,,0.15,0.0,0.5537373674350784,0.17244116813736715,0.5993956622865435,0.16352096329523694,0.0012183333333333,0.0023325984292412554,25.0,0.0,0.9912355646862337,0.022906452501464183,0.4,0.10540925533894598,0.40060433771345644,0.16352096329523694,22.524834442138673,7.871586183670502
RF,FGSM,PGD_eps0.3_it10,PGD,0.7748746634271053,0.0629963326456527,,,,,0.3,0.0,0.6645144786161656,0.11085496768400266,0.4911754766117329,0.13644405593305112,0.0020733333333333034,0.0031353933338617414,10.0,0.0,0.9941939385428114,0.009336097688624404,0.4,0.10540925533894598,0.5088245233882671,0.1364440559330511,22.524834442138673,7.871586183670502
RF,FGSM,PGD_eps0.3_it25,PGD,0.7548851799135109,0.07391156252924938,,,,,0.3,0.0,0.6188822014351737,0.14997033335924911,0.5357175516370793,0.16030312338618802,0.0014783333333333,0.002998878905750937,25.0,0.0,0.9943521064980061,0.012785483639383694,0.4,0.10540925533894598,0.4642824483629207,0.160303123386188,22.524834442138673,7.871586183670502
RF,FGSM,PGD_eps0.5_it10,PGD,0.5313953382954226,0.03710355416040399,,,,,0.5,0.0,0.08407905757527892,0.07510057701511738,0.9508995487346679,0.050038040767539115,0.06425666666666666,0.058428281034883754,10.0,0.0,0.477300469014017,0.3070507027918536,0.4,0.10540925533894598,0.04910045126533205,0.050038040767539156,22.524834442138673,7.871586183670502
RF,FGSM,PGD_eps0.5_it25,PGD,0.5171754168064332,0.05855259797370987,,,,,0.5,0.0,0.0818054240317381,0.04680654947099099,0.9531061765699859,0.027929093574542627,0.08854833333333331,0.10149285733245553,25.0,0.0,0.4681939382210588,0.33994320228068425,0.4,0.10540925533894598,0.04689382343001407,0.02792909357454255,22.524834442138673,7.871586183670502
RF,FGSM,PGD_eps0.75_it10,PGD,0.5214436597372691,0.046565014996948505,,,,,0.75,0.0,0.06677609894672668,0.06355340931532599,0.9624336520684651,0.03657349239326958,0.07288166666666662,0.06832557970915866,10.0,0.0,0.36076425709246285,0.32840092424224493,0.4,0.10540925533894598,0.03756634793153486,0.03657349239326955,22.524834442138673,7.871586183670502
RF,FGSM,PGD_eps0.75_it25,PGD,0.5189876975240927,0.058150462350602776,,,,,0.75,0.0,0.07263403085548308,0.07892812626427316,0.9587837703516688,0.046140424976564516,0.08045666666666662,0.08345654676255701,25.0,0.0,0.3938749416545713,0.3404528752426432,0.4,0.10540925533894598,0.04121622964833107,0.04614042497656455,22.524834442138673,7.871586183670502
RF,PGD,CW_c0.0_it10,CW,0.8281696780685929,0.09261921736134694,,,0.0,0.0,,,0.7500137617776603,0.17002875406273782,0.37317456215335065,0.2026235801115046,0.0030266666666666432,0.004893925435970544,10.0,0.0,0.9935525308430938,0.009714747465012906,0.4,0.10540925533894598,0.6268254378466493,0.20262358011150464,23.28012082576752,8.31001595020829
RF,PGD,CW_c0.5_it10,CW,0.8192261316555307,0.08727955534717698,,,0.5,0.0,,,0.7374243227095575,0.16089439977485678,0.3919627060016301,0.1898301262749833,0.0037166666666666264,0.0054833023752362655,10.0,0.0,0.9907506484102766,0.014222341718212454,0.4,0.10540925533894598,0.6080372939983698,0.18983012627498327,23.28012082576752,8.31001595020829
RF,PGD,Clean,Clean,0.9997706318051186,2.9001551759586268e-05,,,,,0.0,0.0,0.9997484879467866,3.181191026653209e-05,0.00038963878893898,7.795660256103442e-05,9.499999999998e-05,1.9325030145448514e-05,0.0,0.0,0.9998866569908739,2.3048391252544557e-05,0.4,0.10540925533894598,0.999610361211061,7.795660256101775e-05,23.28012082576752,8.31001595020829
RF,PGD,FGSM_eps0.15,FGSM,0.7175471202052528,0.08428610087226238,,,,,0.15,0.0,0.5283580120772393,0.21344732086174942,0.6156511540067193,0.18469387115911404,0.0031049999999999602,0.0036524644986064185,1.0,0.0,0.9882890207294102,0.010693561772124341,0.4,0.10540925533894598,0.3843488459932807,0.18469387115911406,23.28012082576752,8.31001595020829
RF,PGD,FGSM_eps0.3,FGSM,0.7504800413406707,0.07286160168789041,,,,,0.3,0.0,0.6089748272441244,0.1599454620786649,0.5449655090153669,0.15910416726326795,0.0018233333333333,0.002654604664714861,1.0,0.0,0.9941311606479692,0.007271433172581313,0.4,0.10540925533894598,0.45503449098463306,0.15910416726326793,23.28012082576752,8.31001595020829
RF,PGD,FGSM_eps0.5,FGSM,0.49777068620073794,0.07676491533676241,,,,,0.5,0.0,0.02243709669960618,0.019291382798167302,0.9874619803987834,0.010647933763765617,0.0954183333333333,0.14071301488718793,1.0,0.0,0.292571116028276,0.26140259429490686,0.4,0.10540925533894598,0.01253801960121657,0.010647933763765612,23.28012082576752,8.31001595020829
RF,PGD,FGSM_eps0.75,FGSM,0.5141709654315839,0.05139874685455711,,,,,0.75,0.0,0.012797824993925339,0.006412229948051579,0.9930719837783035,0.0034581272806203035,0.06056499999999996,0.09505507709795813,1.0,0.0,0.280078848207205,0.21661066125870881,0.4,0.10540925533894598,0.00692801622169648,0.0034581272806203105,23.28012082576752,8.31001595020829
RF,PGD,PGD_eps0.15_it10,PGD,0.7371911915360416,0.0835377076081661,,,,,0.15,0.0,0.5753207715249384,0.1887612178328403,0.5731586585293125,0.1832053712694038,0.00261666666666664,0.003187388342270901,10.0,0.0,0.9909420759672122,0.009453562283391816,0.4,0.10540925533894598,0.4268413414706876,0.18320537126940378,23.28012082576752,8.31001595020829
RF,PGD,PGD_eps0.15_it25,PGD,0.7272177547301524,0.08412226726044905,,,,,0.15,0.0,0.5516447866984676,0.19934637265935204,0.5954674671490766,0.18444975006264583,0.002248333333333303,0.0032520976136778085,25.0,0.0,0.9920467674958484,0.009239717255248173,0.4,0.10540925533894598,0.4045325328509234,0.1844497500626458,23.28012082576752,8.31001595020829
RF,PGD,PGD_eps0.3_it10,PGD,0.7482752055701114,0.08458705155196924,,,,,0.3,0.0,0.6011043373798318,0.17916224416804208,0.547217859769795,0.18486665363044286,0.003988333333333304,0.005353544170471092,10.0,0.0,0.9852823865729894,0.029597517806131176,0.4,0.10540925533894598,0.4527821402302049,0.18486665363044288,23.28012082576752,8.31001595020829
RF,PGD,PGD_eps0.3_it25,PGD,0.7317797340054215,0.08524951813990388,,,,,0.3,0.0,0.5644685564835791,0.18658100770192806,0.584022821700495,0.18524946612725826,0.00345666666666663,0.00558991154770012,25.0,0.0,0.9829913263704096,0.04074206699553006,0.4,0.10540925533894598,0.4159771782995049,0.18524946612725826,23.28012082576752,8.31001595020829
RF,PGD,PGD_eps0.5_it10,PGD,0.49591851536222953,0.08363101501424687,,,,,0.5,0.0,0.05129831175002557,0.029650910018135527,0.970566367811065,0.01655612594906155,0.11298833333333332,0.15171795145337902,10.0,0.0,0.36460698270236097,0.2797068020453942,0.4,0.10540925533894598,0.02943363218893501,0.01655612594906159,23.28012082576752,8.31001595020829
RF,PGD,PGD_eps0.5_it25,PGD,0.49914236240174786,0.08069995866689161,,,,,0.5,0.0,0.055499733216787195,0.03112891497047198,0.9680794386020715,0.01738360311316452,0.10914666666666664,0.14675094081343953,25.0,0.0,0.3721376160872352,0.26914958227013214,0.4,0.10540925533894598,0.031920561397928496,0.017383603113164506,23.28012082576752,8.31001595020829
RF,PGD,PGD_eps0.75_it10,PGD,0.5031948360425373,0.0662606418825454,,,,,0.75,0.0,0.047251392509205584,0.026364338276662996,0.9733753454068346,0.014211468198574845,0.09725666666666663,0.11924228763527574,10.0,0.0,0.3054261729031645,0.23864440071858772,0.4,0.10540925533894598,0.026624654593165382,0.014211468198574845,23.28012082576752,8.31001595020829
RF,PGD,PGD_eps0.75_it25,PGD,0.5033407976210983,0.06895608743484741,,,,,0.75,0.0,0.04979053656129675,0.0423923173308739,0.9715881756555275,0.02421282473887272,0.09848666666666664,0.12288483386920343,25.0,0.0,0.3150617130091949,0.277499031160563,0.4,0.10540925533894598,0.02841182434447247,0.02421282473887275,23.28012082576752,8.31001595020829
SVM,FGSM,CW_c0.0_it10,CW,0.904289094584916,0.021953064566090162,,,0.0,0.0,,,0.8915559314916728,0.02597263870040415,0.13308351390573123,0.048191123815273434,0.06437833333333329,0.021722041843525032,10.0,0.0,0.9192931360753331,0.023054626308138173,0.4,0.10540925533894598,0.8669164860942689,0.04819112381527344,3.486742401123047,1.4475195653221244
SVM,FGSM,CW_c0.5_it10,CW,0.9035873910954372,0.02185745524684271,,,0.5,0.0,,,0.8908399442760986,0.0257890497189168,0.13332803212532052,0.04795278613397006,0.0654633333333333,0.02272371877712202,10.0,0.0,0.9180831634293906,0.02386700300387702,0.4,0.10540925533894598,0.8666719678746795,0.04795278613397,3.486742401123047,1.4475195653221244
SVM,FGSM,Clean,Clean,0.929580337796796,0.02347701881235878,,,,,0.0,0.0,0.9183651302700209,0.028219388262991155,0.12269645945569843,0.05397025754562548,0.02659166666666663,0.0036903381523936776,0.0,0.0,0.9651560241477137,0.003798976048509364,0.4,0.10540925533894598,0.8773035405443015,0.053970257545625434,3.486742401123047,1.4475195653221244
SVM,FGSM,FGSM_eps0.15,FGSM,0.8686835353526196,0.02671554427373548,,,,,0.15,0.0,0.8530365198115503,0.026903281794679774,0.1678587758185396,0.011834326518133617,0.10067999999999996,0.043786916558812346,1.0,0.0,0.8760429712297698,0.049245590604565556,0.4,0.10540925533894598,0.8321412241814604,0.011834326518133648,3.486742401123047,1.4475195653221244
SVM,FGSM,FGSM_eps0.3,FGSM,0.7495906729644706,0.11738746690033096,,,,,0.3,0.0,0.707133697660345,0.17397945712535742,0.2955509611752778,0.2063660658995648,0.2125633333333333,0.08533500823009059,1.0,0.0,0.7229647382956044,0.1305849864812914,0.4,0.10540925533894598,0.7044490388247222,0.20636606589956477,3.486742401123047,1.4475195653221244
SVM,FGSM,FGSM_eps0.5,FGSM,0.6476958922241461,0.14832695419271405,,,,,0.5,0.0,0.5792948048351919,0.2107147146249773,0.43769755282985107,0.23311703035320985,0.28071166666666664,0.10405659489603737,1.0,0.0,0.6069126541428895,0.19457518587961725,0.4,0.10540925533894598,0.5623024471701489,0.23311703035320983,3.486742401123047,1.4475195653221244
SVM,FGSM,FGSM_eps0.75,FGSM,0.5529196848680453,0.15693727121712345,,,,,0.75,0.0,0.4744014824133728,0.20648544331758625,0.5412241814603502,0.21821781046798544,0.36815166666666665,0.1455078092702999,1.0,0.0,0.5006998765345878,0.204450334941651,0.4,0.10540925533894598,0.4587758185396497,0.21821781046798544,3.486742401123047,1.4475195653221244
SVM,FGSM,PGD_eps0.15_it10,PGD,0.8714830965612903,0.030078286642254183,,,,,0.15,0.0,0.8582654686780053,0.02858277013444591,0.1522374411068922,0.010727126550265377,0.10862999999999998,0.05430266789708163,10.0,0.0,0.8707043813667301,0.05587834970305989,0.4,0.10540925533894598,0.8477625588931078,0.010727126550265366,3.486742401123047,1.4475195653221244
SVM,FGSM,PGD_eps0.15_it25,PGD,0.8737840312593492,0.025915522640719856,,,,,0.15,0.0,0.8612832176140927,0.026120148353088093,0.14206508558137682,0.03544204607346122,0.1129283333333333,0.04332532408176681,25.0,0.0,0.866376127849894,0.04201893124668898,0.4,0.10540925533894598,0.8579349144186231,0.03544204607346118,3.486742401123047,1.4475195653221244
SVM,FGSM,PGD_eps0.3_it10,PGD,0.801411566321859,0.07603450879847208,,,,,0.3,0.0,0.7904268377123981,0.07722997397370154,0.1861061964495159,0.07119886183897638,0.20905333333333326,0.10196435494334452,10.0,0.0,0.7715126475459461,0.09703005833048364,0.4,0.10540925533894598,0.8138938035504841,0.07119886183897639,3.486742401123047,1.4475195653221244
SVM,FGSM,PGD_eps0.3_it25,PGD,0.8019917862614797,0.08009837904358788,,,,,0.3,0.0,0.7914214743385534,0.08066268315045352,0.1862393893008369,0.0695222332572339,0.20787499999999995,0.10964336160400756,25.0,0.0,0.7740163791401364,0.10618742138534035,0.4,0.10540925533894598,0.8137606106991632,0.06952223325723385,3.486742401123047,1.4475195653221244
SVM,FGSM,PGD_eps0.5_it10,PGD,0.7307761348286085,0.11090032989478317,,,,,0.5,0.0,0.7200318084539831,0.11451613194443568,0.2446235810985428,0.12459717164782444,0.2898483333333333,0.14071338359969202,10.0,0.0,0.6943483722209717,0.12924110024255211,0.4,0.10540925533894598,0.7553764189014571,0.12459717164782447,3.486742401123047,1.4475195653221244
SVM,FGSM,PGD_eps0.5_it25,PGD,0.6833250228914898,0.11814939567105522,,,,,0.5,0.0,0.6596518960328954,0.12605682153435271,0.31575651551597317,0.17786447198513672,0.317445,0.17715209149655825,25.0,0.0,0.6645067985988236,0.14744216543836375,0.4,0.10540925533894598,0.6842434844840268,0.17786447198513672,3.486742401123047,1.4475195653221244
SVM,FGSM,PGD_eps0.75_it10,PGD,0.6244018748356799,0.15299446320080812,,,,,0.75,0.0,0.6158363447263835,0.1376739838678345,0.3422280977277697,0.18538306737579666,0.403575,0.2632208641972848,10.0,0.0,0.6103817130803737,0.1721448395080962,0.4,0.10540925533894598,0.6577719022722303,0.18538306737579663,3.486742401123047,1.4475195653221244
SVM,FGSM,PGD_eps0.75_it25,PGD,0.5999102472280899,0.14611182737491954,,,,,0.75,0.0,0.5744522650487791,0.1345682590012014,0.40352066477148474,0.1844231480121326,0.3972133333333333,0.24574500331506435,25.0,0.0,0.5926941108320118,0.16988496699074027,0.4,0.10540925533894598,0.5964793352285152,0.18442314801213255,3.486742401123047,1.4475195653221244
SVM,PGD,CW_c0.0_it10,CW,0.8935242015176378,0.02306856063246078,,,0.0,0.0,,,0.880897098264849,0.023494479218322963,0.13840128819354708,0.03642266399229281,0.07970999999999996,0.046285991134560826,10.0,0.0,0.9036512071919711,0.04694122832652724,0.4,0.10540925533894598,0.861598711806453,0.03642266399229277,4.18739116191864,2.314768516509236
SVM,PGD,CW_c0.5_it10,CW,0.8907137611850992,0.024119146911783435,,,0.5,0.0,,,0.8781621912678933,0.02438578382654137,0.13849074607876266,0.0363651123973592,0.08480166666666662,0.047915254697393085,10.0,0.0,0.8980744331871777,0.04828028378215545,0.4,0.10540925533894598,0.8615092539212373,0.03636511239735922,4.18739116191864,2.314768516509236
SVM,PGD,Clean,Clean,0.9272014360443507,0.01935542207524408,,,,,0.0,0.0,0.915667024410317,0.02354807099560151,0.12725483569568413,0.04611891403707259,0.02714333333333329,0.00733913154616074,0.0,0.0,0.9644233054570777,0.00823828663593419,0.4,0.10540925533894598,0.8727451643043158,0.04611891403707262,4.18739116191864,2.314768516509236
SVM,PGD,FGSM_eps0.15,FGSM,0.8346110259920401,0.06828935986149681,,,,,0.15,0.0,0.8129059312077844,0.07763856808770135,0.21156392262886903,0.08261014027054017,0.1266766666666666,0.07409589349011703,1.0,0.0,0.8420661352700852,0.08777455765605764,0.4,0.10540925533894598,0.788436077371131,0.08261014027054019,4.18739116191864,2.314768516509236
SVM,PGD,FGSM_eps0.3,FGSM,0.7005530221299512,0.1426638308985068,,,,,0.3,0.0,0.6451076079415634,0.18395136007985663,0.3821442061109675,0.20311155422027452,0.230115,0.10959407494178543,1.0,0.0,0.6821108652680159,0.16697537402047832,0.4,0.10540925533894598,0.6178557938890324,0.20311155422027455,4.18739116191864,2.314768516509236
SVM,PGD,FGSM_eps0.5,FGSM,0.60865796941153,0.1913230752087388,,,,,0.5,0.0,0.5335212797886697,0.24411711094285105,0.4848180029024114,0.259190836278072,0.3129733333333333,0.16155892175157294,1.0,0.0,0.5631073495148525,0.22904796286730036,0.4,0.10540925533894598,0.5151819970975886,0.25919083627807193,4.18739116191864,2.314768516509236
SVM,PGD,FGSM_eps0.75,FGSM,0.5179433016327751,0.2072398002537081,,,,,0.75,0.0,0.4345049436929287,0.24881701528473954,0.5827664354014671,0.2424829315652741,0.39762333333333333,0.2273639353248878,1.0,0.0,0.46378804792134193,0.25938056130631904,0.4,0.10540925533894598,0.4172335645985329,0.2424829315652741,4.18739116191864,2.314768516509236
SVM,PGD,PGD_eps0.15_it10,PGD,0.8198997307416842,0.08781550685165372,,,,,0.15,0.0,0.8005374379848569,0.1029663439693205,0.20294217044709056,0.11388137549433806,0.16094999999999998,0.09662588667281993,10.0,0.0,0.8090248576308502,0.10686200783215054,0.4,0.10540925533894598,0.7970578295529094,0.11388137549433804,4.18739116191864,2.314768516509236
SVM,PGD,PGD_eps0.15_it25,PGD,0.8239041549187238,0.09336611868972629,,,,,0.15,0.0,0.8051512804316314,0.10852766070701227,0.1971055404250243,0.12011185038526359,0.15848166666666663,0.10015249066200235,25.0,0.0,0.8124506067798004,0.11175437728682047,0.4,0.10540925533894598,0.8028944595749756,0.12011185038526358,4.18739116191864,2.314768516509236
SVM,PGD,PGD_eps0.3_it10,PGD,0.7653889740079599,0.10791176984553856,,,,,0.3,0.0,0.7479035372565417,0.12847585400438713,0.23010754825755914,0.14308233575602702,0.23838666666666666,0.12041893097960805,10.0,0.0,0.7340935427085757,0.13484817944657357,0.4,0.10540925533894598,0.7698924517424408,0.143082335756027,4.18739116191864,2.314768516509236
SVM,PGD,PGD_eps0.3_it25,PGD,0.757577763070814,0.11601385641376714,,,,,0.3,0.0,0.7332037626077568,0.1402826249257411,0.25843587857583045,0.15797834485082113,0.2289966666666666,0.11703140625226512,25.0,0.0,0.731733534625808,0.13852379687335883,0.4,0.10540925533894598,0.7415641214241695,0.1579783448508211,4.18739116191864,2.314768516509236
SVM,PGD,PGD_eps0.5_it10,PGD,0.6613328739925477,0.17918374582691657,,,,,0.5,0.0,0.6402131879152897,0.21153289791639043,0.32124525376220103,0.22865185025050946,0.3532733333333333,0.20871907166462586,10.0,0.0,0.6164840195379709,0.2059921182981847,0.4,0.10540925533894598,0.678754746237799,0.2286518502505095,4.18739116191864,2.314768516509236
SVM,PGD,PGD_eps0.5_it25,PGD,0.6294144311578107,0.20141283808388383,,,,,0.5,0.0,0.6049386156901554,0.23400565823263172,0.3569329861042084,0.2589315670974363,0.38203166666666666,0.23028294156521004,25.0,0.0,0.5848596578973376,0.22807272486282557,0.4,0.10540925533894598,0.6430670138957915,0.25893156709743637,4.18739116191864,2.314768516509236
SVM,PGD,PGD_eps0.75_it10,PGD,0.5892985684886177,0.2312707861759453,,,,,0.75,0.0,0.5708013170546098,0.25882491515573575,0.38558734071526546,0.27475553732839764,0.4317566666666666,0.2821925941578391,10.0,0.0,0.5456972955950942,0.26046247548504253,0.4,0.10540925533894598,0.6144126592847345,0.2747555373283977,4.18739116191864,2.314768516509236
SVM,PGD,PGD_eps0.75_it25,PGD,0.5633618305939094,0.25411788906987554,,,,,0.75,0.0,0.5452037541003456,0.273243615668784,0.41558555155756116,0.2909103148232543,0.4542883333333333,0.2834588805777569,25.0,0.0,0.5209625185208241,0.270688360532727,0.4,0.10540925533894598,0.5844144484424387,0.2909103148232544,4.18739116191864,2.314768516509236
