model,eval_attack,family,accuracy_mean,accuracy_std,confidence_mean,confidence_std,epsilon_mean,epsilon_std,f1_mean,f1_std,fnr_mean,fnr_std,fpr_mean,fpr_std,iters_mean,iters_std,n_mean,n_std,n0_mean,n0_std,precision_mean,precision_std,recall_mean,recall_std,sigma_mean,sigma_std,smooth_s_per_sample_mean,smooth_s_per_sample_std
LR,CW_c0.0_it10,CW,0.5243333333333333,0.2398650414196243,0.0,0.0,,,0.5589732520998674,0.19410584465787278,0.3603603649223917,0.18702931395843386,0.5677515763020065,0.2893655081159279,10.0,0.0,200.0,0.0,50.0,0.0,0.501417471926583,0.1958612371615309,0.6396396350776083,0.18702931395843395,0.2833333333333333,0.1707825127659933,,
LR,CW_c0.5_it10,CW,0.5166666666666667,0.24231522169823885,0.5,0.0,,,0.5530008707944719,0.1957696623584563,0.36649373097005383,0.18750535952453734,0.5765151916625068,0.2931592483832054,10.0,0.0,200.0,0.0,50.0,0.0,0.4956431158723357,0.19827960501413763,0.6335062690299461,0.18750535952453742,0.2833333333333333,0.1707825127659933,,
LR,Clean,,0.9323333333333333,0.03337378497877521,,,,,0.9222553774998818,0.04050464411383314,0.0954644998138865,0.046280782503807946,0.04520586731349659,0.026713267315740852,,,200.0,0.0,50.0,0.0,0.9410182140879819,0.03723903967051338,0.9045355001861135,0.04628078250380796,0.2833333333333333,0.1707825127659933,0.00016447353363032,1.5035077222639556e-05
LR,FGSM_eps0.15,FGSM,0.39166666666666666,0.2666302058407236,,,0.15,0.0,0.32136301115485827,0.2820447213454558,0.6802205352067424,0.2962857237001816,0.5468806183893975,0.2653014047733855,1.0,0.0,200.0,0.0,50.0,0.0,0.33014620798903754,0.2778660968354899,0.31977946479325764,0.2962857237001816,0.2833333333333333,0.1707825127659933,,
LR,FGSM_eps0.3,FGSM,0.21433333333333332,0.20366171765477978,,,0.3,0.0,0.13774795848921917,0.20490886655000506,0.8497988778124032,0.23070558501469243,0.7213260212814806,0.23228592903146497,1.0,0.0,200.0,0.0,50.0,0.0,0.13056208892038107,0.18338435961390687,0.15020112218759685,0.23070558501469238,0.2833333333333333,0.1707825127659933,,
LR,FGSM_eps0.5,FGSM,0.12000000000000001,0.14522150568798586,,,0.5,0.0,0.08488790416910491,0.1597097860696305,0.898045145319135,0.19343913196232665,0.8613903116732126,0.1133014864748643,1.0,0.0,200.0,0.0,50.0,0.0,0.07279444255621166,0.13600588281278797,0.10195485468086489,0.19343913196232665,0.2833333333333333,0.1707825127659933,,
LR,FGSM_eps0.75,FGSM,0.051333333333333335,0.03130875429074264,,,0.75,0.0,0.03376851560243179,0.054355396067108847,0.9582077469451513,0.06934725705241263,0.9382988295124478,0.025489685229397274,1.0,0.0,200.0,0.0,50.0,0.0,0.028430270966809966,0.04464197729974216,0.04179225305484865,0.06934725705241263,0.2833333333333333,0.1707825127659933,,
LR,PGD_eps0.15_it10,PGD,0.42433333333333334,0.27793798554627935,,,0.15,0.0,0.3849265994470182,0.3045653699685548,0.5865362977071075,0.3388297568543441,0.5664327342913381,0.2387500291018594,10.0,0.0,200.0,0.0,50.0,0.0,0.36404016072006534,0.28239134087035456,0.41346370229289253,0.338829756854344,0.2833333333333333,0.1707825127659933,,
LR,PGD_eps0.15_it25,PGD,0.427,0.23612799192689668,,,0.15,0.0,0.3624076019417003,0.28160111512601976,0.6237781022456286,0.29964394947990824,0.5313963614443029,0.1921134796574561,25.0,0.0,200.0,0.0,50.0,0.0,0.3527742356032971,0.2715316536697788,0.37622189775437137,0.29964394947990824,0.2833333333333333,0.1707825127659933,,
LR,PGD_eps0.3_it10,PGD,0.19566666666666668,0.19138467869214412,,,0.3,0.0,0.1625249009551348,0.1571287422350578,0.8342270453509187,0.1634435617027413,0.7735770979932308,0.23564023968588899,10.0,0.0,200.0,0.0,50.0,0.0,0.16606787885304763,0.16199705678387732,0.1657729546490812,0.1634435617027413,0.2833333333333333,0.1707825127659933,,
LR,PGD_eps0.3_it25,PGD,0.19466666666666665,0.17629588224129936,,,0.3,0.0,0.16691816401170462,0.1464446204877346,0.8253578657500319,0.15675758149375138,0.7811809935055659,0.22741649813810486,25.0,0.0,200.0,0.0,50.0,0.0,0.1686774035566295,0.15281038117168697,0.17464213424996813,0.15675758149375144,0.2833333333333333,0.1707825127659933,,
LR,PGD_eps0.5_it10,PGD,0.11566666666666665,0.08690854525358965,,,0.5,0.0,0.09739218873935655,0.11421681413285496,0.8783476374437915,0.14435908971982633,0.8781296185404219,0.141309266339313,10.0,0.0,200.0,0.0,50.0,0.0,0.08152945841666671,0.09424983926082342,0.12165236255620847,0.14435908971982636,0.2833333333333333,0.1707825127659933,,
LR,PGD_eps0.5_it25,PGD,0.11633333333333334,0.09274517058406151,,,0.5,0.0,0.08495655423082524,0.09996337776972708,0.8961039359246933,0.12494972284624094,0.8612999419169309,0.16868535126809997,25.0,0.0,200.0,0.0,50.0,0.0,0.07253046855876474,0.08280603187978826,0.1038960640753066,0.12494972284624092,0.2833333333333333,0.1707825127659933,,
LR,PGD_eps0.75_it10,PGD,0.082,0.05284073104285042,,,0.75,0.0,0.07593762466971209,0.08831564612212044,0.9030525363021358,0.11380036498082295,0.9195449580973807,0.12387750328366706,10.0,0.0,200.0,0.0,50.0,0.0,0.06252185873322072,0.07217395375849266,0.09694746369786418,0.11380036498082294,0.2833333333333333,0.1707825127659933,,
LR,PGD_eps0.75_it25,PGD,0.08066666666666666,0.049492664199089244,,,0.75,0.0,0.07272555557514447,0.08395270083662983,0.9084664313501772,0.10672820253627158,0.918966672783294,0.10641125040860355,25.0,0.0,200.0,0.0,50.0,0.0,0.06040965092924532,0.06916976483536491,0.09153356864982279,0.10672820253627158,0.2833333333333333,0.1707825127659933,,
MLP,CW_c0.0_it10,CW,0.436,0.09214119599831551,0.0,0.0,,,0.260459099997317,0.0921818953301893,0.7687329120232159,0.1047912897689447,0.3973769488127644,0.19401226965008653,10.0,0.0,200.0,0.0,50.0,0.0,0.33847842441011866,0.1274530001723779,0.23126708797678405,0.10479128976894472,0.2833333333333333,0.1707825127659933,,
MLP,CW_c0.5_it10,CW,0.3496666666666667,0.13488707799312655,0.5,0.0,,,0.211752390638204,0.0932448815379968,0.8039947969499546,0.09750129417938327,0.5254941589821056,0.24350215820368856,10.0,0.0,200.0,0.0,50.0,0.0,0.2631033352193382,0.1478306043051292,0.19600520305004535,0.09750129417938329,0.2833333333333333,0.1707825127659933,,
MLP,Clean,,0.9209999999999999,0.09223804607024774,,,,,0.8899148942353803,0.14305186896504207,0.15721699302577627,0.20792842666791012,0.016101546633781685,0.03480314231972431,,,200.0,0.0,50.0,0.0,0.9788177505042138,0.04067780814294699,0.8427830069742238,0.20792842666791014,0.2833333333333333,0.1707825127659933,0.00232740012804662,0.00016762148106649804
MLP,FGSM_eps0.15,FGSM,0.3376666666666666,0.07532943521309456,,,0.15,0.0,0.03900725743854127,0.0407068337314768,0.965654162318396,0.03748340811125996,0.4068649219913139,0.17757445077829218,1.0,0.0,200.0,0.0,50.0,0.0,0.046697164052884155,0.04533456663860908,0.034345837681604006,0.037483408111259955,0.2833333333333333,0.1707825127659933,,
MLP,FGSM_eps0.3,FGSM,0.14933333333333335,0.07812230947748047,,,0.3,0.0,0.018411109533043455,0.019906476456783565,0.9802143988298521,0.022102288011448427,0.7336007179274467,0.17737880902897313,1.0,0.0,200.0,0.0,50.0,0.0,0.01732362664643816,0.018139730702826144,0.01978560117014798,0.02210228801144839,0.2833333333333333,0.1707825127659933,,
MLP,FGSM_eps0.5,FGSM,0.08933333333333333,0.053514573004084826,,,0.5,0.0,0.008506603941587188,0.004417093151552242,0.9907280721484033,0.004828248403741344,0.8396108115858598,0.11503349463662764,1.0,0.0,200.0,0.0,50.0,0.0,0.00789244082233204,0.00413227250124916,0.009271927851596619,0.0048282484037413045,0.2833333333333333,0.1707825127659933,,
MLP,FGSM_eps0.75,FGSM,0.08466666666666667,0.066907896893167,,,0.75,0.0,0.00926212587316338,0.003826104571785947,0.9900808229574648,0.004090982603321095,0.8467385273775622,0.14167521113864492,1.0,0.0,200.0,0.0,50.0,0.0,0.009005063207522873,0.004457746010893545,0.009919177042535126,0.004090982603321067,0.2833333333333333,0.1707825127659933,,
MLP,PGD_eps0.15_it10,PGD,0.30833333333333335,0.10989713805364064,,,0.15,0.0,0.03926378211580237,0.03881097750434523,0.9634917616123059,0.039042179884738404,0.4618396932562922,0.2352120975079649,10.0,0.0,200.0,0.0,50.0,0.0,0.047898251339987284,0.04024417055750993,0.03650823838769403,0.039042179884738404,0.2833333333333333,0.1707825127659933,,
MLP,PGD_eps0.15_it25,PGD,0.31333333333333335,0.10390013520317523,,,0.15,0.0,0.042099887989442177,0.04433815507270677,0.9604060262094973,0.04551117012095285,0.4550708775319544,0.22901770612117767,25.0,0.0,200.0,0.0,50.0,0.0,0.04999919985592706,0.043257518051985876,0.039593973790502605,0.045511170120952835,0.2833333333333333,0.1707825127659933,,
MLP,PGD_eps0.3_it10,PGD,0.09133333333333332,0.084588640462169,,,0.3,0.0,0.011156895156278174,0.00958301371360601,0.9876423367455948,0.011046545358501374,0.8365947614912685,0.17250403092127328,10.0,0.0,200.0,0.0,50.0,0.0,0.010268780380271594,0.008532342945324413,0.012357663254405193,0.011046545358501393,0.2833333333333333,0.1707825127659933,,
MLP,PGD_eps0.3_it25,PGD,0.09466666666666668,0.09259101056849546,,,0.3,0.0,0.012334238063391675,0.016012377274240323,0.9861826176029488,0.018804337856683787,0.8304594748191132,0.19138633735008784,25.0,0.0,200.0,0.0,50.0,0.0,0.011254478434531626,0.013979242349750171,0.013817382397051166,0.018804337856683766,0.2833333333333333,0.1707825127659933,,
MLP,PGD_eps0.5_it10,PGD,0.061000000000000006,0.0689254255388698,,,0.5,0.0,0.00825677531989344,0.004307008120202574,0.9907280721484033,0.004828248403741344,0.8899703995154229,0.13886498151101212,10.0,0.0,200.0,0.0,50.0,0.0,0.0075115827900515,0.004020117330176772,0.009271927851596619,0.0048282484037413045,0.2833333333333333,0.1707825127659933,,
MLP,PGD_eps0.5_it25,PGD,0.05566666666666666,0.06032254573382596,,,0.5,0.0,0.00822556702012936,0.004280678210410809,0.9907280721484033,0.004828248403741344,0.9000913181246352,0.12259793779594064,25.0,0.0,200.0,0.0,50.0,0.0,0.007454300776977661,0.003961686398421558,0.009271927851596619,0.0048282484037413045,0.2833333333333333,0.1707825127659933,,
MLP,PGD_eps0.75_it10,PGD,0.04933333333333333,0.052944265393857694,,,0.75,0.0,0.008239028528679153,0.004292162119942842,0.9907280721484033,0.004828248403741344,0.9135554437190236,0.10329209844748624,10.0,0.0,200.0,0.0,50.0,0.0,0.007478296143332314,0.003985579372980556,0.009271927851596619,0.0048282484037413045,0.2833333333333333,0.1707825127659933,,
MLP,PGD_eps0.75_it25,PGD,0.047,0.05126262910597878,,,0.75,0.0,0.008248477087183447,0.004300789268248771,0.9907280721484033,0.004828248403741344,0.9186014095897318,0.09728403808461475,25.0,0.0,200.0,0.0,50.0,0.0,0.0074967531385335,0.004006753408709343,0.009271927851596619,0.0048282484037413045,0.2833333333333333,0.1707825127659933,,
RF,CW_c0.0_it10,CW,0.5519999999999999,0.040035698356056464,0.0,0.0,,,0.004503868644437607,0.009336186140579152,0.9977223655128824,0.004721510052982074,0.0,0.0,10.0,0.0,200.0,0.0,50.0,0.0,0.2,0.4140393356054125,0.0022776344871175734,0.004721510052982056,0.2833333333333333,0.1707825127659933,,
RF,CW_c0.5_it10,CW,0.5526666666666666,0.041008129275384754,0.5,0.0,,,0.00770664356773498,0.01664673280673329,0.9960654146519559,0.008509118190447836,0.0,0.0,10.0,0.0,200.0,0.0,50.0,0.0,0.2,0.4140393356054125,0.003934585348044054,0.008509118190447808,0.2833333333333333,0.1707825127659933,,
RF,Clean,,0.553,0.042037398315581544,,,,,0.009160962589866106,0.029830381352197774,0.9951773835920178,0.015807531616413482,0.0,0.0,,,200.0,0.0,50.0,0.0,0.13333333333333333,0.35186577527449836,0.004822616407982253,0.015807531616413458,0.2833333333333333,0.1707825127659933,0.005262934207916207,3.607258221212248e-05
RF,FGSM_eps0.15,FGSM,0.5456666666666667,0.04325450705940804,,,0.15,0.0,0.0038875755187811867,0.010682886808054999,0.9977680026067123,0.006309981000030163,0.01128408628408628,0.04139718239096812,1.0,0.0,200.0,0.0,50.0,0.0,0.07333333333333333,0.25764501233470904,0.0022319973932877135,0.006309981000030143,0.2833333333333333,0.1707825127659933,,
RF,FGSM_eps0.3,FGSM,0.5283333333333333,0.0565580190937547,,,0.3,0.0,0.010454830656680947,0.02434997135381077,0.9930905439941585,0.016056511301584492,0.04495875449483696,0.09833670738472196,1.0,0.0,200.0,0.0,50.0,0.0,0.023081232492997192,0.05361065735662409,0.00690945600584154,0.016056511301584465,0.2833333333333333,0.1707825127659933,,
RF,FGSM_eps0.5,FGSM,0.5343333333333333,0.0452322051303314,,,0.5,0.0,0.012934847803268847,0.030383482657215632,0.9916666666666667,0.019899887176611643,0.03610969437834635,0.06967397755087108,1.0,0.0,200.0,0.0,50.0,0.0,0.03264809902740937,0.06884002626248556,0.008333333333333326,0.019899887176611657,0.2833333333333333,0.1707825127659933,,
RF,FGSM_eps0.75,FGSM,0.5326666666666667,0.04566440731289628,,,0.75,0.0,0.01764828738512948,0.036537024891094415,0.9886363636363636,0.023524962250307514,0.04151043198841391,0.07371587813906715,1.0,0.0,200.0,0.0,50.0,0.0,0.03952991452991452,0.08190938489664863,0.01136363636363636,0.023524962250307525,0.2833333333333333,0.1707825127659933,,
RF,PGD_eps0.15_it10,PGD,0.5503333333333333,0.039662264661706345,,,0.15,0.0,0.008722050223598201,0.018091799182294175,0.9954251404684135,0.009486659953153976,0.00470620089264156,0.013842333759248305,10.0,0.0,200.0,0.0,50.0,0.0,0.12777777777777777,0.3002424064743397,0.004574859531586513,0.009486659953153957,0.2833333333333333,0.1707825127659933,,
RF,PGD_eps0.15_it25,PGD,0.55,0.04013370510822901,,,0.15,0.0,0.004555694618272834,0.01297225362244488,0.9976571378617012,0.006698450010261151,0.0035411622276029005,0.011578013918077291,25.0,0.0,200.0,0.0,50.0,0.0,0.1111111111111111,0.29991180361414577,0.0023428621382987997,0.006698450010261147,0.2833333333333333,0.1707825127659933,,
RF,PGD_eps0.3_it10,PGD,0.5446666666666666,0.043237990350197916,,,0.3,0.0,0.016584350721420633,0.048556496688503835,0.9899146453421807,0.030129901246323802,0.021464900106869453,0.04795821455935135,10.0,0.0,200.0,0.0,50.0,0.0,0.07274074074074074,0.1718341078232289,0.010085354657819267,0.030129901246323802,0.2833333333333333,0.1707825127659933,,
RF,PGD_eps0.3_it25,PGD,0.5386666666666666,0.05128584692912942,,,0.3,0.0,0.00295389636882904,0.007806424198200156,0.9984799412704582,0.004018889095398301,0.024413201578060196,0.04609931065122538,25.0,0.0,200.0,0.0,50.0,0.0,0.05555555555555555,0.14995590180707288,0.00152005872954182,0.004018889095398281,0.2833333333333333,0.1707825127659933,,
RF,PGD_eps0.5_it10,PGD,0.5366666666666667,0.053374240264471406,,,0.5,0.0,0.02366391416694752,0.05434751971832388,0.9861674964337416,0.0308087049214659,0.03767164386323262,0.08219645577336403,10.0,0.0,200.0,0.0,50.0,0.0,0.12476851851851851,0.2685741737843144,0.013832503566258486,0.030808704921465896,0.2833333333333333,0.1707825127659933,,
RF,PGD_eps0.5_it25,PGD,0.5256666666666666,0.07020039343262428,,,0.5,0.0,0.011302079946827333,0.023792795565854265,0.9933758866002403,0.013780871233381942,0.05153729904428428,0.10766927372698168,25.0,0.0,200.0,0.0,50.0,0.0,0.07987804878048779,0.20921134492317886,0.006624113399759666,0.013780871233381918,0.2833333333333333,0.1707825127659933,,
RF,PGD_eps0.75_it10,PGD,0.53,0.05615666860285987,,,0.75,0.0,0.008299616142753386,0.022354142115537413,0.9951382759635188,0.012861343320628731,0.04201142491199335,0.0825437415230588,10.0,0.0,200.0,0.0,50.0,0.0,0.059784946236559146,0.2062854554095432,0.004861724036481306,0.012861343320628688,0.2833333333333333,0.1707825127659933,,
RF,PGD_eps0.75_it25,PGD,0.5406666666666666,0.03972524686009184,,,0.75,0.0,0.023453346312641645,0.03411169545400141,0.9870348337136566,0.018788877943488873,0.029180737081305516,0.04426223248563791,25.0,0.0,200.0,0.0,50.0,0.0,0.2204365079365079,0.32617369136847185,0.01296516628634324,0.018788877943488862,0.2833333333333333,0.1707825127659933,,
SVM,CW_c0.0_it10,CW,0.5766666666666667,0.2680729289542218,0.0,0.0,,,0.6037986055809029,0.2323497610122804,0.30655210940028066,0.2610910270634048,0.5290798206557457,0.3097575791037751,10.0,0.0,200.0,0.0,50.0,0.0,0.5372864816081653,0.2141905717319939,0.6934478905997192,0.2610910270634048,0.2833333333333333,0.1707825127659933,,
SVM,CW_c0.5_it10,CW,0.5613333333333334,0.25387332799383766,0.5,0.0,,,0.5922243994601478,0.2205075157051703,0.3075491763702084,0.2539931395731661,0.5540827287023363,0.2876507733925335,10.0,0.0,200.0,0.0,50.0,0.0,0.5199619985149598,0.20044997308057477,0.6924508236297915,0.25399313957316605,0.2833333333333333,0.1707825127659933,,
SVM,Clean,,0.912,0.04821084643817935,,,,,0.8992196029005765,0.05525237040892352,0.12533857669063111,0.06635581077935493,0.057636392766201784,0.04136600760119013,,,200.0,0.0,50.0,0.0,0.9266865947418839,0.05291639555308484,0.8746614233093689,0.0663558107793549,0.2833333333333333,0.1707825127659933,0.00016389393806452666,1.4947841002825036e-05
SVM,FGSM_eps0.15,FGSM,0.37766666666666665,0.18597106789831072,,,0.15,0.0,0.28080404006487597,0.17367604664895944,0.7231719191532657,0.20128145885117088,0.5338086678462495,0.22366155579842437,1.0,0.0,200.0,0.0,50.0,0.0,0.2990305228569089,0.16034031228882828,0.2768280808467342,0.20128145885117082,0.2833333333333333,0.1707825127659933,,
SVM,FGSM_eps0.3,FGSM,0.11666666666666667,0.11713342006121948,,,0.3,0.0,0.0941612244353575,0.10941218163153958,0.8926602985865212,0.12665512647362528,0.8737804042211696,0.11566925038131302,1.0,0.0,200.0,0.0,50.0,0.0,0.08393566733702643,0.09635405251248114,0.10733970141347877,0.12665512647362526,0.2833333333333333,0.1707825127659933,,
SVM,FGSM_eps0.5,FGSM,0.04033333333333333,0.035580224577036905,,,0.5,0.0,0.040067994038622885,0.027346314163332153,0.953884797468969,0.031120224812228786,0.9638551369418048,0.046896829695053426,1.0,0.0,200.0,0.0,50.0,0.0,0.03557334279712096,0.02466692387446806,0.046115202531031026,0.031120224812228803,0.2833333333333333,0.1707825127659933,,
SVM,FGSM_eps0.75,FGSM,0.03266666666666666,0.03802568054555212,,,0.75,0.0,0.030907352335436487,0.027229746046148823,0.9652669112901072,0.02951075149234397,0.9689688556148455,0.048843722769450794,1.0,0.0,200.0,0.0,50.0,0.0,0.027906955770864002,0.025240941444904977,0.03473308870989282,0.029510751492343966,0.2833333333333333,0.1707825127659933,,
SVM,PGD_eps0.15_it10,PGD,0.372,0.20522461562186647,,,0.15,0.0,0.2956865114914438,0.21319030225935848,0.6970583416899139,0.2391256616190128,0.565088598517144,0.21500344830360885,10.0,0.0,200.0,0.0,50.0,0.0,0.29965672984818126,0.1975558830600576,0.30294165831008607,0.23912566161901277,0.2833333333333333,0.1707825127659933,,
SVM,PGD_eps0.15_it25,PGD,0.38666666666666666,0.20235812196155983,,,0.15,0.0,0.29860351006409264,0.2135363580701571,0.6957344574720099,0.24307320717973752,0.5412877876481861,0.21868660809862953,25.0,0.0,200.0,0.0,50.0,0.0,0.3052248501818283,0.19438601954495813,0.30426554252799015,0.24307320717973752,0.2833333333333333,0.1707825127659933,,
SVM,PGD_eps0.3_it10,PGD,0.1436666666666667,0.09136791142460923,,,0.3,0.0,0.12957146125503646,0.15880532771594763,0.8297938697067075,0.221956998885179,0.8728916153102825,0.09272652568901567,10.0,0.0,200.0,0.0,50.0,0.0,0.10558395696493177,0.12407864427979377,0.17020613029329246,0.22195699888517906,0.2833333333333333,0.1707825127659933,,
SVM,PGD_eps0.3_it25,PGD,0.14400000000000002,0.09016255161809539,,,0.3,0.0,0.13059447267469912,0.15867187196916596,0.8276157559211885,0.22485692198469628,0.8734533932110402,0.0980417724709333,25.0,0.0,200.0,0.0,50.0,0.0,0.10620806957009214,0.12290547028045962,0.17238424407881148,0.2248569219846963,0.2833333333333333,0.1707825127659933,,
SVM,PGD_eps0.5_it10,PGD,0.07400000000000001,0.06946736129805339,,,0.5,0.0,0.07975011275773838,0.11923230041532884,0.8965778570975124,0.16036407723860932,0.9500079707522499,0.061801354543467656,10.0,0.0,200.0,0.0,50.0,0.0,0.06516669831797856,0.09476936537908441,0.10342214290248754,0.16036407723860938,0.2833333333333333,0.1707825127659933,,
SVM,PGD_eps0.5_it25,PGD,0.071,0.058742780711456666,,,0.5,0.0,0.07228188283153107,0.10375622546366739,0.9079414934611488,0.13714364991839728,0.9463952512490875,0.06365096484005622,25.0,0.0,200.0,0.0,50.0,0.0,0.05972818539882276,0.08333912892198718,0.09205850653885118,0.1371436499183973,0.2833333333333333,0.1707825127659933,,
SVM,PGD_eps0.75_it10,PGD,0.051333333333333335,0.055015149428740695,,,0.75,0.0,0.054834661770096674,0.09108238529982794,0.9306578578098963,0.1175111041091096,0.9637645965970272,0.06567895825223465,10.0,0.0,200.0,0.0,50.0,0.0,0.045455510316617175,0.07430038640820069,0.06934214219010365,0.11751110410910962,0.2833333333333333,0.1707825127659933,,
SVM,PGD_eps0.75_it25,PGD,0.059000000000000004,0.059886797972746646,,,0.75,0.0,0.06906490259109495,0.10403125906203915,0.9111087077729414,0.1369907283644523,0.9649041977366283,0.06311406128146614,25.0,0.0,200.0,0.0,50.0,0.0,0.056603619366243856,0.08377786167266378,0.08889129222705856,0.13699072836445234,0.2833333333333333,0.1707825127659933,,
