accuracy,precision,recall,f1,fpr,fnr,model,config,attack,asr,best_params,family,epsilon,iters,confidence,n_samples,n_eligible,mean_l2,median_queries_success,query_budget_exhausted,numerical_stagnation,elapsed_s
0.9715510910854646,0.9715462598228389,0.965906605967835,0.968718224774209,0.023716666666666667,0.03409339403216508,LR,tuned,clean,0.0,"{'class_weight': 'balanced', 'C': 100.0}",,,,,,,,,,,
0.05942721412835553,0.042775258790315684,0.04969882511977417,0.04597785706403796,0.9324166666666667,0.9503011748802258,LR,tuned,FGSM_eps0.15,0.913257119026681,"{'class_weight': 'balanced', 'C': 100.0}",FGSM,0.15,1.0,,,,,,,,
0.04187556095482444,0.014039767641845528,0.015903624038327735,0.014913687036277544,0.93635,0.9840963759616723,LR,tuned,FGSM_eps0.3,0.9308178381367688,"{'class_weight': 'balanced', 'C': 100.0}",FGSM,0.3,1.0,,,,,,,,
0.04010770332629212,0.014161829498566333,0.01610241933880683,0.015069907627047694,0.9397666666666666,0.9838975806611931,LR,tuned,FGSM_eps0.5,0.9327670144964325,"{'class_weight': 'balanced', 'C': 100.0}",FGSM,0.5,1.0,,,,,,,,
0.03890193376426752,0.01409507195813345,0.016062660278711012,0.015014680194744862,0.94195,0.9839373397212889,LR,tuned,FGSM_eps0.75,0.9339818499950138,"{'class_weight': 'balanced', 'C': 100.0}",FGSM,0.75,1.0,,,,,,,,
0.07580936148608831,0.08502362660323379,0.10516271395344214,0.09402689275779633,0.9488,0.8948372860465579,LR,tuned,PGD_eps0.15_it10,0.8966573891915904,"{'class_weight': 'balanced', 'C': 100.0}",PGD,0.15,10.0,,,,,,,,
0.06813051322266847,0.08401363240072918,0.10536150925392124,0.09348431932832399,0.9630833333333333,0.8946384907460787,LR,tuned,PGD_eps0.15_it25,0.904535688059255,"{'class_weight': 'balanced', 'C': 100.0}",PGD,0.15,25.0,,,,,,,,
0.026535996301097885,0.021849499840820363,0.025922907182474208,0.023712540005819027,0.97295,0.9740770928175257,LR,tuned,PGD_eps0.3_it10,0.9459398203131375,"{'class_weight': 'balanced', 'C': 100.0}",PGD,0.3,10.0,,,,,,,,
0.02552967734331795,0.021824932267451583,0.025942786712522117,0.023706368020927,0.9748166666666667,0.9740572132874779,LR,tuned,PGD_eps0.3_it25,0.9469189414612477,"{'class_weight': 'balanced', 'C': 100.0}",PGD,0.3,25.0,,,,,,,,
0.023671160349219875,0.02208490864575873,0.026360256843528218,0.02403393025447691,0.9785833333333334,0.9736397431564717,LR,tuned,PGD_eps0.5_it10,0.948985974996147,"{'class_weight': 'balanced', 'C': 100.0}",PGD,0.5,10.0,,,,,,,,
0.02377995158789879,0.022296228457247522,0.026618690734151046,0.02426647818916617,0.9786,0.973381309265849,LR,tuned,PGD_eps0.5_it25,0.9488771837574681,"{'class_weight': 'balanced', 'C': 100.0}",PGD,0.5,25.0,,,,,,,,
0.023653028476106723,0.022084173009343303,0.026360256843528218,0.024033494644119406,0.9786166666666667,0.9736397431564717,LR,tuned,PGD_eps0.75_it10,0.9490131728058167,"{'class_weight': 'balanced', 'C': 100.0}",PGD,0.75,10.0,,,,,,,,
0.023988468128700036,0.02268641810918775,0.027095799455300877,0.024695831785691638,0.9786166666666667,0.9729042005446992,LR,tuned,PGD_eps0.75_it25,0.9486777331532233,"{'class_weight': 'balanced', 'C': 100.0}",PGD,0.75,25.0,,,,,,,,
0.10590827085392056,0.1282658870595476,0.165715762479375,0.14460548342050256,0.9442333333333334,0.834284237520625,LR,tuned,CW_c0.0_it10,0.8661958423614952,"{'class_weight': 'balanced', 'C': 100.0}",CW,,10.0,0.0,,,,,,,
0.09688766398012746,0.12588951097758963,0.16494046080750652,0.1427932191721883,0.9601666666666666,0.8350595391924935,LR,tuned,CW_c0.5_it10,0.8752889767277409,"{'class_weight': 'balanced', 'C': 100.0}",CW,,10.0,0.5,,,,,,,
0.02,0.0,0.0,0.0,0.96,1.0,LR,tuned,HopSkipJump_direct,1.0,"{'class_weight': 'balanced', 'C': 100.0}",,,,,100.0,98.0,0.10354385524988174,556.0,0.0,0.0,0.7710235118865967
0.9700098818708467,0.9721122742159088,0.9618313023080134,0.9669444610987868,0.023133333333333332,0.03816869769198656,LR,as_submitted,clean,0.0,{'max_iter': 500},,,,,,,,,,,
0.10190112689591398,0.10674882250467772,0.13156272985706619,0.11786391686479844,0.9229666666666667,0.8684372701429338,LR,as_submitted,FGSM_eps0.15,0.8692147992348349,{'max_iter': 500},FGSM,0.15,1.0,,,,,,,,
0.05509369645431221,0.03714957683129903,0.04301930302367652,0.03986955800799602,0.9347833333333333,0.9569806969763235,LR,as_submitted,FGSM_eps0.3,0.9160312956129933,{'max_iter': 500},FGSM,0.3,1.0,,,,,,,,
0.04097803323572342,0.013845075359270943,0.015704828737848637,0.014716429309911235,0.9378333333333333,0.9842951712621514,LR,as_submitted,FGSM_eps0.5,0.9301560247681386,{'max_iter': 500},FGSM,0.5,1.0,,,,,,,,
0.03969067024468963,0.013708690330477356,0.015585551557561179,0.01458699636255384,0.9401,0.9844144484424389,LR,as_submitted,FGSM_eps0.75,0.931452453695729,{'max_iter': 500},FGSM,0.75,1.0,,,,,,,,
0.10718656790839777,0.10944112067707573,0.13418682782339025,0.12055724236470798,0.91545,0.8658131721766097,LR,as_submitted,PGD_eps0.15_it10,0.86372084168155,{'max_iter': 500},PGD,0.15,10.0,,,,,,,,
0.14481927055474467,0.11773694995311361,0.13478321372482754,0.12568473152962767,0.8467666666666667,0.8652167862751724,LR,as_submitted,PGD_eps0.15_it25,0.8260790730986465,{'max_iter': 500},PGD,0.15,25.0,,,,,,,,
0.049672266393479776,0.046013955734674504,0.05492714152237441,0.050077027639329405,0.9547333333333333,0.9450728584776256,LR,as_submitted,PGD_eps0.3_it10,0.9212804728792507,{'max_iter': 500},PGD,0.3,10.0,,,,,,,,
0.04771402409725937,0.04586410022401062,0.05494702105242232,0.04999638231676434,0.95835,0.9450529789475777,LR,as_submitted,PGD_eps0.3_it25,0.923220583302358,{'max_iter': 500},PGD,0.3,25.0,,,,,,,,
0.027188743733171355,0.024270143050292944,0.028904836689660655,0.026385511559539797,0.97425,0.9710951633103393,LR,as_submitted,PGD_eps0.5_it10,0.9437639955395593,{'max_iter': 500},PGD,0.5,10.0,,,,,,,,
0.02722500747939766,0.024398791742460908,0.029063872930043935,0.026527797938742922,0.9743166666666667,0.970936127069956,LR,as_submitted,PGD_eps0.5_it25,0.9437549296030027,{'max_iter': 500},PGD,0.5,25.0,,,,,,,,
0.026989293128926683,0.024038862828238985,0.02862652326898992,0.026132878427671813,0.9743833333333334,0.97137347673101,LR,as_submitted,PGD_eps0.75_it10,0.9439725120803605,{'max_iter': 500},PGD,0.75,10.0,,,,,,,,
0.027197809669727933,0.024413443246670895,0.029083752460091844,0.026544738680383564,0.9743833333333334,0.9709162475399081,LR,as_submitted,PGD_eps0.75_it25,0.9437639955395593,{'max_iter': 500},PGD,0.75,25.0,,,,,,,,
0.24414567146859106,0.28516487799807705,0.4363159254915214,0.34490724371213727,0.9169666666666667,0.5636840745084786,LR,as_submitted,CW_c0.0_it10,0.7262993753569712,{'max_iter': 500},CW,,10.0,0.0,,,,,,,
0.22905995303844864,0.27515535991714135,0.42249965210822416,0.3332679958915817,0.9331166666666667,0.5775003478917758,LR,as_submitted,CW_c0.5_it10,0.7415029509623492,{'max_iter': 500},CW,,10.0,0.5,,,,,,,
0.02,0.0,0.0,0.0,0.96,1.0,LR,as_submitted,HopSkipJump_direct,1.0,{'max_iter': 500},,,,,100.0,98.0,0.14754393696784973,556.0,0.0,0.0,0.8099703788757324
0.9197029999184065,0.9645162736483457,0.8553962984315051,0.9066849286203446,0.026383333333333335,0.14460370156849492,SVM,tuned,clean,0.0,"{'class_weight': 'balanced', 'C': 10.0}",,,,,,,,,,,
0.22973083234363526,0.20574252046048833,0.24088026559052145,0.22192917387840325,0.7796166666666666,0.7591197344094786,SVM,tuned,FGSM_eps0.15,0.6906611787530711,"{'class_weight': 'balanced', 'C': 10.0}",FGSM,0.15,1.0,,,,,,,,
0.051113750305975356,0.043237883981985616,0.051150030813271574,0.04686233619582738,0.9489166666666666,0.9488499691867284,SVM,tuned,FGSM_eps0.3,0.8696227663798809,"{'class_weight': 'balanced', 'C': 10.0}",FGSM,0.3,1.0,,,,,,,,
0.03042528308386898,0.03593314763231198,0.0435958093950659,0.03939532753092075,0.9806166666666667,0.9564041906049341,SVM,tuned,FGSM_eps0.5,0.8903112336019873,"{'class_weight': 'balanced', 'C': 10.0}",FGSM,0.5,1.0,,,,,,,,
0.00858544191907745,0.013382335975740395,0.01614217839890265,0.014633267255361326,0.99775,0.9838578216010974,SVM,tuned,FGSM_eps0.75,0.9121601407033354,"{'class_weight': 'balanced', 'C': 10.0}",FGSM,0.75,1.0,,,,,,,,
0.2392228679183703,0.1627300274929261,0.1612031091584995,0.16196296962070825,0.6953666666666667,0.8387968908415006,SVM,tuned,PGD_eps0.15_it10,0.6812326047342321,"{'class_weight': 'balanced', 'C': 10.0}",PGD,0.15,10.0,,,,,,,,
0.32895750795535933,0.20373285360917473,0.16209768801065544,0.18054602218630295,0.53115,0.8379023119893446,SVM,tuned,PGD_eps0.15_it25,0.5913891734585641,"{'class_weight': 'balanced', 'C': 10.0}",PGD,0.15,25.0,,,,,,,,
0.14592531481464693,0.1163579168123034,0.13235791105898256,0.12384327074207378,0.8427,0.8676420889410175,SVM,tuned,PGD_eps0.3_it10,0.774539223774512,"{'class_weight': 'balanced', 'C': 10.0}",PGD,0.3,10.0,,,,,,,,
0.149515425691051,0.12438704330409558,0.14321213446514125,0.1331374342767906,0.8452,0.8567878655348588,SVM,tuned,PGD_eps0.3_it25,0.770949112898108,"{'class_weight': 'balanced', 'C': 10.0}",PGD,0.3,25.0,,,,,,,,
0.08722337561081747,0.04540614679395788,0.050016897600540726,0.04760012864899635,0.8815833333333334,0.9499831023994593,SVM,tuned,PGD_eps0.5_it10,0.8332411629783415,"{'class_weight': 'balanced', 'C': 10.0}",PGD,0.5,10.0,,,,,,,,
0.08856513422119072,0.04794902716031606,0.052959068047631355,0.05032967448187263,0.8815833333333334,0.9470409319523686,SVM,tuned,PGD_eps0.5_it25,0.8318994043679683,"{'class_weight': 'balanced', 'C': 10.0}",PGD,0.5,25.0,,,,,,,,
0.07481210846486497,0.021259667690485883,0.022841580025048207,0.022022252249662193,0.8816166666666667,0.9771584199749518,SVM,tuned,PGD_eps0.75_it10,0.845652430124294,"{'class_weight': 'balanced', 'C': 10.0}",PGD,0.75,10.0,,,,,,,,
0.07528353716580691,0.0222181146025878,0.02389519511758742,0.023026158252157505,0.8816333333333334,0.9761048048824126,SVM,tuned,PGD_eps0.75_it25,0.8451810014233521,"{'class_weight': 'balanced', 'C': 10.0}",PGD,0.75,25.0,,,,,,,,
0.7218570664442491,0.6559832117136453,0.8202691688368487,0.7289848415250344,0.36065,0.1797308311631513,SVM,tuned,CW_c0.0_it10,0.19795472471283646,"{'class_weight': 'balanced', 'C': 10.0}",CW,,10.0,0.0,,,,,,,
0.6729372727849651,0.6044950422328315,0.8180625410015308,0.6952474277315042,0.4487333333333333,0.18193745899846928,SVM,tuned,CW_c0.5_it10,0.24688358430867702,"{'class_weight': 'balanced', 'C': 10.0}",CW,,10.0,0.5,,,,,,,
0.08,0.1111111111111111,0.12,0.11538461538461539,0.96,0.88,SVM,tuned,HopSkipJump_direct,1.0,"{'class_weight': 'balanced', 'C': 10.0}",,,,,100.0,92.0,0.24056845903396606,557.0,0.0,0.0,0.7773253917694092
0.9178716807339782,0.969364530225783,0.8466691847404727,0.9038720699498085,0.022433333333333333,0.15333081525952727,SVM,as_submitted,clean,0.0,{'max_iter': 500},,,,,,,,,,,
0.3275704196622032,0.27646662171274444,0.2934218635071467,0.28469201762930246,0.6438,0.7065781364928533,SVM,as_submitted,FGSM_eps0.15,0.5909812063135182,{'max_iter': 500},FGSM,0.15,1.0,,,,,,,,
0.053334904762336474,0.04358606730201569,0.05136870564379858,0.04715844800525605,0.9450166666666666,0.9486312943562014,SVM,as_submitted,FGSM_eps0.3,0.8655612268025349,{'max_iter': 500},FGSM,0.3,1.0,,,,,,,,
0.03091484365792408,0.036010626086386145,0.04365544798520963,0.039466235341690255,0.9797666666666667,0.9563445520147904,SVM,as_submitted,FGSM_eps0.5,0.8879903538435038,{'max_iter': 500},FGSM,0.5,1.0,,,,,,,,
0.020724730968332685,0.034113658379076525,0.042005446991233125,0.03765045481678145,0.9971166666666667,0.9579945530087669,SVM,as_submitted,FGSM_eps0.75,0.8981804665330952,{'max_iter': 500},FGSM,0.75,1.0,,,,,,,,
0.2556684768319991,0.1710969984071492,0.16442359302626086,0.16769392968654961,0.6678333333333333,0.8355764069737391,SVM,as_submitted,PGD_eps0.15_it10,0.6629284788265052,{'max_iter': 500},PGD,0.15,10.0,,,,,,,,
0.3507701513104811,0.21851470238567014,0.16442359302626086,0.18764888717471698,0.493,0.8355764069737391,SVM,as_submitted,PGD_eps0.15_it25,0.5677089471727876,{'max_iter': 500},PGD,0.15,25.0,,,,,,,,
0.14716734812289783,0.11701289837064002,0.13291453790032404,0.1244578470244411,0.8408833333333333,0.867085462099676,SVM,as_submitted,PGD_eps0.3_it10,0.7714568053452762,{'max_iter': 500},PGD,0.3,10.0,,,,,,,,
0.15412998739834818,0.12720431412668412,0.14583623243146532,0.13588456480263766,0.8389166666666666,0.8541637675685346,SVM,as_submitted,PGD_eps0.3_it25,0.7644941660698259,{'max_iter': 500},PGD,0.3,25.0,,,,,,,,
0.09066843150231635,0.04629680042104499,0.05071268115221756,0.048404235133391524,0.8758333333333334,0.9492873188477824,SVM,as_submitted,PGD_eps0.5_it10,0.8279647879024142,{'max_iter': 500},PGD,0.5,10.0,,,,,,,,
0.09177447576221862,0.04838738885568896,0.05311810428801463,0.050642507865509265,0.8758166666666667,0.9468818957119853,SVM,as_submitted,PGD_eps0.5_it25,0.826858743642512,{'max_iter': 500},PGD,0.5,25.0,,,,,,,,
0.07811210937145861,0.021724561599463867,0.023199411565910582,0.022437776987339095,0.87585,0.9768005884340895,SVM,as_submitted,PGD_eps0.75_it10,0.840521110033272,{'max_iter': 500},PGD,0.75,10.0,,,,,,,,
0.07892804366155046,0.023360838537020517,0.02498856927022245,0.0241473043194283,0.87585,0.9750114307297776,SVM,as_submitted,PGD_eps0.75_it25,0.8397051757431802,{'max_iter': 500},PGD,0.75,25.0,,,,,,,,
0.7446850946937074,0.6841431161529633,0.8176450708705246,0.7449602434297513,0.31648333333333334,0.18235492912947537,SVM,as_submitted,CW_c0.0_it10,0.17334977289828926,{'max_iter': 500},CW,,10.0,0.0,,,,,,,
0.7068710733162289,0.6400274288564037,0.8164125400075543,0.7175392464335322,0.3849666666666667,0.18358745999244577,SVM,as_submitted,CW_c0.5_it10,0.21120005802199396,{'max_iter': 500},CW,,10.0,0.5,,,,,,,
0.08,0.1111111111111111,0.12,0.11538461538461539,0.96,0.88,SVM,as_submitted,HopSkipJump_direct,1.0,{'max_iter': 500},,,,,100.0,92.0,0.2527221441268921,557.0,0.0,0.0,0.7692427635192871
0.9998005493957554,0.9998806991032549,0.9996819275192335,0.9997813034315479,0.0001,0.0003180724807665547,RF,tuned,clean,0.0,"{'n_estimators': 50, 'min_samples_leaf': 2, 'max_features': 'log2', 'max_depth': 40}",,,,,,,,,,,
0.5483622385610546,0.6289808917197452,0.023557243106772957,0.045413608753137755,0.01165,0.976442756893227,RF,tuned,FGSM_eps0.15,0.4514745745809271,"{'n_estimators': 50, 'min_samples_leaf': 2, 'max_features': 'log2', 'max_depth': 40}",FGSM,0.15,1.0,,,,,,,,
0.5462770731530421,0.5415584415584416,0.03315905611991333,0.06249180450705281,0.023533333333333333,0.9668409438800867,RF,tuned,FGSM_eps0.3,0.45355973998893956,"{'n_estimators': 50, 'min_samples_leaf': 2, 'max_features': 'log2', 'max_depth': 40}",FGSM,0.3,1.0,,,,,,,,
0.5191064612929839,0.23393515822170452,0.02395483370773115,0.04345944386338226,0.06576666666666667,0.9760451662922689,RF,tuned,FGSM_eps0.5,0.4807575496586675,"{'n_estimators': 50, 'min_samples_leaf': 2, 'max_features': 'log2', 'max_depth': 40}",FGSM,0.5,1.0,,,,,,,,
0.5199767912024151,0.23417085427135678,0.02315965250581476,0.04215058431925902,0.0635,0.9768403474941852,RF,tuned,FGSM_eps0.75,0.4798872197492362,"{'n_estimators': 50, 'min_samples_leaf': 2, 'max_features': 'log2', 'max_depth': 40}",FGSM,0.75,1.0,,,,,,,,
0.5589693843322484,0.7555555555555555,0.04866508955728287,0.09144052443830193,0.0132,0.9513349104427171,RF,tuned,PGD_eps0.15_it10,0.4408583628731766,"{'n_estimators': 50, 'min_samples_leaf': 2, 'max_features': 'log2', 'max_depth': 40}",PGD,0.15,10.0,,,,,,,,
0.5529768002683517,0.6574865463754352,0.04128978390950838,0.07770004863267367,0.018033333333333332,0.9587102160904917,RF,tuned,PGD_eps0.15_it25,0.44685094693707333,"{'n_estimators': 50, 'min_samples_leaf': 2, 'max_features': 'log2', 'max_depth': 40}",PGD,0.15,25.0,,,,,,,,
0.5421792698294697,0.48715932914046123,0.07391209271812814,0.12835073789591783,0.06523333333333334,0.9260879072818718,RF,tuned,PGD_eps0.3_it10,0.4576575433125119,"{'n_estimators': 50, 'min_samples_leaf': 2, 'max_features': 'log2', 'max_depth': 40}",PGD,0.3,10.0,,,,,,,,
0.5292693761729056,0.39262990455991514,0.05888316800190844,0.10240807647760472,0.07636666666666667,0.9411168319980916,RF,tuned,PGD_eps0.3_it25,0.4705674369690761,"{'n_estimators': 50, 'min_samples_leaf': 2, 'max_features': 'log2', 'max_depth': 40}",PGD,0.3,25.0,,,,,,,,
0.541852896113433,0.4863849765258216,0.08238077251853766,0.14089726807541267,0.07293333333333334,0.9176192274814623,RF,tuned,PGD_eps0.5_it10,0.4579929829651052,"{'n_estimators': 50, 'min_samples_leaf': 2, 'max_features': 'log2', 'max_depth': 40}",PGD,0.5,10.0,,,,,,,,
0.4975385982248896,0.291869918699187,0.0713675128719957,0.11469098924971646,0.14516666666666667,0.9286324871280043,RF,tuned,PGD_eps0.5_it25,0.5023254127267618,"{'n_estimators': 50, 'min_samples_leaf': 2, 'max_features': 'log2', 'max_depth': 40}",PGD,0.5,25.0,,,,,,,,
0.5550619656763642,0.5876377164115038,0.08164522990676501,0.1433708022062417,0.04803333333333333,0.918354770093235,RF,tuned,PGD_eps0.75_it10,0.444783913402174,"{'n_estimators': 50, 'min_samples_leaf': 2, 'max_features': 'log2', 'max_depth': 40}",PGD,0.75,10.0,,,,,,,,
0.49182705819424677,0.2740490411820182,0.069319921277061,0.11065099084519334,0.15395,0.930680078722939,RF,tuned,PGD_eps0.75_it25,0.508027886820848,"{'n_estimators': 50, 'min_samples_leaf': 2, 'max_features': 'log2', 'max_depth': 40}",PGD,0.75,25.0,,,,,,,,
0.6509523766352683,0.973747591522158,0.24111881995109635,0.38652623528099556,0.00545,0.7588811800489036,RF,tuned,CW_c0.0_it10,0.3488663046336002,"{'n_estimators': 50, 'min_samples_leaf': 2, 'max_features': 'log2', 'max_depth': 40}",CW,,10.0,0.0,,,,,,,
0.6471628151546196,0.9717387700977954,0.23308748981174085,0.3759880709968093,0.005683333333333334,0.7669125101882591,RF,tuned,CW_c0.5_it10,0.35265586611424893,"{'n_estimators': 50, 'min_samples_leaf': 2, 'max_features': 'log2', 'max_depth': 40}",CW,,10.0,0.5,,,,,,,
0.15,0.0,0.0,0.0,0.7,1.0,RF,tuned,HopSkipJump_direct,0.85,"{'n_estimators': 50, 'min_samples_leaf': 2, 'max_features': 'log2', 'max_depth': 40}",,,,,100.0,100.0,0.9929159283638,564.0,0.0,0.0,22.70600724220276
0.9998368131419816,0.9999005865394175,0.9997415661093771,0.9998210700013916,8.333333333333333e-05,0.0002584338906228257,RF,as_submitted,clean,0.0,{'n_estimators': 50},,,,,,,,,,,
0.4835770559277626,0.09956709956709957,0.016460250879669205,0.028250226035926918,0.1248,0.9835397491203308,RF,as_submitted,FGSM_eps0.15,0.5162869550238888,{'n_estimators': 50},FGSM,0.15,1.0,,,,,,,,
0.38845724957616745,0.07192772287111909,0.02864640279903783,0.040974167223509675,0.30988333333333334,0.9713535972009621,RF,as_submitted,FGSM_eps0.3,0.6114067613754839,{'n_estimators': 50},FGSM,0.3,1.0,,,,,,,,
0.4144492896838708,0.0408819181076043,0.012643381110470548,0.0193136957181901,0.24868333333333334,0.9873566188895294,RF,as_submitted,FGSM_eps0.5,0.5854147212677806,{'n_estimators': 50},FGSM,0.5,1.0,,,,,,,,
0.5472471283645957,0.618860510805501,0.018786155895274635,0.036465367547752266,0.0097,0.9812138441047253,RF,as_submitted,FGSM_eps0.75,0.4526168825870557,{'n_estimators': 50},FGSM,0.75,1.0,,,,,,,,
0.516731185915161,0.2558139534883721,0.031270500765361905,0.05572876071706937,0.07626666666666666,0.9687294992346381,RF,as_submitted,PGD_eps0.15_it10,0.4831328250364904,{'n_estimators': 50},PGD,0.15,10.0,,,,,,,,
0.4846015067586557,0.11025122038337898,0.01840844482436435,0.03154918060713434,0.12455,0.9815915551756357,RF,as_submitted,PGD_eps0.15_it25,0.5152625041929957,{'n_estimators': 50},PGD,0.15,25.0,,,,,,,,
0.5601298242114902,0.6893039049235993,0.0645687135956106,0.11807688812142143,0.0244,0.9354312864043894,RF,as_submitted,PGD_eps0.3_it10,0.4397341867401612,{'n_estimators': 50},PGD,0.3,10.0,,,,,,,,
0.5392509723216957,0.4574659891821013,0.05548376836371588,0.09896461243883413,0.05516666666666667,0.9445162316362841,RF,as_submitted,PGD_eps0.3_it25,0.4606130386299557,{'n_estimators': 50},PGD,0.3,25.0,,,,,,,,
0.5509732282893485,0.5608681975463983,0.07089040415084587,0.1258714106704788,0.046533333333333336,0.9291095958491541,RF,as_submitted,PGD_eps0.5_it10,0.4488907826623029,{'n_estimators': 50},PGD,0.5,10.0,,,,,,,,
0.582005929122508,0.6590616235882665,0.17285251376657457,0.2738755197177775,0.07496666666666667,0.8271474862334255,RF,as_submitted,PGD_eps0.5_it25,0.41785808182914336,{'n_estimators': 50},PGD,0.5,25.0,,,,,,,,
0.5526232287426452,0.5904275444570564,0.06204401327952607,0.11228840238176618,0.036083333333333335,0.937955986720474,RF,as_submitted,PGD_eps0.75_it10,0.4472407822090061,{'n_estimators': 50},PGD,0.75,10.0,,,,,,,,
0.5193875053262377,0.3399102079395085,0.05719340794783611,0.09791209352187452,0.09311666666666667,0.9428065920521639,RF,as_submitted,PGD_eps0.75_it25,0.4804855715619702,{'n_estimators': 50},PGD,0.75,25.0,,,,,,,,
0.5834111492887772,0.7653011460619361,0.12478381011072898,0.21457995043158704,0.03208333333333333,0.875216189889271,RF,as_submitted,CW_c0.0_it10,0.4164437957263175,{'n_estimators': 50},CW,,10.0,0.0,,,,,,,
0.5750886195298406,0.6975379659456972,0.12052959068047632,0.20554284261378084,0.043816666666666663,0.8794704093195237,RF,as_submitted,CW_c0.5_it10,0.4247663254852543,{'n_estimators': 50},CW,,10.0,0.5,,,,,,,
0.18,0.0,0.0,0.0,0.64,1.0,RF,as_submitted,HopSkipJump_direct,0.82,{'n_estimators': 50},,,,,100.0,100.0,1.2571221590042114,564.5,0.0,0.0,21.60795545578003
