model,attack,n,n_detected_clean,asr,fnr_under_attack,family,epsilon,iters,traffic_family,confidence
LR,FGSM_eps0.15,4110,4108,0.0004868549172346641,0.00072992700729927,FGSM,0.15,1,backdoor,
LR,FGSM_eps0.15,4032,2966,0.010451786918408631,0.09573412698412699,FGSM,0.15,1,ddos,
LR,FGSM_eps0.15,3977,3494,0.0011448196908986834,0.11767664068393262,FGSM,0.15,1,dos,
LR,FGSM_eps0.15,3898,3757,0.00026616981634282674,0.03386351975371986,FGSM,0.15,1,injection,
LR,FGSM_eps0.15,200,77,0.07792207792207792,0.645,FGSM,0.15,1,mitm,
LR,FGSM_eps0.15,10000,0,,,FGSM,0.15,1,normal,
LR,FGSM_eps0.15,4008,3972,0.015357502517623363,0.023952095808383235,FGSM,0.15,1,password,
LR,FGSM_eps0.15,4083,3445,0.32917271407837445,0.4339946118050453,FGSM,0.15,1,ransomware,
LR,FGSM_eps0.15,4043,3691,0.05770793822812246,0.12911204551075933,FGSM,0.15,1,scanning,
LR,FGSM_eps0.15,3858,3600,0.060833333333333336,0.12208398133748057,FGSM,0.15,1,xss,
SVM,FGSM_eps0.15,4110,4109,0.0004867364322219518,0.00072992700729927,FGSM,0.15,1,backdoor,
SVM,FGSM_eps0.15,4032,2966,0.015509103169251517,0.09995039682539683,FGSM,0.15,1,ddos,
SVM,FGSM_eps0.15,3977,3494,0.051230681167716084,0.16218254966054815,FGSM,0.15,1,dos,
SVM,FGSM_eps0.15,3898,3757,0.0005323396326856535,0.034120061570035914,FGSM,0.15,1,injection,
SVM,FGSM_eps0.15,200,77,0.1038961038961039,0.65,FGSM,0.15,1,mitm,
SVM,FGSM_eps0.15,10000,0,,,FGSM,0.15,1,normal,
SVM,FGSM_eps0.15,4008,3971,0.016116847141777888,0.02470059880239521,FGSM,0.15,1,password,
SVM,FGSM_eps0.15,4083,3433,0.2956597727934751,0.40778839088905217,FGSM,0.15,1,ransomware,
SVM,FGSM_eps0.15,4043,3698,0.048674959437533805,0.11921840217660154,FGSM,0.15,1,scanning,
SVM,FGSM_eps0.15,3858,3593,0.16003339827442248,0.21513737687921203,FGSM,0.15,1,xss,
RF,FGSM_eps0.15,4110,4110,0.9992700729927008,0.9992700729927008,FGSM,0.15,1,backdoor,
RF,FGSM_eps0.15,4032,4015,0.9716064757160647,0.9682539682539683,FGSM,0.15,1,ddos,
RF,FGSM_eps0.15,3977,3971,0.9949634852681944,0.9942167462911743,FGSM,0.15,1,dos,
RF,FGSM_eps0.15,3898,3897,0.9987169617654607,0.9987172909184197,FGSM,0.15,1,injection,
RF,FGSM_eps0.15,200,194,0.8247422680412371,0.815,FGSM,0.15,1,mitm,
RF,FGSM_eps0.15,10000,0,,,FGSM,0.15,1,normal,
RF,FGSM_eps0.15,4008,4007,0.99900174694285,0.9987524950099801,FGSM,0.15,1,password,
RF,FGSM_eps0.15,4083,4083,0.9946118050453098,0.9946118050453098,FGSM,0.15,1,ransomware,
RF,FGSM_eps0.15,4043,4043,0.9977739302498145,0.9977739302498145,FGSM,0.15,1,scanning,
RF,FGSM_eps0.15,3858,3855,0.9914396887159533,0.9906687402799378,FGSM,0.15,1,xss,
MLP,FGSM_eps0.15,4110,4109,0.9987831589194451,0.9987834549878345,FGSM,0.15,1,backdoor,
MLP,FGSM_eps0.15,4032,3034,0.984179301252472,0.8390376984126984,FGSM,0.15,1,ddos,
MLP,FGSM_eps0.15,3977,3936,0.9994918699186992,0.9922051797837566,FGSM,0.15,1,dos,
MLP,FGSM_eps0.15,3898,3880,0.9997422680412371,0.9969214982042073,FGSM,0.15,1,injection,
MLP,FGSM_eps0.15,200,163,0.9693251533742331,0.815,FGSM,0.15,1,mitm,
MLP,FGSM_eps0.15,10000,0,,,FGSM,0.15,1,normal,
MLP,FGSM_eps0.15,4008,4002,0.9997501249375312,0.998253493013972,FGSM,0.15,1,password,
MLP,FGSM_eps0.15,4083,4039,1.0,0.994366887092824,FGSM,0.15,1,ransomware,
MLP,FGSM_eps0.15,4043,3980,0.9864321608040201,0.977244620331437,FGSM,0.15,1,scanning,
MLP,FGSM_eps0.15,3858,3821,0.9971211724679403,0.9880767236910316,FGSM,0.15,1,xss,
LR,FGSM_eps0.3,4110,4108,0.9973222979552093,0.997080291970803,FGSM,0.3,1,backdoor,
LR,FGSM_eps0.3,4032,2966,0.48347943358057993,0.44246031746031744,FGSM,0.3,1,ddos,
LR,FGSM_eps0.3,3977,3494,0.0412135088723526,0.14357555946693487,FGSM,0.3,1,dos,
LR,FGSM_eps0.3,3898,3757,0.04711205749268033,0.07567983581323756,FGSM,0.3,1,injection,
LR,FGSM_eps0.3,200,77,0.3116883116883117,0.66,FGSM,0.3,1,mitm,
LR,FGSM_eps0.3,10000,0,,,FGSM,0.3,1,normal,
LR,FGSM_eps0.3,4008,3972,0.22910372608257804,0.23527944111776447,FGSM,0.3,1,password,
LR,FGSM_eps0.3,4083,3445,0.8563134978229318,0.878765613519471,FGSM,0.3,1,ransomware,
LR,FGSM_eps0.3,4043,3691,0.9235979409374153,0.9176354192431363,FGSM,0.3,1,scanning,
LR,FGSM_eps0.3,3858,3600,0.31666666666666665,0.35329186106791083,FGSM,0.3,1,xss,
SVM,FGSM_eps0.3,4110,4109,0.5200778778291555,0.5201946472019465,FGSM,0.3,1,backdoor,
SVM,FGSM_eps0.3,4032,2966,0.02191503708698584,0.10317460317460317,FGSM,0.3,1,ddos,
SVM,FGSM_eps0.3,3977,3494,0.9914138523182598,0.9801357807392507,FGSM,0.3,1,dos,
SVM,FGSM_eps0.3,3898,3757,0.002927867979771094,0.033350436121087734,FGSM,0.3,1,injection,
SVM,FGSM_eps0.3,200,77,0.2077922077922078,0.64,FGSM,0.3,1,mitm,
SVM,FGSM_eps0.3,10000,0,,,FGSM,0.3,1,normal,
SVM,FGSM_eps0.3,4008,3971,0.03248552002014606,0.040169660678642714,FGSM,0.3,1,password,
SVM,FGSM_eps0.3,4083,3433,0.6717157005534518,0.7239774675483713,FGSM,0.3,1,ransomware,
SVM,FGSM_eps0.3,4043,3698,0.32558139534883723,0.36557012119713084,FGSM,0.3,1,scanning,
SVM,FGSM_eps0.3,3858,3593,0.22376843863067075,0.2687921202695697,FGSM,0.3,1,xss,
RF,FGSM_eps0.3,4110,4110,1.0,1.0,FGSM,0.3,1,backdoor,
RF,FGSM_eps0.3,4032,4015,0.9835616438356164,0.980406746031746,FGSM,0.3,1,ddos,
RF,FGSM_eps0.3,3977,3971,0.9949634852681944,0.9942167462911743,FGSM,0.3,1,dos,
RF,FGSM_eps0.3,3898,3897,0.9987169617654607,0.9987172909184197,FGSM,0.3,1,injection,
RF,FGSM_eps0.3,200,194,0.8298969072164949,0.82,FGSM,0.3,1,mitm,
RF,FGSM_eps0.3,10000,0,,,FGSM,0.3,1,normal,
RF,FGSM_eps0.3,4008,4007,0.99900174694285,0.9987524950099801,FGSM,0.3,1,password,
RF,FGSM_eps0.3,4083,4083,0.9946118050453098,0.9946118050453098,FGSM,0.3,1,ransomware,
RF,FGSM_eps0.3,4043,4043,0.9967845659163987,0.9967845659163987,FGSM,0.3,1,scanning,
RF,FGSM_eps0.3,3858,3855,0.9916990920881972,0.991187143597719,FGSM,0.3,1,xss,
MLP,FGSM_eps0.3,4110,4109,0.9987831589194451,0.9987834549878345,FGSM,0.3,1,backdoor,
MLP,FGSM_eps0.3,4032,3034,0.6862228081740277,0.7309027777777778,FGSM,0.3,1,ddos,
MLP,FGSM_eps0.3,3977,3936,0.9984756097560976,0.9934624088508927,FGSM,0.3,1,dos,
MLP,FGSM_eps0.3,3898,3880,0.527319587628866,0.5279630579784504,FGSM,0.3,1,injection,
MLP,FGSM_eps0.3,200,163,0.901840490797546,0.765,FGSM,0.3,1,mitm,
MLP,FGSM_eps0.3,10000,0,,,FGSM,0.3,1,normal,
MLP,FGSM_eps0.3,4008,4002,0.5017491254372813,0.5012475049900199,FGSM,0.3,1,password,
MLP,FGSM_eps0.3,4083,4039,0.9418172815053231,0.9368111682586333,FGSM,0.3,1,ransomware,
MLP,FGSM_eps0.3,4043,3980,0.6768844221105528,0.6789512738065793,FGSM,0.3,1,scanning,
MLP,FGSM_eps0.3,3858,3821,0.7853964930646428,0.7791601866251944,FGSM,0.3,1,xss,
LR,FGSM_eps0.5,4110,4108,0.998539435248296,0.9982968369829683,FGSM,0.5,1,backdoor,
LR,FGSM_eps0.5,4032,2966,0.8236682400539447,0.6924603174603174,FGSM,0.5,1,ddos,
LR,FGSM_eps0.5,3977,3494,0.9957069261591299,0.9773698767915514,FGSM,0.5,1,dos,
LR,FGSM_eps0.5,3898,3757,0.6103273888741017,0.6177526936890713,FGSM,0.5,1,injection,
LR,FGSM_eps0.5,200,77,0.5454545454545454,0.74,FGSM,0.5,1,mitm,
LR,FGSM_eps0.5,10000,0,,,FGSM,0.5,1,normal,
LR,FGSM_eps0.5,4008,3972,0.7346424974823766,0.7360279441117764,FGSM,0.5,1,password,
LR,FGSM_eps0.5,4083,3445,0.9654571843251089,0.9708547636541759,FGSM,0.5,1,ransomware,
LR,FGSM_eps0.5,4043,3691,0.978867515578434,0.9628988374969082,FGSM,0.5,1,scanning,
LR,FGSM_eps0.5,3858,3600,0.8425,0.8413685847589425,FGSM,0.5,1,xss,
SVM,FGSM_eps0.5,4110,4109,0.9985397907033341,0.9985401459854014,FGSM,0.5,1,backdoor,
SVM,FGSM_eps0.5,4032,2966,0.6136210384356036,0.5376984126984127,FGSM,0.5,1,ddos,
SVM,FGSM_eps0.5,3977,3494,0.9951345163136806,0.978124214231833,FGSM,0.5,1,dos,
SVM,FGSM_eps0.5,3898,3757,0.5996805962203886,0.6067213955874807,FGSM,0.5,1,injection,
SVM,FGSM_eps0.5,200,77,0.5454545454545454,0.745,FGSM,0.5,1,mitm,
SVM,FGSM_eps0.5,10000,0,,,FGSM,0.5,1,normal,
SVM,FGSM_eps0.5,4008,3971,0.6698564593301436,0.6716566866267465,FGSM,0.5,1,password,
SVM,FGSM_eps0.5,4083,3433,0.8840664142149723,0.9025226549106049,FGSM,0.5,1,ransomware,
SVM,FGSM_eps0.5,4043,3698,0.9280692266089778,0.9121939154093495,FGSM,0.5,1,scanning,
SVM,FGSM_eps0.5,3858,3593,0.7990537155580295,0.7988595127008813,FGSM,0.5,1,xss,
RF,FGSM_eps0.5,4110,4110,0.9997566909975669,0.9997566909975669,FGSM,0.5,1,backdoor,
RF,FGSM_eps0.5,4032,4015,0.9840597758405978,0.9813988095238095,FGSM,0.5,1,ddos,
RF,FGSM_eps0.5,3977,3971,0.9959707882145555,0.9957254211717375,FGSM,0.5,1,dos,
RF,FGSM_eps0.5,3898,3897,0.9997433923530922,0.9997434581836839,FGSM,0.5,1,injection,
RF,FGSM_eps0.5,200,194,0.8608247422680413,0.855,FGSM,0.5,1,mitm,
RF,FGSM_eps0.5,10000,0,,,FGSM,0.5,1,normal,
RF,FGSM_eps0.5,4008,4007,0.9992513102071375,0.999001996007984,FGSM,0.5,1,password,
RF,FGSM_eps0.5,4083,4083,0.9946118050453098,0.9946118050453098,FGSM,0.5,1,ransomware,
RF,FGSM_eps0.5,4043,4043,0.9727924808310661,0.9727924808310661,FGSM,0.5,1,scanning,
RF,FGSM_eps0.5,3858,3855,0.9940337224383917,0.993260756868844,FGSM,0.5,1,xss,
MLP,FGSM_eps0.5,4110,4109,0.9987831589194451,0.9987834549878345,FGSM,0.5,1,backdoor,
MLP,FGSM_eps0.5,4032,3034,0.6849044166117337,0.7299107142857143,FGSM,0.5,1,ddos,
MLP,FGSM_eps0.5,3977,3936,0.9982215447154471,0.9932109630374655,FGSM,0.5,1,dos,
MLP,FGSM_eps0.5,3898,3880,0.5255154639175258,0.5261672652642381,FGSM,0.5,1,injection,
MLP,FGSM_eps0.5,200,163,0.9079754601226994,0.77,FGSM,0.5,1,mitm,
MLP,FGSM_eps0.5,10000,0,,,FGSM,0.5,1,normal,
MLP,FGSM_eps0.5,4008,4002,0.5399800099950025,0.5394211576846307,FGSM,0.5,1,password,
MLP,FGSM_eps0.5,4083,4039,0.9088883386976975,0.9042370805780063,FGSM,0.5,1,ransomware,
MLP,FGSM_eps0.5,4043,3980,0.6939698492462312,0.6957704674746475,FGSM,0.5,1,scanning,
MLP,FGSM_eps0.5,3858,3821,0.5488092122481026,0.5448418869880767,FGSM,0.5,1,xss,
LR,FGSM_eps0.75,4110,4108,0.9995131450827653,0.9992700729927008,FGSM,0.75,1,backdoor,
LR,FGSM_eps0.75,4032,2966,0.9919082939986514,0.8162202380952381,FGSM,0.75,1,ddos,
LR,FGSM_eps0.75,3977,3494,0.9962793360045793,0.9778727684184059,FGSM,0.75,1,dos,
LR,FGSM_eps0.75,3898,3757,0.9997338301836571,0.9928168291431503,FGSM,0.75,1,injection,
LR,FGSM_eps0.75,200,77,0.6493506493506493,0.78,FGSM,0.75,1,mitm,
LR,FGSM_eps0.75,10000,0,,,FGSM,0.75,1,normal,
LR,FGSM_eps0.75,4008,3972,0.9984894259818731,0.9975049900199601,FGSM,0.75,1,password,
LR,FGSM_eps0.75,4083,3445,0.9933236574746008,0.994366887092824,FGSM,0.75,1,ransomware,
LR,FGSM_eps0.75,4043,3691,0.9986453535627201,0.9782339846648528,FGSM,0.75,1,scanning,
LR,FGSM_eps0.75,3858,3600,0.9866666666666667,0.9758942457231726,FGSM,0.75,1,xss,
SVM,FGSM_eps0.75,4110,4109,0.9992698953516671,0.9992700729927008,FGSM,0.75,1,backdoor,
SVM,FGSM_eps0.75,4032,2966,0.9925826028320971,0.816468253968254,FGSM,0.75,1,ddos,
SVM,FGSM_eps0.75,3977,3494,0.9954207212364052,0.9763640935378426,FGSM,0.75,1,dos,
SVM,FGSM_eps0.75,3898,3757,0.9177535267500665,0.9125192406362237,FGSM,0.75,1,injection,
SVM,FGSM_eps0.75,200,77,0.6493506493506493,0.76,FGSM,0.75,1,mitm,
SVM,FGSM_eps0.75,10000,0,,,FGSM,0.75,1,normal,
SVM,FGSM_eps0.75,4008,3971,0.9745656006043818,0.9735528942115769,FGSM,0.75,1,password,
SVM,FGSM_eps0.75,4083,3433,0.9732012816778328,0.9774675483712956,FGSM,0.75,1,ransomware,
SVM,FGSM_eps0.75,4043,3698,0.9878312601406165,0.9656195894138017,FGSM,0.75,1,scanning,
SVM,FGSM_eps0.75,3858,3593,0.932925132201503,0.9224987039917055,FGSM,0.75,1,xss,
RF,FGSM_eps0.75,4110,4110,0.4856447688564477,0.4856447688564477,FGSM,0.75,1,backdoor,
RF,FGSM_eps0.75,4032,4015,0.9708592777085928,0.9675099206349206,FGSM,0.75,1,ddos,
RF,FGSM_eps0.75,3977,3971,0.9964744396877361,0.9957254211717375,FGSM,0.75,1,dos,
RF,FGSM_eps0.75,3898,3897,0.9994867847061842,0.9994869163673679,FGSM,0.75,1,injection,
RF,FGSM_eps0.75,200,194,0.8608247422680413,0.855,FGSM,0.75,1,mitm,
RF,FGSM_eps0.75,10000,0,,,FGSM,0.75,1,normal,
RF,FGSM_eps0.75,4008,4007,0.9992513102071375,0.999001996007984,FGSM,0.75,1,password,
RF,FGSM_eps0.75,4083,4083,0.9921626255204506,0.9921626255204506,FGSM,0.75,1,ransomware,
RF,FGSM_eps0.75,4043,4043,0.8726193420727183,0.8726193420727183,FGSM,0.75,1,scanning,
RF,FGSM_eps0.75,3858,3855,0.9940337224383917,0.993260756868844,FGSM,0.75,1,xss,
MLP,FGSM_eps0.75,4110,4109,0.48454611827695304,0.4846715328467153,FGSM,0.75,1,backdoor,
MLP,FGSM_eps0.75,4032,3034,0.6793012524719841,0.7256944444444444,FGSM,0.75,1,ddos,
MLP,FGSM_eps0.75,3977,3936,0.9979674796747967,0.9929595172240382,FGSM,0.75,1,dos,
MLP,FGSM_eps0.75,3898,3880,0.525,0.5256541816316059,FGSM,0.75,1,injection,
MLP,FGSM_eps0.75,200,163,0.9141104294478528,0.775,FGSM,0.75,1,mitm,
MLP,FGSM_eps0.75,10000,0,,,FGSM,0.75,1,normal,
MLP,FGSM_eps0.75,4008,4002,0.49775112443778113,0.4972554890219561,FGSM,0.75,1,password,
MLP,FGSM_eps0.75,4083,4039,0.8524387224560535,0.8483957874112172,FGSM,0.75,1,ransomware,
MLP,FGSM_eps0.75,4043,3980,0.4914572864321608,0.49666089537472174,FGSM,0.75,1,scanning,
MLP,FGSM_eps0.75,3858,3821,0.533891651400157,0.5300673924313115,FGSM,0.75,1,xss,
LR,PGD_eps0.15_it10,4110,4108,0.5143622200584226,0.5143552311435523,PGD,0.15,10,backdoor,
LR,PGD_eps0.15_it10,4032,2966,0.0077545515846257585,0.16567460317460317,PGD,0.15,10,ddos,
LR,PGD_eps0.15_it10,3977,3494,0.0008586147681740126,0.12069399044505909,PGD,0.15,10,dos,
LR,PGD_eps0.15_it10,3898,3757,0.0,0.035659312467932275,PGD,0.15,10,injection,
LR,PGD_eps0.15_it10,200,77,0.012987012987012988,0.615,PGD,0.15,10,mitm,
LR,PGD_eps0.15_it10,10000,0,,,PGD,0.15,10,normal,
LR,PGD_eps0.15_it10,4008,3972,0.028700906344410877,0.0374251497005988,PGD,0.15,10,password,
LR,PGD_eps0.15_it10,4083,3445,0.40638606676342526,0.48273328434974283,PGD,0.15,10,ransomware,
LR,PGD_eps0.15_it10,4043,3691,0.14332159306421025,0.2139500371011625,PGD,0.15,10,scanning,
LR,PGD_eps0.15_it10,3858,3600,0.005555555555555556,0.07153965785381027,PGD,0.15,10,xss,
SVM,PGD_eps0.15_it10,4110,4109,0.0,0.00024330900243309004,PGD,0.15,10,backdoor,
SVM,PGD_eps0.15_it10,4032,2966,0.039447066756574514,0.20014880952380953,PGD,0.15,10,ddos,
SVM,PGD_eps0.15_it10,3977,3494,0.0011448196908986834,0.11792808649735982,PGD,0.15,10,dos,
SVM,PGD_eps0.15_it10,3898,3757,0.0013308490817141336,0.03694202154951257,PGD,0.15,10,injection,
SVM,PGD_eps0.15_it10,200,77,0.012987012987012988,0.61,PGD,0.15,10,mitm,
SVM,PGD_eps0.15_it10,10000,0,,,PGD,0.15,10,normal,
SVM,PGD_eps0.15_it10,4008,3971,0.009065726517250064,0.017964071856287425,PGD,0.15,10,password,
SVM,PGD_eps0.15_it10,4083,3433,0.16428779493154674,0.2973303943179035,PGD,0.15,10,ransomware,
SVM,PGD_eps0.15_it10,4043,3698,0.09762033531638724,0.16967598318080634,PGD,0.15,10,scanning,
SVM,PGD_eps0.15_it10,3858,3593,0.0030615084887280824,0.07128045619491964,PGD,0.15,10,xss,
RF,PGD_eps0.15_it10,4110,4110,0.881021897810219,0.881021897810219,PGD,0.15,10,backdoor,
RF,PGD_eps0.15_it10,4032,4015,0.9496886674968866,0.9489087301587301,PGD,0.15,10,ddos,
RF,PGD_eps0.15_it10,3977,3971,0.9894233190632082,0.9886849383957758,PGD,0.15,10,dos,
RF,PGD_eps0.15_it10,3898,3897,0.9089042853477034,0.9086711133914828,PGD,0.15,10,injection,
RF,PGD_eps0.15_it10,200,194,0.8247422680412371,0.82,PGD,0.15,10,mitm,
RF,PGD_eps0.15_it10,10000,0,,,PGD,0.15,10,normal,
RF,PGD_eps0.15_it10,4008,4007,0.9119041677065136,0.9116766467065869,PGD,0.15,10,password,
RF,PGD_eps0.15_it10,4083,4083,0.8584374234631399,0.8584374234631399,PGD,0.15,10,ransomware,
RF,PGD_eps0.15_it10,4043,4043,0.9342072718278506,0.9342072718278506,PGD,0.15,10,scanning,
RF,PGD_eps0.15_it10,3858,3855,0.9369649805447471,0.9367547952306895,PGD,0.15,10,xss,
MLP,PGD_eps0.15_it10,4110,4109,0.9992698953516671,0.9990267639902677,PGD,0.15,10,backdoor,
MLP,PGD_eps0.15_it10,4032,3034,0.9911008569545154,0.7631448412698413,PGD,0.15,10,ddos,
MLP,PGD_eps0.15_it10,3977,3936,1.0,0.9909479507166206,PGD,0.15,10,dos,
MLP,PGD_eps0.15_it10,3898,3880,0.9878865979381444,0.9835813237557722,PGD,0.15,10,injection,
MLP,PGD_eps0.15_it10,200,163,0.9754601226993865,0.82,PGD,0.15,10,mitm,
MLP,PGD_eps0.15_it10,10000,0,,,PGD,0.15,10,normal,
MLP,PGD_eps0.15_it10,4008,4002,0.9947526236881559,0.9932634730538922,PGD,0.15,10,password,
MLP,PGD_eps0.15_it10,4083,4039,0.9888586283733597,0.9833455792309577,PGD,0.15,10,ransomware,
MLP,PGD_eps0.15_it10,4043,3980,0.9668341708542714,0.9532525352461044,PGD,0.15,10,scanning,
MLP,PGD_eps0.15_it10,3858,3821,0.9984297304370584,0.9888543286677035,PGD,0.15,10,xss,
LR,PGD_eps0.15_it25,4110,4108,0.5143622200584226,0.5143552311435523,PGD,0.15,25,backdoor,
LR,PGD_eps0.15_it25,4032,2966,0.0077545515846257585,0.23115079365079366,PGD,0.15,25,ddos,
LR,PGD_eps0.15_it25,3977,3494,0.0005724098454493417,0.11943676137792306,PGD,0.15,25,dos,
LR,PGD_eps0.15_it25,3898,3757,0.0005323396326856535,0.03514622883530016,PGD,0.15,25,injection,
LR,PGD_eps0.15_it25,200,77,0.0,0.61,PGD,0.15,25,mitm,
LR,PGD_eps0.15_it25,10000,0,,,PGD,0.15,25,normal,
LR,PGD_eps0.15_it25,4008,3972,0.031973816717019134,0.0406686626746507,PGD,0.15,25,password,
LR,PGD_eps0.15_it25,4083,3445,0.27692307692307694,0.3899093803575802,PGD,0.15,25,ransomware,
LR,PGD_eps0.15_it25,4043,3691,0.11622866431861284,0.19020529309918377,PGD,0.15,25,scanning,
LR,PGD_eps0.15_it25,3858,3600,0.005555555555555556,0.07179885951270087,PGD,0.15,25,xss,
SVM,PGD_eps0.15_it25,4110,4109,0.0,0.00024330900243309004,PGD,0.15,25,backdoor,
SVM,PGD_eps0.15_it25,4032,2966,0.019892110586648686,0.2614087301587302,PGD,0.15,25,ddos,
SVM,PGD_eps0.15_it25,3977,3494,0.0011448196908986834,0.11667085743022379,PGD,0.15,25,dos,
SVM,PGD_eps0.15_it25,3898,3757,0.02262443438914027,0.056952283222165216,PGD,0.15,25,injection,
SVM,PGD_eps0.15_it25,200,77,0.0,0.61,PGD,0.15,25,mitm,
SVM,PGD_eps0.15_it25,10000,0,,,PGD,0.15,25,normal,
SVM,PGD_eps0.15_it25,4008,3971,0.03500377738604885,0.043912175648702596,PGD,0.15,25,password,
SVM,PGD_eps0.15_it25,4083,3433,0.10777745412175939,0.24981631153563555,PGD,0.15,25,ransomware,
SVM,PGD_eps0.15_it25,4043,3698,0.08491076257436452,0.16151372743012615,PGD,0.15,25,scanning,
SVM,PGD_eps0.15_it25,3858,3593,0.002226551628165878,0.0705028512182478,PGD,0.15,25,xss,
RF,PGD_eps0.15_it25,4110,4110,0.9992700729927008,0.9992700729927008,PGD,0.15,25,backdoor,
RF,PGD_eps0.15_it25,4032,4015,0.9892901618929016,0.9885912698412699,PGD,0.15,25,ddos,
RF,PGD_eps0.15_it25,3977,3971,0.9929488793754722,0.9922051797837566,PGD,0.15,25,dos,
RF,PGD_eps0.15_it25,3898,3897,0.9984603541185527,0.9984607491021037,PGD,0.15,25,injection,
RF,PGD_eps0.15_it25,200,194,0.8402061855670103,0.83,PGD,0.15,25,mitm,
RF,PGD_eps0.15_it25,10000,0,,,PGD,0.15,25,normal,
RF,PGD_eps0.15_it25,4008,4007,0.9992513102071375,0.999001996007984,PGD,0.15,25,password,
RF,PGD_eps0.15_it25,4083,4083,0.9921626255204506,0.9921626255204506,PGD,0.15,25,ransomware,
RF,PGD_eps0.15_it25,4043,4043,0.9886223101657186,0.9886223101657186,PGD,0.15,25,scanning,
RF,PGD_eps0.15_it25,3858,3855,0.9891050583657588,0.9888543286677035,PGD,0.15,25,xss,
MLP,PGD_eps0.15_it25,4110,4109,0.5220248235580434,0.5218978102189781,PGD,0.15,25,backdoor,
MLP,PGD_eps0.15_it25,4032,3034,0.8796967699406724,0.6917162698412699,PGD,0.15,25,ddos,
MLP,PGD_eps0.15_it25,3977,3936,0.9997459349593496,0.9904450590897661,PGD,0.15,25,dos,
MLP,PGD_eps0.15_it25,3898,3880,0.9963917525773196,0.9917906618778861,PGD,0.15,25,injection,
MLP,PGD_eps0.15_it25,200,163,0.9754601226993865,0.82,PGD,0.15,25,mitm,
MLP,PGD_eps0.15_it25,10000,0,,,PGD,0.15,25,normal,
MLP,PGD_eps0.15_it25,4008,4002,0.9112943528235882,0.9099301397205589,PGD,0.15,25,password,
MLP,PGD_eps0.15_it25,4083,4039,0.9896013864818024,0.9840803330884154,PGD,0.15,25,ransomware,
MLP,PGD_eps0.15_it25,4043,3980,0.942713567839196,0.9290131090774177,PGD,0.15,25,scanning,
MLP,PGD_eps0.15_it25,3858,3821,0.9918869405914682,0.9823742871954381,PGD,0.15,25,xss,
LR,PGD_eps0.3_it10,4110,4108,0.9917234664070107,0.9914841849148418,PGD,0.3,10,backdoor,
LR,PGD_eps0.3_it10,4032,2966,0.05124747134187458,0.20684523809523808,PGD,0.3,10,ddos,
LR,PGD_eps0.3_it10,3977,3494,0.0005724098454493417,0.093789288408348,PGD,0.3,10,dos,
LR,PGD_eps0.3_it10,3898,3757,0.08810220920947565,0.11903540277065161,PGD,0.3,10,injection,
LR,PGD_eps0.3_it10,200,77,0.14285714285714285,0.65,PGD,0.3,10,mitm,
LR,PGD_eps0.3_it10,10000,0,,,PGD,0.3,10,normal,
LR,PGD_eps0.3_it10,4008,3972,0.15760322255790535,0.16492015968063872,PGD,0.3,10,password,
LR,PGD_eps0.3_it10,4083,3445,0.518722786647315,0.588537839823659,PGD,0.3,10,ransomware,
LR,PGD_eps0.3_it10,4043,3691,0.5358981305879166,0.5703685382141974,PGD,0.3,10,scanning,
LR,PGD_eps0.3_it10,3858,3600,0.08027777777777778,0.13530326594090203,PGD,0.3,10,xss,
SVM,PGD_eps0.3_it10,4110,4109,0.9912387442200049,0.9912408759124087,PGD,0.3,10,backdoor,
SVM,PGD_eps0.3_it10,4032,2966,0.1095751854349292,0.26587301587301587,PGD,0.3,10,ddos,
SVM,PGD_eps0.3_it10,3977,3494,0.0017172295363480253,0.09429218003520241,PGD,0.3,10,dos,
SVM,PGD_eps0.3_it10,3898,3757,0.32632419483630554,0.34889687018984095,PGD,0.3,10,injection,
SVM,PGD_eps0.3_it10,200,77,0.07792207792207792,0.63,PGD,0.3,10,mitm,
SVM,PGD_eps0.3_it10,10000,0,,,PGD,0.3,10,normal,
SVM,PGD_eps0.3_it10,4008,3971,0.3137748677914883,0.3198602794411178,PGD,0.3,10,password,
SVM,PGD_eps0.3_it10,4083,3433,0.3964462569181474,0.49253000244917955,PGD,0.3,10,ransomware,
SVM,PGD_eps0.3_it10,4043,3698,0.41292590589507844,0.45881770962156815,PGD,0.3,10,scanning,
SVM,PGD_eps0.3_it10,3858,3593,0.26857779014750904,0.3128564022809746,PGD,0.3,10,xss,
RF,PGD_eps0.3_it10,4110,4110,0.9980535279805353,0.9980535279805353,PGD,0.3,10,backdoor,
RF,PGD_eps0.3_it10,4032,4015,0.9342465753424658,0.933531746031746,PGD,0.3,10,ddos,
RF,PGD_eps0.3_it10,3977,3971,0.9947116595316041,0.993965300477747,PGD,0.3,10,dos,
RF,PGD_eps0.3_it10,3898,3897,0.9543238388503977,0.9543355566957414,PGD,0.3,10,injection,
RF,PGD_eps0.3_it10,200,194,0.845360824742268,0.845,PGD,0.3,10,mitm,
RF,PGD_eps0.3_it10,10000,0,,,PGD,0.3,10,normal,
RF,PGD_eps0.3_it10,4008,4007,0.8300474170202147,0.8298403193612774,PGD,0.3,10,password,
RF,PGD_eps0.3_it10,4083,4083,0.9806514817536125,0.9806514817536125,PGD,0.3,10,ransomware,
RF,PGD_eps0.3_it10,4043,4043,0.9569626514964136,0.9569626514964136,PGD,0.3,10,scanning,
RF,PGD_eps0.3_it10,3858,3855,0.9413748378728923,0.94116122343183,PGD,0.3,10,xss,
MLP,PGD_eps0.3_it10,4110,4109,0.999513263567778,0.9992700729927008,PGD,0.3,10,backdoor,
MLP,PGD_eps0.3_it10,4032,3034,0.990771259063942,0.75,PGD,0.3,10,ddos,
MLP,PGD_eps0.3_it10,3977,3936,1.0,0.9904450590897661,PGD,0.3,10,dos,
MLP,PGD_eps0.3_it10,3898,3880,0.9994845360824742,0.9951257054899949,PGD,0.3,10,injection,
MLP,PGD_eps0.3_it10,200,163,0.9938650306748467,0.835,PGD,0.3,10,mitm,
MLP,PGD_eps0.3_it10,10000,0,,,PGD,0.3,10,normal,
MLP,PGD_eps0.3_it10,4008,4002,0.9997501249375312,0.998253493013972,PGD,0.3,10,password,
MLP,PGD_eps0.3_it10,4083,4039,1.0,0.994366887092824,PGD,0.3,10,ransomware,
MLP,PGD_eps0.3_it10,4043,3980,1.0,0.9854068760821172,PGD,0.3,10,scanning,
MLP,PGD_eps0.3_it10,3858,3821,0.9973828840617639,0.987817522032141,PGD,0.3,10,xss,
LR,PGD_eps0.3_it25,4110,4108,0.9917234664070107,0.9914841849148418,PGD,0.3,25,backdoor,
LR,PGD_eps0.3_it25,4032,2966,0.09271746459878624,0.2591765873015873,PGD,0.3,25,ddos,
LR,PGD_eps0.3_it25,3977,3494,0.0028620492272467086,0.09202916771435755,PGD,0.3,25,dos,
LR,PGD_eps0.3_it25,3898,3757,0.2856002129358531,0.3081067213955875,PGD,0.3,25,injection,
LR,PGD_eps0.3_it25,200,77,0.23376623376623376,0.655,PGD,0.3,25,mitm,
LR,PGD_eps0.3_it25,10000,0,,,PGD,0.3,25,normal,
LR,PGD_eps0.3_it25,4008,3972,0.2663645518630413,0.27245508982035926,PGD,0.3,25,password,
LR,PGD_eps0.3_it25,4083,3445,0.4426705370101596,0.5280431055596375,PGD,0.3,25,ransomware,
LR,PGD_eps0.3_it25,4043,3691,0.4800866973719859,0.5196636161266386,PGD,0.3,25,scanning,
LR,PGD_eps0.3_it25,3858,3600,0.31583333333333335,0.35303265940902023,PGD,0.3,25,xss,
SVM,PGD_eps0.3_it25,4110,4109,0.514480408858603,0.5145985401459854,PGD,0.3,25,backdoor,
SVM,PGD_eps0.3_it25,4032,2966,0.1153068105192178,0.29216269841269843,PGD,0.3,25,ddos,
SVM,PGD_eps0.3_it25,3977,3494,0.003720663995420721,0.09529796328891124,PGD,0.3,25,dos,
SVM,PGD_eps0.3_it25,3898,3757,0.4620708011711472,0.47947665469471523,PGD,0.3,25,injection,
SVM,PGD_eps0.3_it25,200,77,0.22077922077922077,0.675,PGD,0.3,25,mitm,
SVM,PGD_eps0.3_it25,10000,0,,,PGD,0.3,25,normal,
SVM,PGD_eps0.3_it25,4008,3971,0.4124905565348779,0.4176646706586826,PGD,0.3,25,password,
SVM,PGD_eps0.3_it25,4083,3433,0.33818817360908826,0.4433014939995102,PGD,0.3,25,ransomware,
SVM,PGD_eps0.3_it25,4043,3698,0.3953488372093023,0.4422458570368538,PGD,0.3,25,scanning,
SVM,PGD_eps0.3_it25,3858,3593,0.37684386306707485,0.4139450492483152,PGD,0.3,25,xss,
RF,PGD_eps0.3_it25,4110,4110,0.9995133819951338,0.9995133819951338,PGD,0.3,25,backdoor,
RF,PGD_eps0.3_it25,4032,4015,0.9927770859277708,0.9918154761904762,PGD,0.3,25,ddos,
RF,PGD_eps0.3_it25,3977,3971,0.995467136741375,0.9947196379180286,PGD,0.3,25,dos,
RF,PGD_eps0.3_it25,3898,3897,0.9989735694123685,0.9989738327347357,PGD,0.3,25,injection,
RF,PGD_eps0.3_it25,200,194,0.8556701030927835,0.855,PGD,0.3,25,mitm,
RF,PGD_eps0.3_it25,10000,0,,,PGD,0.3,25,normal,
RF,PGD_eps0.3_it25,4008,4007,0.99900174694285,0.9987524950099801,PGD,0.3,25,password,
RF,PGD_eps0.3_it25,4083,4083,0.9897134459955915,0.9897134459955915,PGD,0.3,25,ransomware,
RF,PGD_eps0.3_it25,4043,4043,0.9883749690823646,0.9883749690823646,PGD,0.3,25,scanning,
RF,PGD_eps0.3_it25,3858,3855,0.991958495460441,0.9917055469155003,PGD,0.3,25,xss,
MLP,PGD_eps0.3_it25,4110,4109,0.999513263567778,0.9992700729927008,PGD,0.3,25,backdoor,
MLP,PGD_eps0.3_it25,4032,3034,0.9930784442979564,0.8090277777777778,PGD,0.3,25,ddos,
MLP,PGD_eps0.3_it25,3977,3936,1.0,0.9906965049031934,PGD,0.3,25,dos,
MLP,PGD_eps0.3_it25,3898,3880,0.9997422680412371,0.995382247306311,PGD,0.3,25,injection,
MLP,PGD_eps0.3_it25,200,163,0.9938650306748467,0.835,PGD,0.3,25,mitm,
MLP,PGD_eps0.3_it25,10000,0,,,PGD,0.3,25,normal,
MLP,PGD_eps0.3_it25,4008,4002,0.9995002498750625,0.998253493013972,PGD,0.3,25,password,
MLP,PGD_eps0.3_it25,4083,4039,0.9955434513493439,0.9899583639480773,PGD,0.3,25,ransomware,
MLP,PGD_eps0.3_it25,4043,3980,0.9937185929648241,0.9799653722483305,PGD,0.3,25,scanning,
MLP,PGD_eps0.3_it25,3858,3821,0.9989531536247056,0.9896319336443753,PGD,0.3,25,xss,
LR,PGD_eps0.5_it10,4110,4108,0.9929406037000974,0.9927007299270073,PGD,0.5,10,backdoor,
LR,PGD_eps0.5_it10,4032,2966,0.19318948078219825,0.21899801587301587,PGD,0.5,10,ddos,
LR,PGD_eps0.5_it10,3977,3494,0.0017172295363480253,0.0857430223786774,PGD,0.5,10,dos,
LR,PGD_eps0.5_it10,3898,3757,0.23742347617780143,0.2603899435608004,PGD,0.5,10,injection,
LR,PGD_eps0.5_it10,200,77,0.15584415584415584,0.615,PGD,0.5,10,mitm,
LR,PGD_eps0.5_it10,10000,0,,,PGD,0.5,10,normal,
LR,PGD_eps0.5_it10,4008,3972,0.1890735146022155,0.19560878243512975,PGD,0.5,10,password,
LR,PGD_eps0.5_it10,4083,3445,0.6920174165457185,0.7347538574577517,PGD,0.5,10,ransomware,
LR,PGD_eps0.5_it10,4043,3691,0.6071525331888377,0.6292357160524363,PGD,0.5,10,scanning,
LR,PGD_eps0.5_it10,3858,3600,0.3433333333333333,0.3761016070502851,PGD,0.5,10,xss,
SVM,PGD_eps0.5_it10,4110,4109,0.9914821124361158,0.9914841849148418,PGD,0.5,10,backdoor,
SVM,PGD_eps0.5_it10,4032,2966,0.23499662845583277,0.24950396825396826,PGD,0.5,10,ddos,
SVM,PGD_eps0.5_it10,3977,3494,0.003720663995420721,0.08800603469952226,PGD,0.5,10,dos,
SVM,PGD_eps0.5_it10,3898,3757,0.4769763108863455,0.49256028732683427,PGD,0.5,10,injection,
SVM,PGD_eps0.5_it10,200,77,0.18181818181818182,0.655,PGD,0.5,10,mitm,
SVM,PGD_eps0.5_it10,10000,0,,,PGD,0.5,10,normal,
SVM,PGD_eps0.5_it10,4008,3971,0.44623520523797533,0.4505988023952096,PGD,0.5,10,password,
SVM,PGD_eps0.5_it10,4083,3433,0.5225750072822604,0.5983345579230958,PGD,0.5,10,ransomware,
SVM,PGD_eps0.5_it10,4043,3698,0.4848566792861006,0.5169428642097452,PGD,0.5,10,scanning,
SVM,PGD_eps0.5_it10,3858,3593,0.45032006679654885,0.4771902540176257,PGD,0.5,10,xss,
RF,PGD_eps0.5_it10,4110,4110,0.9987834549878345,0.9987834549878345,PGD,0.5,10,backdoor,
RF,PGD_eps0.5_it10,4032,4015,0.9270236612702366,0.9270833333333334,PGD,0.5,10,ddos,
RF,PGD_eps0.5_it10,3977,3971,0.9939561823218332,0.9934624088508927,PGD,0.5,10,dos,
RF,PGD_eps0.5_it10,3898,3897,0.9319989735694124,0.9320164186762442,PGD,0.5,10,injection,
RF,PGD_eps0.5_it10,200,194,0.8195876288659794,0.815,PGD,0.5,10,mitm,
RF,PGD_eps0.5_it10,10000,0,,,PGD,0.5,10,normal,
RF,PGD_eps0.5_it10,4008,4007,0.8512602944846519,0.8510479041916168,PGD,0.5,10,password,
RF,PGD_eps0.5_it10,4083,4083,0.8880724957139359,0.8880724957139359,PGD,0.5,10,ransomware,
RF,PGD_eps0.5_it10,4043,4043,0.9530051941627504,0.9530051941627504,PGD,0.5,10,scanning,
RF,PGD_eps0.5_it10,3858,3855,0.9675745784695201,0.9675997926386729,PGD,0.5,10,xss,
MLP,PGD_eps0.5_it10,4110,4109,0.999513263567778,0.9992700729927008,PGD,0.5,10,backdoor,
MLP,PGD_eps0.5_it10,4032,3034,0.991430454845089,0.7507440476190477,PGD,0.5,10,ddos,
MLP,PGD_eps0.5_it10,3977,3936,1.0,0.9904450590897661,PGD,0.5,10,dos,
MLP,PGD_eps0.5_it10,3898,3880,1.0,0.995638789122627,PGD,0.5,10,injection,
MLP,PGD_eps0.5_it10,200,163,0.9938650306748467,0.835,PGD,0.5,10,mitm,
MLP,PGD_eps0.5_it10,10000,0,,,PGD,0.5,10,normal,
MLP,PGD_eps0.5_it10,4008,4002,1.0,0.9985029940119761,PGD,0.5,10,password,
MLP,PGD_eps0.5_it10,4083,4039,1.0,0.994366887092824,PGD,0.5,10,ransomware,
MLP,PGD_eps0.5_it10,4043,3980,1.0,0.9844175117487015,PGD,0.5,10,scanning,
MLP,PGD_eps0.5_it10,3858,3821,0.9997382884061764,0.9901503369621566,PGD,0.5,10,xss,
LR,PGD_eps0.5_it25,4110,4108,0.9924537487828627,0.9922141119221412,PGD,0.5,25,backdoor,
LR,PGD_eps0.5_it25,4032,2966,0.224881995954147,0.3501984126984127,PGD,0.5,25,ddos,
LR,PGD_eps0.5_it25,3977,3494,0.0025758443045220377,0.09102338446064873,PGD,0.5,25,dos,
LR,PGD_eps0.5_it25,3898,3757,0.522225179664626,0.5366854797331965,PGD,0.5,25,injection,
LR,PGD_eps0.5_it25,200,77,0.2727272727272727,0.67,PGD,0.5,25,mitm,
LR,PGD_eps0.5_it25,10000,0,,,PGD,0.5,25,normal,
LR,PGD_eps0.5_it25,4008,3972,0.4823766364551863,0.48677644710578843,PGD,0.5,25,password,
LR,PGD_eps0.5_it25,4083,3445,0.5796806966618288,0.6340925789860397,PGD,0.5,25,ransomware,
LR,PGD_eps0.5_it25,4043,3691,0.5665131400704416,0.599060103883255,PGD,0.5,25,scanning,
LR,PGD_eps0.5_it25,3858,3600,0.4725,0.49792638672887507,PGD,0.5,25,xss,
SVM,PGD_eps0.5_it25,4110,4109,0.32465320029204187,0.3248175182481752,PGD,0.5,25,backdoor,
SVM,PGD_eps0.5_it25,4032,2966,0.2744436952124073,0.3871527777777778,PGD,0.5,25,ddos,
SVM,PGD_eps0.5_it25,3977,3494,0.004006868918145392,0.09127483027407593,PGD,0.5,25,dos,
SVM,PGD_eps0.5_it25,3898,3757,0.7306361458610594,0.7378142637249872,PGD,0.5,25,injection,
SVM,PGD_eps0.5_it25,200,77,0.2987012987012987,0.685,PGD,0.5,25,mitm,
SVM,PGD_eps0.5_it25,10000,0,,,PGD,0.5,25,normal,
SVM,PGD_eps0.5_it25,4008,3971,0.616217577436414,0.6192614770459082,PGD,0.5,25,password,
SVM,PGD_eps0.5_it25,4083,3433,0.41858432857558986,0.48738672544697526,PGD,0.5,25,ransomware,
SVM,PGD_eps0.5_it25,4043,3698,0.508112493239589,0.544892406628741,PGD,0.5,25,scanning,
SVM,PGD_eps0.5_it25,3858,3593,0.5126635123851935,0.5355106272680145,PGD,0.5,25,xss,
RF,PGD_eps0.5_it25,4110,4110,0.9995133819951338,0.9995133819951338,PGD,0.5,25,backdoor,
RF,PGD_eps0.5_it25,4032,4015,0.9917808219178083,0.9913194444444444,PGD,0.5,25,ddos,
RF,PGD_eps0.5_it25,3977,3971,0.9957189624779652,0.9949710837314558,PGD,0.5,25,dos,
RF,PGD_eps0.5_it25,3898,3897,0.9799846035411856,0.9799897383273474,PGD,0.5,25,injection,
RF,PGD_eps0.5_it25,200,194,0.8195876288659794,0.82,PGD,0.5,25,mitm,
RF,PGD_eps0.5_it25,10000,0,,,PGD,0.5,25,normal,
RF,PGD_eps0.5_it25,4008,4007,0.9987521836785626,0.9985029940119761,PGD,0.5,25,password,
RF,PGD_eps0.5_it25,4083,4083,0.9664462405094293,0.9664462405094293,PGD,0.5,25,ransomware,
RF,PGD_eps0.5_it25,4043,4043,0.9886223101657186,0.9886223101657186,PGD,0.5,25,scanning,
RF,PGD_eps0.5_it25,3858,3855,0.9909208819714657,0.9909279419388284,PGD,0.5,25,xss,
MLP,PGD_eps0.5_it25,4110,4109,0.999513263567778,0.9992700729927008,PGD,0.5,25,backdoor,
MLP,PGD_eps0.5_it25,4032,3034,0.9937376400791035,0.7517361111111112,PGD,0.5,25,ddos,
MLP,PGD_eps0.5_it25,3977,3936,1.0,0.9904450590897661,PGD,0.5,25,dos,
MLP,PGD_eps0.5_it25,3898,3880,1.0,0.995382247306311,PGD,0.5,25,injection,
MLP,PGD_eps0.5_it25,200,163,0.9938650306748467,0.835,PGD,0.5,25,mitm,
MLP,PGD_eps0.5_it25,10000,0,,,PGD,0.5,25,normal,
MLP,PGD_eps0.5_it25,4008,4002,1.0,0.9985029940119761,PGD,0.5,25,password,
MLP,PGD_eps0.5_it25,4083,4039,1.0,0.994366887092824,PGD,0.5,25,ransomware,
MLP,PGD_eps0.5_it25,4043,3980,1.0,0.9844175117487015,PGD,0.5,25,scanning,
MLP,PGD_eps0.5_it25,3858,3821,0.9997382884061764,0.9901503369621566,PGD,0.5,25,xss,
LR,PGD_eps0.75_it10,4110,4108,0.9929406037000974,0.9927007299270073,PGD,0.75,10,backdoor,
LR,PGD_eps0.75_it10,4032,2966,0.2174645987862441,0.28695436507936506,PGD,0.75,10,ddos,
LR,PGD_eps0.75_it10,3977,3494,0.002003434459072696,0.07166205682675383,PGD,0.75,10,dos,
LR,PGD_eps0.75_it10,3898,3757,0.24354538195368644,0.2668034889687019,PGD,0.75,10,injection,
LR,PGD_eps0.75_it10,200,77,0.2597402597402597,0.655,PGD,0.75,10,mitm,
LR,PGD_eps0.75_it10,10000,0,,,PGD,0.75,10,normal,
LR,PGD_eps0.75_it10,4008,3972,0.23464249748237664,0.2407684630738523,PGD,0.75,10,password,
LR,PGD_eps0.75_it10,4083,3445,0.713788098693759,0.7531227038941954,PGD,0.75,10,ransomware,
LR,PGD_eps0.75_it10,4043,3691,0.6385803305337306,0.6608953747217413,PGD,0.75,10,scanning,
LR,PGD_eps0.75_it10,3858,3600,0.2338888888888889,0.2744945567651633,PGD,0.75,10,xss,
SVM,PGD_eps0.75_it10,4110,4109,0.9926989535166707,0.9927007299270073,PGD,0.75,10,backdoor,
SVM,PGD_eps0.75_it10,4032,2966,0.21510451786918408,0.2867063492063492,PGD,0.75,10,ddos,
SVM,PGD_eps0.75_it10,3977,3494,0.004006868918145392,0.07367362333417149,PGD,0.75,10,dos,
SVM,PGD_eps0.75_it10,3898,3757,0.4620708011711472,0.4774243201641868,PGD,0.75,10,injection,
SVM,PGD_eps0.75_it10,200,77,0.19480519480519481,0.63,PGD,0.75,10,mitm,
SVM,PGD_eps0.75_it10,10000,0,,,PGD,0.75,10,normal,
SVM,PGD_eps0.75_it10,4008,3971,0.4220599345253085,0.4263972055888224,PGD,0.75,10,password,
SVM,PGD_eps0.75_it10,4083,3433,0.6189921351587533,0.67425912319373,PGD,0.75,10,ransomware,
SVM,PGD_eps0.75_it10,4043,3698,0.5251487290427258,0.5565174375463765,PGD,0.75,10,scanning,
SVM,PGD_eps0.75_it10,3858,3593,0.45588644586696353,0.4821150855365474,PGD,0.75,10,xss,
RF,PGD_eps0.75_it10,4110,4110,0.9982968369829683,0.9982968369829683,PGD,0.75,10,backdoor,
RF,PGD_eps0.75_it10,4032,4015,0.9534246575342465,0.953125,PGD,0.75,10,ddos,
RF,PGD_eps0.75_it10,3977,3971,0.9932007051120625,0.992708071410611,PGD,0.75,10,dos,
RF,PGD_eps0.75_it10,3898,3897,0.9394405953297408,0.93945613134941,PGD,0.75,10,injection,
RF,PGD_eps0.75_it10,200,194,0.8350515463917526,0.83,PGD,0.75,10,mitm,
RF,PGD_eps0.75_it10,10000,0,,,PGD,0.75,10,normal,
RF,PGD_eps0.75_it10,4008,4007,0.8727227352133766,0.8725049900199601,PGD,0.75,10,password,
RF,PGD_eps0.75_it10,4083,4083,0.9057065882929218,0.9057065882929218,PGD,0.75,10,ransomware,
RF,PGD_eps0.75_it10,4043,4043,0.9715557754142963,0.9715557754142963,PGD,0.75,10,scanning,
RF,PGD_eps0.75_it10,3858,3855,0.9699092088197147,0.9699326075686885,PGD,0.75,10,xss,
MLP,PGD_eps0.75_it10,4110,4109,0.999513263567778,0.9992700729927008,PGD,0.75,10,backdoor,
MLP,PGD_eps0.75_it10,4032,3034,0.994067237969677,0.7492559523809523,PGD,0.75,10,ddos,
MLP,PGD_eps0.75_it10,3977,3936,1.0,0.9904450590897661,PGD,0.75,10,dos,
MLP,PGD_eps0.75_it10,3898,3880,1.0,0.995382247306311,PGD,0.75,10,injection,
MLP,PGD_eps0.75_it10,200,163,0.9938650306748467,0.835,PGD,0.75,10,mitm,
MLP,PGD_eps0.75_it10,10000,0,,,PGD,0.75,10,normal,
MLP,PGD_eps0.75_it10,4008,4002,1.0,0.9985029940119761,PGD,0.75,10,password,
MLP,PGD_eps0.75_it10,4083,4039,1.0,0.994366887092824,PGD,0.75,10,ransomware,
MLP,PGD_eps0.75_it10,4043,3980,1.0,0.9844175117487015,PGD,0.75,10,scanning,
MLP,PGD_eps0.75_it10,3858,3821,0.9997382884061764,0.9901503369621566,PGD,0.75,10,xss,
LR,PGD_eps0.75_it25,4110,4108,0.866601752677702,0.8664233576642336,PGD,0.75,25,backdoor,
LR,PGD_eps0.75_it25,4032,2966,0.2724207687120701,0.37276785714285715,PGD,0.75,25,ddos,
LR,PGD_eps0.75_it25,3977,3494,0.0028620492272467086,0.08071410611013327,PGD,0.75,25,dos,
LR,PGD_eps0.75_it25,3898,3757,0.6111258983231301,0.6213442791174961,PGD,0.75,25,injection,
LR,PGD_eps0.75_it25,200,77,0.3246753246753247,0.675,PGD,0.75,25,mitm,
LR,PGD_eps0.75_it25,10000,0,,,PGD,0.75,25,normal,
LR,PGD_eps0.75_it25,4008,3972,0.5362537764350453,0.5396706586826348,PGD,0.75,25,password,
LR,PGD_eps0.75_it25,4083,3445,0.5625544267053701,0.6169483223120255,PGD,0.75,25,ransomware,
LR,PGD_eps0.75_it25,4043,3691,0.511243565429423,0.5461291120455107,PGD,0.75,25,scanning,
LR,PGD_eps0.75_it25,3858,3600,0.5786111111111111,0.5961638154484189,PGD,0.75,25,xss,
SVM,PGD_eps0.75_it25,4110,4109,0.7427597955706985,0.7428223844282238,PGD,0.75,25,backdoor,
SVM,PGD_eps0.75_it25,4032,2966,0.3057990559676332,0.40922619047619047,PGD,0.75,25,ddos,
SVM,PGD_eps0.75_it25,3977,3494,0.004293073840870063,0.08071410611013327,PGD,0.75,25,dos,
SVM,PGD_eps0.75_it25,3898,3757,0.7479371839233431,0.7532067727039508,PGD,0.75,25,injection,
SVM,PGD_eps0.75_it25,200,77,0.35064935064935066,0.685,PGD,0.75,25,mitm,
SVM,PGD_eps0.75_it25,10000,0,,,PGD,0.75,25,normal,
SVM,PGD_eps0.75_it25,4008,3971,0.6643162931251574,0.6666666666666666,PGD,0.75,25,password,
SVM,PGD_eps0.75_it25,4083,3433,0.35945237401689484,0.44746509919177074,PGD,0.75,25,ransomware,
SVM,PGD_eps0.75_it25,4043,3698,0.47187669010275823,0.5110066782092506,PGD,0.75,25,scanning,
SVM,PGD_eps0.75_it25,3858,3593,0.5872529919287504,0.6047174701918092,PGD,0.75,25,xss,
RF,PGD_eps0.75_it25,4110,4110,0.9992700729927008,0.9992700729927008,PGD,0.75,25,backdoor,
RF,PGD_eps0.75_it25,4032,4015,0.9945205479452055,0.9942956349206349,PGD,0.75,25,ddos,
RF,PGD_eps0.75_it25,3977,3971,0.995467136741375,0.9947196379180286,PGD,0.75,25,dos,
RF,PGD_eps0.75_it25,3898,3897,0.9925583782396715,0.9925602873268343,PGD,0.75,25,injection,
RF,PGD_eps0.75_it25,200,194,0.8247422680412371,0.82,PGD,0.75,25,mitm,
RF,PGD_eps0.75_it25,10000,0,,,PGD,0.75,25,normal,
RF,PGD_eps0.75_it25,4008,4007,0.9955078612428251,0.9952594810379242,PGD,0.75,25,password,
RF,PGD_eps0.75_it25,4083,4083,0.9534655890276758,0.9534655890276758,PGD,0.75,25,ransomware,
RF,PGD_eps0.75_it25,4043,4043,0.9923324264160277,0.9923324264160277,PGD,0.75,25,scanning,
RF,PGD_eps0.75_it25,3858,3855,0.9893644617380026,0.9893727319854847,PGD,0.75,25,xss,
MLP,PGD_eps0.75_it25,4110,4109,0.999513263567778,0.9992700729927008,PGD,0.75,25,backdoor,
MLP,PGD_eps0.75_it25,4032,3034,0.996044825313118,0.7495039682539683,PGD,0.75,25,ddos,
MLP,PGD_eps0.75_it25,3977,3936,0.9997459349593496,0.9901936132763389,PGD,0.75,25,dos,
MLP,PGD_eps0.75_it25,3898,3880,1.0,0.995382247306311,PGD,0.75,25,injection,
MLP,PGD_eps0.75_it25,200,163,0.9938650306748467,0.835,PGD,0.75,25,mitm,
MLP,PGD_eps0.75_it25,10000,0,,,PGD,0.75,25,normal,
MLP,PGD_eps0.75_it25,4008,4002,1.0,0.9985029940119761,PGD,0.75,25,password,
MLP,PGD_eps0.75_it25,4083,4039,1.0,0.994366887092824,PGD,0.75,25,ransomware,
MLP,PGD_eps0.75_it25,4043,3980,1.0,0.9844175117487015,PGD,0.75,25,scanning,
MLP,PGD_eps0.75_it25,3858,3821,0.9992148652185292,0.9896319336443753,PGD,0.75,25,xss,
LR,CW_c0.0_it10,4110,4108,0.0,0.00024330900243309004,CW,,10,backdoor,0.0
LR,CW_c0.0_it10,4032,2966,0.0,0.26438492063492064,CW,,10,ddos,0.0
LR,CW_c0.0_it10,3977,3494,0.00028620492272467084,0.12169977369876792,CW,,10,dos,0.0
LR,CW_c0.0_it10,3898,3757,0.0,0.03617239610056439,CW,,10,injection,0.0
LR,CW_c0.0_it10,200,77,0.0,0.615,CW,,10,mitm,0.0
LR,CW_c0.0_it10,10000,0,,,CW,,10,normal,0.0
LR,CW_c0.0_it10,4008,3972,0.0,0.008982035928143712,CW,,10,password,0.0
LR,CW_c0.0_it10,4083,3445,0.0,0.15625765368601519,CW,,10,ransomware,0.0
LR,CW_c0.0_it10,4043,3691,0.005960444324031428,0.09250556517437547,CW,,10,scanning,0.0
LR,CW_c0.0_it10,3858,3600,0.0025,0.06920684292379471,CW,,10,xss,0.0
SVM,CW_c0.0_it10,4110,4109,0.0,0.00024330900243309004,CW,,10,backdoor,0.0
SVM,CW_c0.0_it10,4032,2966,0.0,0.26438492063492064,CW,,10,ddos,0.0
SVM,CW_c0.0_it10,3977,3494,0.00028620492272467084,0.12169977369876792,CW,,10,dos,0.0
SVM,CW_c0.0_it10,3898,3757,0.0,0.03617239610056439,CW,,10,injection,0.0
SVM,CW_c0.0_it10,200,77,0.0,0.615,CW,,10,mitm,0.0
SVM,CW_c0.0_it10,10000,0,,,CW,,10,normal,0.0
SVM,CW_c0.0_it10,4008,3971,0.0,0.009231536926147704,CW,,10,password,0.0
SVM,CW_c0.0_it10,4083,3433,0.0,0.15919666911584618,CW,,10,ransomware,0.0
SVM,CW_c0.0_it10,4043,3698,0.009194159004867496,0.09374227059114519,CW,,10,scanning,0.0
SVM,CW_c0.0_it10,3858,3593,0.0008349568605622043,0.06946604458268534,CW,,10,xss,0.0
RF,CW_c0.0_it10,4110,4110,0.9985401459854014,0.9985401459854014,CW,,10,backdoor,0.0
RF,CW_c0.0_it10,4032,4015,0.9489414694894147,0.9456845238095238,CW,,10,ddos,0.0
RF,CW_c0.0_it10,3977,3971,0.981113069755729,0.9803872265526778,CW,,10,dos,0.0
RF,CW_c0.0_it10,3898,3897,0.9976905311778291,0.9976911236531555,CW,,10,injection,0.0
RF,CW_c0.0_it10,200,194,0.845360824742268,0.84,CW,,10,mitm,0.0
RF,CW_c0.0_it10,10000,0,,,CW,,10,normal,0.0
RF,CW_c0.0_it10,4008,4007,0.9987521836785626,0.9985029940119761,CW,,10,password,0.0
RF,CW_c0.0_it10,4083,4083,0.9946118050453098,0.9946118050453098,CW,,10,ransomware,0.0
RF,CW_c0.0_it10,4043,4043,0.9960425426663368,0.9960425426663368,CW,,10,scanning,0.0
RF,CW_c0.0_it10,3858,3855,0.9922178988326849,0.9914463452566097,CW,,10,xss,0.0
MLP,CW_c0.0_it10,4110,4109,0.9953760038938915,0.9951338199513382,CW,,10,backdoor,0.0
MLP,CW_c0.0_it10,4032,3034,0.9911008569545154,0.7467757936507936,CW,,10,ddos,0.0
MLP,CW_c0.0_it10,3977,3936,0.9977134146341463,0.9881820467689213,CW,,10,dos,0.0
MLP,CW_c0.0_it10,3898,3880,0.9935567010309279,0.9889687018984095,CW,,10,injection,0.0
MLP,CW_c0.0_it10,200,163,1.0,0.845,CW,,10,mitm,0.0
MLP,CW_c0.0_it10,10000,0,,,CW,,10,normal,0.0
MLP,CW_c0.0_it10,4008,4002,0.9982508745627187,0.9967564870259481,CW,,10,password,0.0
MLP,CW_c0.0_it10,4083,4039,0.985887595939589,0.9804065638011267,CW,,10,ransomware,0.0
MLP,CW_c0.0_it10,4043,3980,0.9919597989949749,0.9765025970813752,CW,,10,scanning,0.0
MLP,CW_c0.0_it10,3858,3821,0.9955509029049987,0.9860031104199067,CW,,10,xss,0.0
LR,CW_c0.5_it10,4110,4108,0.0,0.00024330900243309004,CW,,10,backdoor,0.5
LR,CW_c0.5_it10,4032,2966,0.0,0.2594246031746032,CW,,10,ddos,0.5
LR,CW_c0.5_it10,3977,3494,0.00028620492272467084,0.12144832788534071,CW,,10,dos,0.5
LR,CW_c0.5_it10,3898,3757,0.0,0.03617239610056439,CW,,10,injection,0.5
LR,CW_c0.5_it10,200,77,0.012987012987012988,0.62,CW,,10,mitm,0.5
LR,CW_c0.5_it10,10000,0,,,CW,,10,normal,0.5
LR,CW_c0.5_it10,4008,3972,0.0,0.008982035928143712,CW,,10,password,0.5
LR,CW_c0.5_it10,4083,3445,0.0,0.15625765368601519,CW,,10,ransomware,0.5
LR,CW_c0.5_it10,4043,3691,0.005960444324031428,0.09176354192431363,CW,,10,scanning,0.5
LR,CW_c0.5_it10,3858,3600,0.0025,0.06920684292379471,CW,,10,xss,0.5
SVM,CW_c0.5_it10,4110,4109,0.0,0.00024330900243309004,CW,,10,backdoor,0.5
SVM,CW_c0.5_it10,4032,2966,0.0,0.25,CW,,10,ddos,0.5
SVM,CW_c0.5_it10,3977,3494,0.0,0.12144832788534071,CW,,10,dos,0.5
SVM,CW_c0.5_it10,3898,3757,0.0,0.03617239610056439,CW,,10,injection,0.5
SVM,CW_c0.5_it10,200,77,0.0,0.615,CW,,10,mitm,0.5
SVM,CW_c0.5_it10,10000,0,,,CW,,10,normal,0.5
SVM,CW_c0.5_it10,4008,3971,0.0,0.009231536926147704,CW,,10,password,0.5
SVM,CW_c0.5_it10,4083,3433,0.0,0.15919666911584618,CW,,10,ransomware,0.5
SVM,CW_c0.5_it10,4043,3698,0.009194159004867496,0.09225822409102152,CW,,10,scanning,0.5
SVM,CW_c0.5_it10,3858,3593,0.0008349568605622043,0.06920684292379471,CW,,10,xss,0.5
RF,CW_c0.5_it10,4110,4110,0.9987834549878345,0.9987834549878345,CW,,10,backdoor,0.5
RF,CW_c0.5_it10,4032,4015,0.8876712328767123,0.8846726190476191,CW,,10,ddos,0.5
RF,CW_c0.5_it10,3977,3971,0.9798539410727777,0.9788785516721147,CW,,10,dos,0.5
RF,CW_c0.5_it10,3898,3897,0.9966641005901976,0.9966649563878912,CW,,10,injection,0.5
RF,CW_c0.5_it10,200,194,0.8762886597938144,0.87,CW,,10,mitm,0.5
RF,CW_c0.5_it10,10000,0,,,CW,,10,normal,0.5
RF,CW_c0.5_it10,4008,4007,0.99900174694285,0.9987524950099801,CW,,10,password,0.5
RF,CW_c0.5_it10,4083,4083,0.9946118050453098,0.9946118050453098,CW,,10,ransomware,0.5
RF,CW_c0.5_it10,4043,4043,0.9930744496660895,0.9930744496660895,CW,,10,scanning,0.5
RF,CW_c0.5_it10,3858,3855,0.990402075226978,0.9896319336443753,CW,,10,xss,0.5
MLP,CW_c0.5_it10,4110,4109,1.0,0.9997566909975669,CW,,10,backdoor,0.5
MLP,CW_c0.5_it10,4032,3034,0.9996704021094265,0.7522321428571429,CW,,10,ddos,0.5
MLP,CW_c0.5_it10,3977,3936,1.0,0.9904450590897661,CW,,10,dos,0.5
MLP,CW_c0.5_it10,3898,3880,1.0,0.995382247306311,CW,,10,injection,0.5
MLP,CW_c0.5_it10,200,163,1.0,0.84,CW,,10,mitm,0.5
MLP,CW_c0.5_it10,10000,0,,,CW,,10,normal,0.5
MLP,CW_c0.5_it10,4008,4002,1.0,0.9985029940119761,CW,,10,password,0.5
MLP,CW_c0.5_it10,4083,4039,1.0,0.994366887092824,CW,,10,ransomware,0.5
MLP,CW_c0.5_it10,4043,3980,1.0,0.9844175117487015,CW,,10,scanning,0.5
MLP,CW_c0.5_it10,3858,3821,1.0,0.9904095386210472,CW,,10,xss,0.5
