accuracy,precision,recall,f1,fpr,fnr,model,attack,asr,train_s,family,epsilon,iters,confidence,n_samples,n_eligible,mean_l2,median_queries_success,query_budget_exhausted,numerical_stagnation,elapsed_s
0.9240196078431373,0.6716417910447762,0.7701711491442543,0.7175398633257403,0.05394045534150613,0.22982885085574573,XGB,clean,0.0,0.21678686141967773,,,,,,,,,,,
0.7405024509803921,0.20081967213114754,0.3594132029339853,0.25766871165644173,0.20490367775831875,0.6405867970660146,XGB,FGSM_eps0.15,0.23100490196078433,0.21678686141967773,FGSM,0.15,1.0,,,,,,,,
0.6099877450980392,0.1014760147601476,0.26894865525672373,0.14735432016075017,0.34115586690017513,0.7310513447432763,XGB,FGSM_eps0.3,0.36090686274509803,0.21678686141967773,FGSM,0.3,1.0,,,,,,,,
0.3333333333333333,0.0645638245441104,0.3202933985330073,0.10746513535684987,0.6647985989492119,0.6797066014669927,XGB,FGSM_eps0.5,0.6372549019607843,0.21678686141967773,FGSM,0.5,1.0,,,,,,,,
0.14522058823529413,0.05261180007515971,0.3422982885085575,0.09120521172638436,0.8830122591943957,0.6577017114914425,XGB,FGSM_eps0.75,0.819546568627451,0.21678686141967773,FGSM,0.75,1.0,,,,,,,,
0.7827818627450981,0.25728155339805825,0.38875305623471884,0.30963972736124634,0.1607705779334501,0.6112469437652812,XGB,PGD_eps0.15_it10,0.19056372549019607,0.21678686141967773,PGD,0.15,10.0,,,,,,,,
0.7735906862745098,0.2537313432835821,0.4156479217603912,0.31510658016682114,0.17513134851138354,0.5843520782396088,XGB,PGD_eps0.15_it25,0.19883578431372548,0.21678686141967773,PGD,0.15,25.0,,,,,,,,
0.7104779411764706,0.16666666666666666,0.3276283618581907,0.22093981863149217,0.23467600700525393,0.6723716381418093,XGB,PGD_eps0.3_it10,0.2604166666666667,0.21678686141967773,PGD,0.3,10.0,,,,,,,,
0.6969975490196079,0.16970387243735763,0.3643031784841076,0.23154623154623155,0.2553415061295972,0.6356968215158925,XGB,PGD_eps0.3_it25,0.27512254901960786,0.21678686141967773,PGD,0.3,25.0,,,,,,,,
0.3544730392156863,0.0746492985971944,0.3643031784841076,0.12390852390852392,0.6469352014010508,0.6356968215158925,XGB,PGD_eps0.5_it10,0.609375,0.21678686141967773,PGD,0.5,10.0,,,,,,,,
0.3440563725490196,0.07879377431906615,0.3960880195599022,0.13144016227180527,0.6633975481611208,0.6039119804400978,XGB,PGD_eps0.5_it25,0.6197916666666666,0.21678686141967773,PGD,0.5,25.0,,,,,,,,
0.22916666666666666,0.06049228201919066,0.3545232273838631,0.10334996436208126,0.7887915936952714,0.6454767726161369,XGB,PGD_eps0.75_it10,0.7401960784313726,0.21678686141967773,PGD,0.75,10.0,,,,,,,,
0.24540441176470587,0.05732758620689655,0.3251833740831296,0.09747160131916453,0.7660245183887916,0.6748166259168704,XGB,PGD_eps0.75_it25,0.7242647058823529,0.21678686141967773,PGD,0.75,25.0,,,,,,,,
0.7879901960784313,0.27140549273021003,0.41075794621026895,0.32684824902723736,0.15796847635726796,0.589242053789731,XGB,CW_c0.0_it10,0.171875,0.21678686141967773,CW,,10.0,0.0,,,,,,,
0.8017769607843137,0.26848249027237353,0.3374083129584352,0.2990249187432286,0.1316987740805604,0.6625916870415648,XGB,CW_c0.5_it10,0.16697303921568626,0.21678686141967773,CW,,10.0,0.5,,,,,,,
0.12,0.10416666666666667,0.1,0.10204081632653061,0.86,0.9,XGB,HopSkipJump_direct,0.9120879120879121,,,,,,100.0,91.0,0.3218919634819031,561.0,0.0,13.0,4.098884105682373
0.9319852941176471,0.7073170731707317,0.7799511002444988,0.7418604651162791,0.04623467600700525,0.2200488997555012,LGBM,clean,0.0,0.15117311477661133,,,,,,,,,,,
0.8517156862745098,0.3096446700507614,0.1491442542787286,0.20132013201320131,0.047635726795096325,0.8508557457212714,LGBM,FGSM_eps0.15,0.1213235294117647,0.15117311477661133,FGSM,0.15,1.0,,,,,,,,
0.6734068627450981,0.0898876404494382,0.17603911980440098,0.11900826446280992,0.2553415061295972,0.823960880195599,LGBM,FGSM_eps0.3,0.29901960784313725,0.15117311477661133,FGSM,0.3,1.0,,,,,,,,
0.19730392156862744,0.052610279239174426,0.31784841075794623,0.09027777777777778,0.8199649737302978,0.6821515892420538,LGBM,FGSM_eps0.5,0.7699142156862745,0.15117311477661133,FGSM,0.5,1.0,,,,,,,,
0.13694852941176472,0.04634513941220799,0.30073349633251834,0.08031341821743389,0.8865148861646235,0.6992665036674817,LGBM,FGSM_eps0.75,0.8308823529411765,0.15117311477661133,FGSM,0.75,1.0,,,,,,,,
0.8599877450980392,0.3867924528301887,0.20048899755501223,0.2640901771336554,0.04553415061295972,0.7995110024449877,LGBM,PGD_eps0.15_it10,0.11397058823529412,0.15117311477661133,PGD,0.15,10.0,,,,,,,,
0.8624387254901961,0.4074074074074074,0.21515892420537897,0.2816,0.04483362521891419,0.784841075794621,LGBM,PGD_eps0.15_it25,0.11060049019607843,0.15117311477661133,PGD,0.15,25.0,,,,,,,,
0.7576593137254902,0.14760147601476015,0.19559902200489,0.16824395373291273,0.16182136602451838,0.80440097799511,LGBM,PGD_eps0.3_it10,0.21537990196078433,0.15117311477661133,PGD,0.3,10.0,,,,,,,,
0.7481617647058824,0.14821124361158433,0.21271393643031786,0.1746987951807229,0.17513134851138354,0.7872860635696821,LGBM,PGD_eps0.3_it25,0.22579656862745098,0.15117311477661133,PGD,0.3,25.0,,,,,,,,
0.23774509803921567,0.06046511627906977,0.34963325183374083,0.10310021629416005,0.7782837127845884,0.6503667481662592,LGBM,PGD_eps0.5_it10,0.7291666666666666,0.15117311477661133,PGD,0.5,10.0,,,,,,,,
0.21875,0.060730406237176855,0.36185819070904646,0.10400562192550948,0.8017513134851139,0.6381418092909535,LGBM,PGD_eps0.5_it25,0.7487745098039216,0.15117311477661133,PGD,0.5,25.0,,,,,,,,
0.1642156862745098,0.04970873786407767,0.31295843520782396,0.08579088471849866,0.8570928196147111,0.687041564792176,LGBM,PGD_eps0.75_it10,0.8033088235294118,0.15117311477661133,PGD,0.75,10.0,,,,,,,,
0.15533088235294118,0.0481139337952271,0.3056234718826406,0.08313934153641503,0.866199649737303,0.6943765281173594,LGBM,PGD_eps0.75_it25,0.8125,0.15117311477661133,PGD,0.75,25.0,,,,,,,,
0.8406862745098039,0.32601880877742945,0.254278728606357,0.2857142857142857,0.07530647985989491,0.7457212713936431,LGBM,CW_c0.0_it10,0.12316176470588236,0.15117311477661133,CW,,10.0,0.0,,,,,,,
0.8606004901960784,0.39351851851851855,0.2078239608801956,0.272,0.04588441330998249,0.7921760391198044,LGBM,CW_c0.5_it10,0.11243872549019608,0.15117311477661133,CW,,10.0,0.5,,,,,,,
0.11,0.1320754716981132,0.14,0.13592233009708737,0.92,0.86,LGBM,HopSkipJump_direct,0.967391304347826,,,,,,100.0,92.0,0.410022497177124,562.0,0.0,0.0,5.758835315704346
