accuracy,precision,recall,f1,fpr,fnr,model,attack,asr,train_s,family,epsilon,iters,confidence,n_samples,n_eligible,mean_l2,median_queries_success,query_budget_exhausted,numerical_stagnation,elapsed_s,seed
0.9224877450980392,0.6529411764705882,0.8141809290953546,0.7247007616974973,0.0619964973730297,0.1858190709046454,XGB,clean,0.0,0.2158374786376953,,,,,,,,,,,,42
0.7411151960784313,0.1317567567567567,0.1907090464547677,0.1558441558441558,0.1800350262697022,0.8092909535452323,XGB,FGSM_eps0.15,0.2356004901960784,0.2158374786376953,FGSM,0.15,1.0,,,,,,,,,42
0.6308210784313726,0.0607064017660044,0.1344743276283618,0.0836501901140684,0.2980735551663748,0.8655256723716381,XGB,FGSM_eps0.3,0.3455882352941176,0.2158374786376953,FGSM,0.3,1.0,,,,,,,,,42
0.3259803921568627,0.0357698289269051,0.1687041564792176,0.0590248075278015,0.6514886164623468,0.8312958435207825,XGB,FGSM_eps0.5,0.6421568627450981,0.2158374786376953,FGSM,0.5,1.0,,,,,,,,,42
0.1590073529411764,0.0394321766561514,0.2444987775061124,0.0679117147707979,0.8532399299474606,0.7555012224938875,XGB,FGSM_eps0.75,0.7990196078431373,0.2158374786376953,FGSM,0.75,1.0,,,,,,,,,42
0.7564338235294118,0.1503623188405797,0.2029339853300733,0.1727367325702393,0.1642732049036777,0.7970660146699267,XGB,PGD_eps0.15_it10,0.2166053921568627,0.2158374786376953,PGD,0.15,10.0,,,,,,,,,42
0.7383578431372549,0.1370309951060359,0.2053789731051344,0.1643835616438356,0.1852889667250437,0.7946210268948656,XGB,PGD_eps0.15_it25,0.234375,0.2158374786376953,PGD,0.15,25.0,,,,,,,,,42
0.6966911764705882,0.0925666199158485,0.1613691931540342,0.1176470588235294,0.2266199649737303,0.8386308068459658,XGB,PGD_eps0.3_it10,0.2732843137254901,0.2158374786376953,PGD,0.3,10.0,,,,,,,,,42
0.6629901960784313,0.0822249093107617,0.1662591687041564,0.1100323624595469,0.2658493870402802,0.8337408312958435,XGB,PGD_eps0.3_it25,0.3066789215686274,0.2158374786376953,PGD,0.3,25.0,,,,,,,,,42
0.4589460784313725,0.0497677504976775,0.1833740831295843,0.0782881002087682,0.5015761821366025,0.8166259168704156,XGB,PGD_eps0.5_it10,0.5088848039215687,0.2158374786376953,PGD,0.5,10.0,,,,,,,,,42
0.4368872549019608,0.0514752040175769,0.2004889975550122,0.0819180819180819,0.5292469352014011,0.7995110024449877,XGB,PGD_eps0.5_it25,0.5337009803921569,0.2158374786376953,PGD,0.5,25.0,,,,,,,,,42
0.3072916666666667,0.0360721442885771,0.1760391198044009,0.0598752598752598,0.6739054290718038,0.823960880195599,XGB,PGD_eps0.75_it10,0.6657475490196079,0.2158374786376953,PGD,0.75,10.0,,,,,,,,,42
0.2316176470588235,0.0354138999557326,0.19559902200489,0.0599700149925037,0.7632224168126095,0.80440097799511,XGB,PGD_eps0.75_it25,0.7371323529411765,0.2158374786376953,PGD,0.75,25.0,,,,,,,,,42
0.7861519607843137,0.2258064516129032,0.2909535452322738,0.2542735042735042,0.1429071803852889,0.7090464547677262,XGB,CW_c0.0_it10,0.1798406862745098,0.2158374786376953,CW,,10.0,0.0,,,,,,,,42
0.7956495098039216,0.2183406113537118,0.2444987775061124,0.2306805074971165,0.1253940455341506,0.7555012224938875,XGB,CW_c0.5_it10,0.1740196078431372,0.2158374786376953,CW,,10.0,0.5,,,,,,,,42
0.17,0.1764705882352941,0.18,0.1782178217821782,0.84,0.82,XGB,HopSkipJump_direct,0.9746835443037974,,,,,,100.0,79.0,0.371763527393341,564.0,0.0,7.0,4.355502843856812,42
0.9243259803921569,0.6639676113360324,0.8019559902200489,0.7264673311184939,0.0581436077057793,0.1980440097799511,LGBM,clean,0.0,0.136852741241455,,,,,,,,,,,,42
0.7840073529411765,0.1,0.0904645476772616,0.0949935815147625,0.1166374781085814,0.9095354523227384,LGBM,FGSM_eps0.15,0.190563725490196,0.136852741241455,FGSM,0.15,1.0,,,,,,,,,42
0.5664828431372549,0.0325278810408921,0.0855745721271393,0.0471380471380471,0.3646234676007005,0.9144254278728606,LGBM,FGSM_eps0.3,0.4096200980392157,0.136852741241455,FGSM,0.3,1.0,,,,,,,,,42
0.3051470588235294,0.0331491712707182,0.1613691931540342,0.055,0.6742556917688266,0.8386308068459658,LGBM,FGSM_eps0.5,0.6611519607843137,0.136852741241455,FGSM,0.5,1.0,,,,,,,,,42
0.2141544117647058,0.036144578313253,0.2053789731051344,0.0614709110867178,0.7845884413309983,0.7946210268948656,LGBM,FGSM_eps0.75,0.7426470588235294,0.136852741241455,FGSM,0.75,1.0,,,,,,,,,42
0.7815563725490197,0.1363636363636363,0.1393643031784841,0.1378476420798065,0.1264448336252189,0.8606356968215159,LGBM,PGD_eps0.15_it10,0.190563725490196,0.136852741241455,PGD,0.15,10.0,,,,,,,,,42
0.7714460784313726,0.1108545034642032,0.1173594132029339,0.1140142517814726,0.1348511383537653,0.882640586797066,LGBM,PGD_eps0.15_it25,0.2034313725490196,0.136852741241455,PGD,0.15,25.0,,,,,,,,,42
0.6161151960784313,0.0529661016949152,0.1222493887530562,0.0739098300073909,0.3131348511383537,0.8777506112469438,LGBM,PGD_eps0.3_it10,0.3517156862745098,0.136852741241455,PGD,0.3,10.0,,,,,,,,,42
0.5848651960784313,0.0512333965844402,0.1320293398533007,0.073820915926179,0.3502626970227671,0.8679706601466992,LGBM,PGD_eps0.3_it25,0.3854166666666667,0.136852741241455,PGD,0.3,25.0,,,,,,,,,42
0.4436274509803921,0.033178500331785,0.1222493887530562,0.0521920668058455,0.5103327495621717,0.8777506112469438,LGBM,PGD_eps0.5_it10,0.5284926470588235,0.136852741241455,PGD,0.5,10.0,,,,,,,,,42
0.4424019607843137,0.0355497037524687,0.1320293398533007,0.0560165975103734,0.5131348511383538,0.8679706601466992,LGBM,PGD_eps0.5_it25,0.5324754901960784,0.136852741241455,PGD,0.5,25.0,,,,,,,,,42
0.4025735294117647,0.0377924415116976,0.1540342298288508,0.0606936416184971,0.5618213660245184,0.8459657701711492,LGBM,PGD_eps0.75_it10,0.5692401960784313,0.136852741241455,PGD,0.75,10.0,,,,,,,,,42
0.4034926470588235,0.0350665054413542,0.1418092909535452,0.0562287930198739,0.5590192644483363,0.8581907090464548,LGBM,PGD_eps0.75_it25,0.5707720588235294,0.136852741241455,PGD,0.75,25.0,,,,,,,,,42
0.8030024509803921,0.227906976744186,0.2396088019559902,0.233611442193087,0.1162872154115586,0.7603911980440098,LGBM,CW_c0.0_it10,0.1672794117647058,0.136852741241455,CW,,10.0,0.0,,,,,,,,42
0.8186274509803921,0.2363112391930835,0.2004889975550122,0.2169312169312169,0.0928196147110332,0.7995110024449877,LGBM,CW_c0.5_it10,0.1550245098039215,0.136852741241455,CW,,10.0,0.5,,,,,,,,42
0.22,0.22,0.22,0.22,0.78,0.78,LGBM,HopSkipJump_direct,0.925,,,,,,100.0,80.0,0.7343261241912842,564.0,0.0,0.0,5.751957178115845,42
0.9283088235294118,0.6881720430107527,0.78239608801956,0.7322654462242563,0.0507880910683012,0.2176039119804401,XGB,clean,0.0,0.2198672294616699,,,,,,,,,,,,7
0.7215073529411765,0.1811224489795918,0.3471882640586797,0.2380553227158424,0.2248686514886164,0.6528117359413202,XGB,FGSM_eps0.15,0.2518382352941176,0.2198672294616699,FGSM,0.15,1.0,,,,,,,,,7
0.6078431372549019,0.1108132260947274,0.3031784841075794,0.1623036649214659,0.3485113835376532,0.6968215158924206,XGB,FGSM_eps0.3,0.3651960784313725,0.2198672294616699,FGSM,0.3,1.0,,,,,,,,,7
0.3826593137254901,0.0612021857923497,0.2738386308068459,0.100044662795891,0.6017513134851138,0.726161369193154,XGB,FGSM_eps0.5,0.5885416666666666,0.2198672294616699,FGSM,0.5,1.0,,,,,,,,,7
0.1688112745098039,0.0446640316205533,0.2762836185819071,0.0768969037087444,0.8465849387040281,0.7237163814180929,XGB,FGSM_eps0.75,0.8051470588235294,0.2198672294616699,FGSM,0.75,1.0,,,,,,,,,7
0.7879901960784313,0.2477718360071301,0.3398533007334963,0.2865979381443299,0.1478108581436077,0.6601466992665037,XGB,PGD_eps0.15_it10,0.1881127450980392,0.2198672294616699,PGD,0.15,10.0,,,,,,,,,7
0.7671568627450981,0.218298555377207,0.3325183374083129,0.2635658914728682,0.1705779334500875,0.6674816625916871,XGB,PGD_eps0.15_it25,0.2086397058823529,0.2198672294616699,PGD,0.15,25.0,,,,,,,,,7
0.742953431372549,0.1543408360128617,0.2347188264058679,0.1862269641125121,0.1842381786339754,0.7652811735941321,XGB,PGD_eps0.3_it10,0.2313112745098039,0.2198672294616699,PGD,0.3,10.0,,,,,,,,,7
0.7212009803921569,0.1486676016830294,0.2591687041564792,0.1889483065953654,0.2126094570928196,0.7408312958435208,XGB,PGD_eps0.3_it25,0.253063725490196,0.2198672294616699,PGD,0.3,25.0,,,,,,,,,7
0.6482843137254902,0.0926130099228225,0.2053789731051344,0.1276595744680851,0.2882661996497373,0.7946210268948656,XGB,PGD_eps0.5_it10,0.3262867647058823,0.2198672294616699,PGD,0.5,10.0,,,,,,,,,7
0.6081495098039216,0.0896226415094339,0.2322738386308068,0.1293396868618107,0.3380035026269702,0.7677261613691931,XGB,PGD_eps0.5_it25,0.3673406862745098,0.2198672294616699,PGD,0.5,25.0,,,,,,,,,7
0.2239583333333333,0.0461538461538461,0.2640586797066014,0.0785740269188795,0.7817863397548162,0.7359413202933985,XGB,PGD_eps0.75_it10,0.7506127450980392,0.2198672294616699,PGD,0.75,10.0,,,,,,,,,7
0.2322303921568627,0.0431372549019607,0.2420537897310513,0.0732248520710059,0.7691768826619965,0.7579462102689487,XGB,PGD_eps0.75_it25,0.7423406862745098,0.2198672294616699,PGD,0.75,25.0,,,,,,,,,7
0.7659313725490197,0.2438672438672438,0.4132029339853301,0.3067150635208711,0.1835376532399299,0.58679706601467,XGB,CW_c0.0_it10,0.197610294117647,0.2198672294616699,CW,,10.0,0.0,,,,,,,,7
0.7947303921568627,0.2542372881355932,0.3300733496332518,0.2872340425531915,0.1387040280210157,0.6699266503667481,XGB,CW_c0.5_it10,0.1801470588235294,0.2198672294616699,CW,,10.0,0.5,,,,,,,,7
0.19,0.196078431372549,0.2,0.198019801980198,0.82,0.8,XGB,HopSkipJump_direct,0.902439024390244,,,,,,100.0,82.0,0.4294565916061401,561.0,0.0,15.0,4.054510354995728,7
0.9341299019607844,0.7184684684684685,0.7799511002444988,0.7479484173505275,0.0437828371278458,0.2200488997555012,LGBM,clean,0.0,0.1627569198608398,,,,,,,,,,,,7
0.7846200980392157,0.1762114537444934,0.19559902200489,0.1853997682502897,0.1309982486865148,0.80440097799511,LGBM,FGSM_eps0.15,0.1884191176470588,0.1627569198608398,FGSM,0.15,1.0,,,,,,,,,7
0.6050857843137255,0.0573440643863179,0.1393643031784841,0.0812544547398431,0.3281961471103327,0.8606356968215159,LGBM,FGSM_eps0.3,0.3670343137254901,0.1627569198608398,FGSM,0.3,1.0,,,,,,,,,7
0.3596813725490196,0.0389467910038398,0.1735941320293398,0.0636200716845878,0.613660245183888,0.8264058679706602,LGBM,FGSM_eps0.5,0.6087622549019608,0.1627569198608398,FGSM,0.5,1.0,,,,,,,,,7
0.171875,0.0386162510056315,0.2347188264058679,0.066321243523316,0.8371278458844134,0.7652811735941321,LGBM,FGSM_eps0.75,0.8014705882352942,0.1627569198608398,FGSM,0.75,1.0,,,,,,,,,7
0.8131127450980392,0.2169014084507042,0.1882640586797066,0.2015706806282722,0.0973730297723292,0.8117359413202934,LGBM,PGD_eps0.15_it10,0.1602328431372549,0.1627569198608398,PGD,0.15,10.0,,,,,,,,,7
0.7950367647058824,0.1798029556650246,0.1784841075794621,0.1791411042944785,0.1166374781085814,0.8215158924205379,LGBM,PGD_eps0.15_it25,0.1773897058823529,0.1627569198608398,PGD,0.15,25.0,,,,,,,,,7
0.741421568627451,0.0693069306930693,0.0855745721271393,0.0765864332603938,0.1646234676007005,0.9144254278728606,LGBM,PGD_eps0.3_it10,0.2316176470588235,0.1627569198608398,PGD,0.3,10.0,,,,,,,,,7
0.7132352941176471,0.0701468189233279,0.1051344743276283,0.0841487279843444,0.1996497373029772,0.8948655256723717,LGBM,PGD_eps0.3_it25,0.2598039215686274,0.1627569198608398,PGD,0.3,25.0,,,,,,,,,7
0.5870098039215687,0.0549763033175355,0.1418092909535452,0.0792349726775956,0.3492119089316988,0.8581907090464548,LGBM,PGD_eps0.5_it10,0.383578431372549,0.1627569198608398,PGD,0.5,10.0,,,,,,,,,7
0.5431985294117647,0.0491666666666666,0.1442542787286063,0.0733374766935985,0.3996497373029772,0.8557457212713936,LGBM,PGD_eps0.5_it25,0.4280024509803921,0.1627569198608398,PGD,0.5,25.0,,,,,,,,,7
0.2377450980392156,0.0418686646099603,0.2322738386308068,0.0709484690067214,0.7614711033274956,0.7677261613691931,LGBM,PGD_eps0.75_it10,0.7349877450980392,0.1627569198608398,PGD,0.75,10.0,,,,,,,,,7
0.2356004901960784,0.0405286343612334,0.2249388753056234,0.068682344158268,0.7628721541155867,0.7750611246943765,LGBM,PGD_eps0.75_it25,0.7371323529411765,0.1627569198608398,PGD,0.75,25.0,,,,,,,,,7
0.7974877450980392,0.2773851590106007,0.3838630806845965,0.322051282051282,0.1432574430823117,0.6161369193154034,LGBM,CW_c0.0_it10,0.1700367647058823,0.1627569198608398,CW,,10.0,0.0,,,,,,,,7
0.7990196078431373,0.2708719851576994,0.3569682151589242,0.3080168776371308,0.1376532399299474,0.6430317848410758,LGBM,CW_c0.5_it10,0.1737132352941176,0.1627569198608398,CW,,10.0,0.5,,,,,,,,7
0.18,0.2333333333333333,0.28,0.2545454545454545,0.92,0.72,LGBM,HopSkipJump_direct,0.9759036144578314,,,,,,100.0,83.0,0.5957546234130859,560.0,0.0,0.0,5.40595269203186,7
0.924938725490196,0.6846846846846847,0.7432762836185819,0.712778429073857,0.0490367775831873,0.2567237163814181,XGB,clean,0.0,0.2018594741821289,,,,,,,,,,,,123
0.8287377450980392,0.3424369747899159,0.3985330073349633,0.3683615819209039,0.1096322241681261,0.6014669926650367,XGB,FGSM_eps0.15,0.1418504901960784,0.2018594741821289,FGSM,0.15,1.0,,,,,,,,,123
0.7552083333333334,0.208955223880597,0.3422982885085575,0.2594995366079703,0.1856392294220665,0.6577017114914425,XGB,FGSM_eps0.3,0.2150735294117647,0.2018594741821289,FGSM,0.3,1.0,,,,,,,,,123
0.6176470588235294,0.0985645933014354,0.2518337408312958,0.1416781292984869,0.3299474605954466,0.7481662591687042,XGB,FGSM_eps0.5,0.3511029411764705,0.2018594741821289,FGSM,0.5,1.0,,,,,,,,,123
0.1752450980392156,0.062811183454615,0.4009779951100244,0.1086092715231788,0.8570928196147111,0.5990220048899756,XGB,FGSM_eps0.75,0.7870710784313726,0.2018594741821289,FGSM,0.75,1.0,,,,,,,,,123
0.8452818627450981,0.396551724137931,0.4498777506112469,0.4215349369988545,0.0980735551663747,0.5501222493887531,XGB,PGD_eps0.15_it10,0.126531862745098,0.2018594741821289,PGD,0.15,10.0,,,,,,,,,123
0.8293504901960784,0.3576923076923077,0.4547677261613692,0.4004305705059203,0.1169877408056042,0.5452322738386308,XGB,PGD_eps0.15_it25,0.1415441176470588,0.2018594741821289,PGD,0.15,25.0,,,,,,,,,123
0.7876838235294118,0.2656765676567656,0.393643031784841,0.3172413793103448,0.1558669001751313,0.6063569682151589,XGB,PGD_eps0.3_it10,0.1829044117647058,0.2018594741821289,PGD,0.3,10.0,,,,,,,,,123
0.7619485294117647,0.2371428571428571,0.4058679706601467,0.2993688007213706,0.1870402802101576,0.5941320293398533,XGB,PGD_eps0.3_it25,0.2095588235294117,0.2018594741821289,PGD,0.3,25.0,,,,,,,,,123
0.6501225490196079,0.1170323928944618,0.2738386308068459,0.1639824304538799,0.2959719789842381,0.726161369193154,XGB,PGD_eps0.5_it10,0.3195465686274509,0.2018594741821289,PGD,0.5,10.0,,,,,,,,,123
0.6096813725490197,0.1071752951861943,0.2885085574572127,0.1562913907284768,0.34430823117338,0.7114914425427873,XGB,PGD_eps0.5_it25,0.3581495098039216,0.2018594741821289,PGD,0.5,25.0,,,,,,,,,123
0.1681985294117647,0.0605945121951219,0.3887530562347188,0.1048466864490603,0.8633975481611208,0.6112469437652812,XGB,PGD_eps0.75_it10,0.7950367647058824,0.2018594741821289,PGD,0.75,10.0,,,,,,,,,123
0.1587009803921568,0.0598870056497175,0.3887530562347188,0.1037859007832898,0.8742556917688267,0.6112469437652812,XGB,PGD_eps0.75_it25,0.8036151960784313,0.2018594741821289,PGD,0.75,25.0,,,,,,,,,123
0.8174019607843137,0.3265306122448979,0.4303178484107579,0.3713080168776371,0.1271453590192644,0.5696821515892421,XGB,CW_c0.0_it10,0.142156862745098,0.2018594741821289,CW,,10.0,0.0,,,,,,,,123
0.8330269607843137,0.3515283842794759,0.393643031784841,0.3713956170703575,0.1040280210157618,0.6063569682151589,XGB,CW_c0.5_it10,0.135110294117647,0.2018594741821289,CW,,10.0,0.5,,,,,,,,123
0.18,0.1923076923076923,0.2,0.196078431372549,0.84,0.8,XGB,HopSkipJump_direct,0.9090909090909092,,,,,,100.0,88.0,0.3997382819652557,561.0,0.0,10.0,4.107284069061279,123
0.9316789215686274,0.7113636363636363,0.7652811735941321,0.7373380447585395,0.0444833625218914,0.2347188264058679,LGBM,clean,0.0,0.1466002464294433,,,,,,,,,,,,123
0.828125,0.3137254901960784,0.3129584352078239,0.3133414932680538,0.0980735551663747,0.687041564792176,LGBM,FGSM_eps0.15,0.143688725490196,0.1466002464294433,FGSM,0.15,1.0,,,,,,,,,123
0.6393995098039216,0.1016597510373444,0.2396088019559902,0.1427530954115076,0.3033274956217163,0.7603911980440098,LGBM,FGSM_eps0.3,0.331188725490196,0.1466002464294433,FGSM,0.3,1.0,,,,,,,,,123
0.3774509803921568,0.074015748031496,0.3447432762836185,0.121866897147796,0.6178633975481611,0.6552567237163814,LGBM,FGSM_eps0.5,0.5842524509803921,0.1466002464294433,FGSM,0.5,1.0,,,,,,,,,123
0.1268382352941176,0.0585895117540687,0.3960880195599022,0.1020793950850661,0.9117338003502627,0.6039119804400978,LGBM,FGSM_eps0.75,0.8391544117647058,0.1466002464294433,FGSM,0.75,1.0,,,,,,,,,123
0.8125,0.2769230769230769,0.3080684596577017,0.2916666666666667,0.1152364273204903,0.6919315403422983,LGBM,PGD_eps0.15_it10,0.157781862745098,0.1466002464294433,PGD,0.15,10.0,,,,,,,,,123
0.8002450980392157,0.2584493041749503,0.3178484107579462,0.2850877192982456,0.1306479859894921,0.6821515892420538,LGBM,PGD_eps0.15_it25,0.1709558823529411,0.1466002464294433,PGD,0.15,25.0,,,,,,,,,123
0.7169117647058824,0.1056661562021439,0.1687041564792176,0.1299435028248587,0.2045534150612959,0.8312958435207825,LGBM,PGD_eps0.3_it10,0.2545955882352941,0.1466002464294433,PGD,0.3,10.0,,,,,,,,,123
0.6672794117647058,0.09167671893848,0.1858190709046454,0.122778675282714,0.2637478108581436,0.8141809290953546,LGBM,PGD_eps0.3_it25,0.3048406862745098,0.1466002464294433,PGD,0.3,25.0,,,,,,,,,123
0.6109068627450981,0.0682046138415245,0.1662591687041564,0.096728307254623,0.3253940455341506,0.8337408312958435,LGBM,PGD_eps0.5_it10,0.3584558823529412,0.1466002464294433,PGD,0.5,10.0,,,,,,,,,123
0.5977328431372549,0.0637065637065637,0.1613691931540342,0.0913494809688581,0.3397548161120841,0.8386308068459658,LGBM,PGD_eps0.5_it25,0.3722426470588235,0.1466002464294433,PGD,0.5,25.0,,,,,,,,,123
0.1556372549019608,0.0553239863584691,0.3569682151589242,0.0958005249343832,0.8732049036777583,0.6430317848410758,LGBM,PGD_eps0.75_it10,0.8091299019607843,0.1466002464294433,PGD,0.75,10.0,,,,,,,,,123
0.140625,0.0523168908819133,0.3422982885085575,0.0907617504051863,0.8882661996497373,0.6577017114914425,LGBM,PGD_eps0.75_it25,0.8241421568627451,0.1466002464294433,PGD,0.75,25.0,,,,,,,,,123
0.8256740196078431,0.3181818181818182,0.3422982885085575,0.3297997644287397,0.1050788091068301,0.6577017114914425,LGBM,CW_c0.0_it10,0.142156862745098,0.1466002464294433,CW,,10.0,0.0,,,,,,,,123
0.8345588235294118,0.330749354005168,0.3129584352078239,0.321608040201005,0.0907180385288966,0.687041564792176,LGBM,CW_c0.5_it10,0.1363357843137254,0.1466002464294433,CW,,10.0,0.5,,,,,,,,123
0.11,0.1578947368421052,0.18,0.1682242990654205,0.96,0.82,LGBM,HopSkipJump_direct,0.9888888888888888,,,,,,100.0,90.0,0.4085327386856079,561.0,0.0,0.0,5.860033988952637,123
0.9240196078431372,0.6716417910447762,0.7701711491442543,0.7175398633257403,0.0539404553415061,0.2298288508557457,XGB,clean,0.0,0.2167868614196777,,,,,,,,,,,,31
0.7405024509803921,0.2008196721311475,0.3594132029339853,0.2576687116564417,0.2049036777583187,0.6405867970660146,XGB,FGSM_eps0.15,0.2310049019607843,0.2167868614196777,FGSM,0.15,1.0,,,,,,,,,31
0.6099877450980392,0.1014760147601476,0.2689486552567237,0.1473543201607501,0.3411558669001751,0.7310513447432763,XGB,FGSM_eps0.3,0.360906862745098,0.2167868614196777,FGSM,0.3,1.0,,,,,,,,,31
0.3333333333333333,0.0645638245441104,0.3202933985330073,0.1074651353568498,0.6647985989492119,0.6797066014669927,XGB,FGSM_eps0.5,0.6372549019607843,0.2167868614196777,FGSM,0.5,1.0,,,,,,,,,31
0.1452205882352941,0.0526118000751597,0.3422982885085575,0.0912052117263843,0.8830122591943957,0.6577017114914425,XGB,FGSM_eps0.75,0.819546568627451,0.2167868614196777,FGSM,0.75,1.0,,,,,,,,,31
0.7827818627450981,0.2572815533980582,0.3887530562347188,0.3096397273612463,0.1607705779334501,0.6112469437652812,XGB,PGD_eps0.15_it10,0.190563725490196,0.2167868614196777,PGD,0.15,10.0,,,,,,,,,31
0.7735906862745098,0.2537313432835821,0.4156479217603912,0.3151065801668211,0.1751313485113835,0.5843520782396088,XGB,PGD_eps0.15_it25,0.1988357843137254,0.2167868614196777,PGD,0.15,25.0,,,,,,,,,31
0.7104779411764706,0.1666666666666666,0.3276283618581907,0.2209398186314921,0.2346760070052539,0.6723716381418093,XGB,PGD_eps0.3_it10,0.2604166666666667,0.2167868614196777,PGD,0.3,10.0,,,,,,,,,31
0.6969975490196079,0.1697038724373576,0.3643031784841076,0.2315462315462315,0.2553415061295972,0.6356968215158925,XGB,PGD_eps0.3_it25,0.2751225490196078,0.2167868614196777,PGD,0.3,25.0,,,,,,,,,31
0.3544730392156863,0.0746492985971944,0.3643031784841076,0.1239085239085239,0.6469352014010508,0.6356968215158925,XGB,PGD_eps0.5_it10,0.609375,0.2167868614196777,PGD,0.5,10.0,,,,,,,,,31
0.3440563725490196,0.0787937743190661,0.3960880195599022,0.1314401622718052,0.6633975481611208,0.6039119804400978,XGB,PGD_eps0.5_it25,0.6197916666666666,0.2167868614196777,PGD,0.5,25.0,,,,,,,,,31
0.2291666666666666,0.0604922820191906,0.3545232273838631,0.1033499643620812,0.7887915936952714,0.6454767726161369,XGB,PGD_eps0.75_it10,0.7401960784313726,0.2167868614196777,PGD,0.75,10.0,,,,,,,,,31
0.2454044117647058,0.0573275862068965,0.3251833740831296,0.0974716013191645,0.7660245183887916,0.6748166259168704,XGB,PGD_eps0.75_it25,0.7242647058823529,0.2167868614196777,PGD,0.75,25.0,,,,,,,,,31
0.7879901960784313,0.27140549273021,0.4107579462102689,0.3268482490272373,0.1579684763572679,0.589242053789731,XGB,CW_c0.0_it10,0.171875,0.2167868614196777,CW,,10.0,0.0,,,,,,,,31
0.8017769607843137,0.2684824902723735,0.3374083129584352,0.2990249187432286,0.1316987740805604,0.6625916870415648,XGB,CW_c0.5_it10,0.1669730392156862,0.2167868614196777,CW,,10.0,0.5,,,,,,,,31
0.12,0.1041666666666666,0.1,0.1020408163265306,0.86,0.9,XGB,HopSkipJump_direct,0.912087912087912,,,,,,100.0,91.0,0.3218919634819031,561.0,0.0,13.0,4.098884105682373,31
0.9319852941176472,0.7073170731707317,0.7799511002444988,0.7418604651162791,0.0462346760070052,0.2200488997555012,LGBM,clean,0.0,0.1511731147766113,,,,,,,,,,,,31
0.8517156862745098,0.3096446700507614,0.1491442542787286,0.2013201320132013,0.0476357267950963,0.8508557457212714,LGBM,FGSM_eps0.15,0.1213235294117647,0.1511731147766113,FGSM,0.15,1.0,,,,,,,,,31
0.6734068627450981,0.0898876404494382,0.1760391198044009,0.1190082644628099,0.2553415061295972,0.823960880195599,LGBM,FGSM_eps0.3,0.2990196078431372,0.1511731147766113,FGSM,0.3,1.0,,,,,,,,,31
0.1973039215686274,0.0526102792391744,0.3178484107579462,0.0902777777777777,0.8199649737302978,0.6821515892420538,LGBM,FGSM_eps0.5,0.7699142156862745,0.1511731147766113,FGSM,0.5,1.0,,,,,,,,,31
0.1369485294117647,0.0463451394122079,0.3007334963325183,0.0803134182174338,0.8865148861646235,0.6992665036674817,LGBM,FGSM_eps0.75,0.8308823529411765,0.1511731147766113,FGSM,0.75,1.0,,,,,,,,,31
0.8599877450980392,0.3867924528301887,0.2004889975550122,0.2640901771336554,0.0455341506129597,0.7995110024449877,LGBM,PGD_eps0.15_it10,0.1139705882352941,0.1511731147766113,PGD,0.15,10.0,,,,,,,,,31
0.8624387254901961,0.4074074074074074,0.2151589242053789,0.2816,0.0448336252189141,0.784841075794621,LGBM,PGD_eps0.15_it25,0.1106004901960784,0.1511731147766113,PGD,0.15,25.0,,,,,,,,,31
0.7576593137254902,0.1476014760147601,0.19559902200489,0.1682439537329127,0.1618213660245183,0.80440097799511,LGBM,PGD_eps0.3_it10,0.2153799019607843,0.1511731147766113,PGD,0.3,10.0,,,,,,,,,31
0.7481617647058824,0.1482112436115843,0.2127139364303178,0.1746987951807229,0.1751313485113835,0.7872860635696821,LGBM,PGD_eps0.3_it25,0.2257965686274509,0.1511731147766113,PGD,0.3,25.0,,,,,,,,,31
0.2377450980392156,0.0604651162790697,0.3496332518337408,0.10310021629416,0.7782837127845884,0.6503667481662592,LGBM,PGD_eps0.5_it10,0.7291666666666666,0.1511731147766113,PGD,0.5,10.0,,,,,,,,,31
0.21875,0.0607304062371768,0.3618581907090464,0.1040056219255094,0.8017513134851139,0.6381418092909535,LGBM,PGD_eps0.5_it25,0.7487745098039216,0.1511731147766113,PGD,0.5,25.0,,,,,,,,,31
0.1642156862745098,0.0497087378640776,0.3129584352078239,0.0857908847184986,0.8570928196147111,0.687041564792176,LGBM,PGD_eps0.75_it10,0.8033088235294118,0.1511731147766113,PGD,0.75,10.0,,,,,,,,,31
0.1553308823529411,0.0481139337952271,0.3056234718826406,0.083139341536415,0.866199649737303,0.6943765281173594,LGBM,PGD_eps0.75_it25,0.8125,0.1511731147766113,PGD,0.75,25.0,,,,,,,,,31
0.8406862745098039,0.3260188087774294,0.254278728606357,0.2857142857142857,0.0753064798598949,0.7457212713936431,LGBM,CW_c0.0_it10,0.1231617647058823,0.1511731147766113,CW,,10.0,0.0,,,,,,,,31
0.8606004901960784,0.3935185185185185,0.2078239608801956,0.272,0.0458844133099824,0.7921760391198044,LGBM,CW_c0.5_it10,0.112438725490196,0.1511731147766113,CW,,10.0,0.5,,,,,,,,31
0.11,0.1320754716981132,0.14,0.1359223300970873,0.92,0.86,LGBM,HopSkipJump_direct,0.967391304347826,,,,,,100.0,92.0,0.410022497177124,562.0,0.0,0.0,5.758835315704346,31
0.9273897058823528,0.6972477064220184,0.7432762836185819,0.7195266272189349,0.0462346760070052,0.2567237163814181,XGB,clean,0.0,0.2022542953491211,,,,,,,,,,,,99
0.7472426470588235,0.1556291390728476,0.2298288508557457,0.1855873642645607,0.1786339754816112,0.7701711491442543,XGB,FGSM_eps0.15,0.2245710784313725,0.2022542953491211,FGSM,0.15,1.0,,,,,,,,,99
0.6519607843137255,0.0892655367231638,0.1931540342298288,0.1221020092735703,0.2823117338003502,0.8068459657701712,XGB,FGSM_eps0.3,0.3195465686274509,0.2022542953491211,FGSM,0.3,1.0,,,,,,,,,99
0.3079044117647059,0.0591039084842707,0.3031784841075794,0.0989230155564419,0.6914185639229422,0.6968215158924206,XGB,FGSM_eps0.5,0.6583946078431373,0.2022542953491211,FGSM,0.5,1.0,,,,,,,,,99
0.1541053921568627,0.0531914893617021,0.3422982885085575,0.0920749753370601,0.8728546409807355,0.6577017114914425,XGB,FGSM_eps0.75,0.8134191176470589,0.2022542953491211,FGSM,0.75,1.0,,,,,,,,,99
0.7573529411764706,0.1669565217391304,0.2347188264058679,0.1951219512195122,0.1677758318739054,0.7652811735941321,XGB,PGD_eps0.15_it10,0.2107843137254902,0.2022542953491211,PGD,0.15,10.0,,,,,,,,,99
0.7435661764705882,0.1707692307692307,0.2713936430317848,0.2096317280453258,0.1887915936952714,0.7286063569682152,XGB,PGD_eps0.15_it25,0.2239583333333333,0.2022542953491211,PGD,0.15,25.0,,,,,,,,,99
0.6308210784313726,0.0888429752066115,0.2102689486552567,0.1249092229484386,0.3089316987740805,0.7897310513447433,XGB,PGD_eps0.3_it10,0.3425245098039216,0.2022542953491211,PGD,0.3,10.0,,,,,,,,,99
0.5879289215686274,0.0828877005347593,0.2273838630806846,0.1214892227302416,0.3604203152364273,0.7726161369193154,XGB,PGD_eps0.3_it25,0.3854166666666667,0.2022542953491211,PGD,0.3,25.0,,,,,,,,,99
0.5107230392156863,0.064516129032258,0.2151589242053789,0.0992667794698251,0.4469352014010508,0.784841075794621,XGB,PGD_eps0.5_it10,0.4656862745098039,0.2022542953491211,PGD,0.5,10.0,,,,,,,,,99
0.4715073529411764,0.0648148148148148,0.2396088019559902,0.1020301926080166,0.4952714535901926,0.7603911980440098,XGB,PGD_eps0.5_it25,0.5027573529411765,0.2022542953491211,PGD,0.5,25.0,,,,,,,,,99
0.1614583333333333,0.0564024390243902,0.3618581907090464,0.0975931421035278,0.8672504378283713,0.6381418092909535,XGB,PGD_eps0.75_it10,0.8060661764705882,0.2022542953491211,PGD,0.75,10.0,,,,,,,,,99
0.1596200980392156,0.0545801526717557,0.3496332518337408,0.0944206008583691,0.8676007005253941,0.6503667481662592,XGB,PGD_eps0.75_it25,0.8079044117647058,0.2022542953491211,PGD,0.75,25.0,,,,,,,,,99
0.7996323529411765,0.2431865828092243,0.2836185819070904,0.2618510158013544,0.1264448336252189,0.7163814180929096,XGB,CW_c0.0_it10,0.1672794117647058,0.2022542953491211,CW,,10.0,0.0,,,,,,,,99
0.796875,0.2190265486725663,0.2420537897310513,0.229965156794425,0.1236427320490367,0.7579462102689487,XGB,CW_c0.5_it10,0.1740196078431372,0.2022542953491211,CW,,10.0,0.5,,,,,,,,99
0.2,0.2413793103448276,0.28,0.2592592592592592,0.88,0.72,XGB,HopSkipJump_direct,0.9753086419753086,,,,,,100.0,81.0,0.5661575794219971,562.0,0.0,2.0,3.961725950241089,99
0.931372549019608,0.720763723150358,0.7383863080684596,0.7294685990338164,0.0409807355516637,0.2616136919315403,LGBM,clean,0.0,0.1296799182891845,,,,,,,,,,,,99
0.7723651960784313,0.13215859030837,0.1466992665036675,0.1390498261877172,0.1380035026269702,0.8533007334963325,LGBM,FGSM_eps0.15,0.1969975490196078,0.1296799182891845,FGSM,0.15,1.0,,,,,,,,,99
0.6911764705882353,0.0678210678210678,0.1149144254278728,0.0852994555353902,0.2262697022767075,0.8850855745721271,LGBM,FGSM_eps0.3,0.2769607843137255,0.1296799182891845,FGSM,0.3,1.0,,,,,,,,,99
0.3841911764705882,0.0525433202906651,0.2298288508557457,0.0855323020928116,0.5936952714535902,0.7701711491442543,LGBM,FGSM_eps0.5,0.5848651960784313,0.1296799182891845,FGSM,0.5,1.0,,,,,,,,,99
0.149203431372549,0.050834597875569,0.3276283618581907,0.0880131362889983,0.8763572679509632,0.6723716381418093,LGBM,FGSM_eps0.75,0.8198529411764706,0.1296799182891845,FGSM,0.75,1.0,,,,,,,,,99
0.7987132352941176,0.1630434782608695,0.1466992665036675,0.1544401544401544,0.1078809106830122,0.8533007334963325,LGBM,PGD_eps0.15_it10,0.1685049019607843,0.1296799182891845,PGD,0.15,10.0,,,,,,,,,99
0.7971813725490197,0.1891891891891892,0.1882640586797066,0.1887254901960784,0.1155866900175131,0.8117359413202934,LGBM,PGD_eps0.15_it25,0.1697303921568627,0.1296799182891845,PGD,0.15,25.0,,,,,,,,,99
0.7264093137254902,0.0870307167235494,0.1246943765281173,0.1025125628140703,0.1873905429071803,0.8753056234718827,LGBM,PGD_eps0.3_it10,0.2441789215686274,0.1296799182891845,PGD,0.3,10.0,,,,,,,,,99
0.6924019607843137,0.0694645441389291,0.1173594132029339,0.0872727272727272,0.2252189141856392,0.882640586797066,LGBM,PGD_eps0.3_it25,0.2772671568627451,0.1296799182891845,PGD,0.3,25.0,,,,,,,,,99
0.5281862745098039,0.049402390438247,0.1515892420537897,0.0745192307692307,0.4178633975481611,0.8484107579462102,LGBM,PGD_eps0.5_it10,0.439031862745098,0.1296799182891845,PGD,0.5,10.0,,,,,,,,,99
0.4871323529411764,0.0504619758351101,0.1735941320293398,0.0781938325991189,0.4679509632224168,0.8264058679706602,LGBM,PGD_eps0.5_it25,0.4816176470588235,0.1296799182891845,PGD,0.5,25.0,,,,,,,,,99
0.1559436274509804,0.0550075872534142,0.3545232273838631,0.0952380952380952,0.8725043782837127,0.6454767726161369,LGBM,PGD_eps0.75_it10,0.8137254901960784,0.1296799182891845,PGD,0.75,10.0,,,,,,,,,99
0.150735294117647,0.0533081285444234,0.3447432762836185,0.0923379174852652,0.8770577933450088,0.6552567237163814,LGBM,PGD_eps0.75_it25,0.8183210784313726,0.1296799182891845,PGD,0.75,25.0,,,,,,,,,99
0.7738970588235294,0.1608247422680412,0.1907090464547677,0.174496644295302,0.1425569176882662,0.8092909535452323,LGBM,CW_c0.0_it10,0.1911764705882352,0.1296799182891845,CW,,10.0,0.0,,,,,,,,99
0.7904411764705882,0.1621621621621621,0.1613691931540342,0.1617647058823529,0.1194395796847635,0.8386308068459658,LGBM,CW_c0.5_it10,0.180453431372549,0.1296799182891845,CW,,10.0,0.5,,,,,,,,99
0.23,0.2857142857142857,0.36,0.3185840707964602,0.9,0.64,LGBM,HopSkipJump_direct,0.9871794871794872,,,,,,100.0,78.0,0.6860193014144897,560.0,0.0,0.0,5.804820775985718,99
